0.0,0,0,0,0,0,0,0,0,0
0.1,0,0,0,0,0,0,0,0,0
0.2,0,0,0,0,0,0,0,0,0
0.3,0,0,0,0,0,0,0,0,0
0.4,0,0,0,0,0,0,0,0,0
0.5,0,0,0,0,0,0,0,0,0
0.6,0,0,0,0,0,0,0,0,0
0.7,0,0,0,0,0,0,0,0,0
0.8,0,0,0,0,0,0,0,0,0
0.9,0,0,0,0,0,0,0,0,0
1.0,0,0,0,0,0,0,0,0,0
1.1,0,0,0,0,0,0,0,0,0
1.2,0,0,0,0,0,0,0,0,0
1.3,0,0,0,0,0,0,0,0,0
1.4,0,0,0,0,0,0,0,0,0
1.5,0,0,0,0,0,0,0,0,0
1.6,0,0,0,0,0,0,0,0,0
1.7,0,0,0,0,0,0,0,0,0
1.8,0,0,0,0,0,0,0,0,0
1.9,0,0,0,0,0,0,0,0,0
2.0,0,0,0,0,0,0,0,0,0
2.1,0,0,0,0,0,0,0,0,0
2.2,0,0,0,0,0,0,0,0,0
2.3,0,0,0,0,0,0,0,0,0
2.4,0,0,0,0,0,0,0,0,0
2.5,0,0,0,0,0,0,0,0,0
2.6,0,0,0,0,0,0,0,0,0
2.7,0,0,0,0,0,0,0,0,0
2.8,0,0,0,0,0,0,0,0,0
2.9,0,0,0,0,0,0,0,0,0
3.0,0,0,0,0,0,0,0,0,0
3.1,0,0,0,0,0,0,0,0,0
3.2,0,0,0,0,0,0,0,0,0
3.3,0,0,0,0,0,0,0,0,0
3.4,0,0,0,0,0,0,0,0,0
3.5,0,0,0,0,0,0,0,0,0
3.6,0,0,0,0,0,0,0,0,0
3.7,0,0,0,0,0,0,0,0,0
3.8,0,0,0,0,0,0,0,0,0
3.9,0,0,0,0,0,0,0,0,0
4.0,0,0,0,0,0,0,0,0,0
4.1,0,0,0,0,0,0,0,0,0
4.2,0,0,0,0,0,0,0,0,0
4.3,0,0,0,0,0,0,0,0,0
4.4,0,0,0,0,0,0,0,0,0
4.5,0,0,0,0,0,0,0,0,0
4.6,0,0,0,0,0,0,0,0,0
4.7,0,0,0,0,0,0,0,0,0
4.8,0,0,0,0,0,0,0,0,0
4.9,0,0,0,0,0,0,0,0,0
5.0,0,0,0,0,0,0,0,0,0
5.1,0,0,0,0,0,0,0,0,0
5.2,0,0,0,0,0,0,0,0,0
5.3,0,0,0,0,0,0,0,0,0
5.4,0,0,0,0,0,0,0,0,0
5.5,0,0,0,0,0,0,0,0,0
5.6,0,0,0,0,0,0,0,0,0
5.7,0,0,0,0,0,0,0,0,0
5.8,0,0,0,0,0,0,0,0,0
5.9,0,0,0,0,0,0,0,0,0
6.0,0,0,0,0,0,0,0,0,0
6.1,0,0,0,0,0,0,0,0,0
6.2,0,0,0,0,0,0,0,0,0
6.3,0,0,0,0,0,0,0,0,0
6.4,0,0,0,0,0,0,0,0,0
6.5,0,0,0,0,0,0,0,0,0
6.6,0,0,0,0,0,0,0,0,0
6.7,0,0,0,0,0,0,0,0,0.0
6.8,0,0,0,0,0,0,0,0,0.0
6.9,0,0,0,0,0,0,0,0,0.0
7.0,0,0,0,0,0,0,0,0,0.0
7.1,0,0,0,0,0,0,0,0,0.0
7.2,0,0,0,0,0,0,0,0,0.0
7.3,0,0,0,0,0,0,0,0,0.0
7.4,0,0,0,0,0,0,0,0,0.0
7.5,0,0,0,0,0,0,0,0.0,0.449997743929
7.6,0,0,0,0,0,0,0,0.0,0.443276527018
7.7,0,0,0,0,0,0,0,0.0,0.436733578442
7.8,0,0,0,0,0,0,0,0.0,0.430361987153
7.9,0,0,0,0,0,0,0,0.0,0.424155194181
8.0,0,0,0,0,0,0,0,0.0,0.418106970494
8.1,0,0,0,0,0,0,0,0.0,0.412211396519
8.2,0,0,0,0,0,0,0,0.0,0.406462843161
8.3,0,0,0,0,0,0,0,0.4555818439,0.801769271738
8.4,0,0,0,0,0,0,0.0,0.449390550309,0.790837958607
8.5,0,0,0,0,0,0,0.0,0.443349072224,0.780170502823
8.6,0,0,0,0,0,0,0.0,0.437452103066,0.769757597378
8.7,0,0,0,0,0,0,0.0,0.431694583537,0.759590366996
8.8,0,0,0,0,0,0,0.0,0.426071687394,0.749660343399
8.9,0,0,0,0,0,0,0.0,0.420578808178,1.11000579946
9.0,0,0,0,0,0,0,0.0,0.41521154685,1.09579815014
9.1,0,0,0,0,0,0,0.0,0.819990274331,1.08191216305
9.2,0,0,0,0,0,0,0.461292156029,0.809743204795,1.06833719691
9.3,0,0,0,0,0,0,0.455658107794,0.799723752815,1.05506307364
9.4,0,0,0,0,0,0,0.450146955831,0.789924517918,1.04208005343
9.5,0,0,0,0,0,0,0.444754769969,0.780338416393,1.37258299551
9.6,0,0,0,0,0,0.0,0.439477785588,0.770958664524,1.35602534587
9.7,0,0,0,0,0,0.0,0.434312394993,1.14273469547,1.33982083563
9.8,0,0,0,0,0,0.0,0.429255139328,1.12926740975,1.32395846003
9.9,0,0,0,0,0,0.0,0.424302700972,1.11608232361,1.30842766572
10.0,0,0,0,0,0,0.0,0.838963120264,1.10317078089,1.29321832781
10.1,0,0,0,0,0,0.0,0.829468943531,1.09052447512,1.59799204583
10.2,0,0,0,0,0,0.0,0.820166639919,1.07813543206,1.57976335323
10.3,0,0,0,0,0,0.0,0.811050523842,1.42140367695,1.56190230165
10.4,0,0,0,0,0,0.0,0.80211513175,1.40555482783,1.54439805794
10.5,0,0,0,0,0,0.462083569386,0.793355211402,1.39002043205,1.52724020924
10.6,0,0,0,0,0,0.457133262564,0.784765711743,1.37479135567,1.81259482701
10.7,0,0,0,0,0,0.45227794803,1.16459180805,1.35985881431,1.79281728637
10.8,0,0,0,0,0,0.447514949208,1.15221076756,1.34521435658,1.77342166997
10.9,0,0,0,0,0,0.442841688987,1.14006508176,1.6636486465,1.75439720118
11.0,0,0,0,0,0,0.438255685149,1.12814818941,1.64604896503,1.73573350378
11.1,0,0,0,0,0,0.433754546037,1.11645377044,1.62878100043,2.00375592216
11.2,0,0,0,0,0.0,0.858731731017,1.10497573497,1.61183559825,1.98280597812
11.3,0,0,0,0,0.0,0.850065993187,1.4583655456,1.59520393701,1.96224422688
11.4,0,0,0,0,0.0,0.84155731573,1.44363096832,1.57887751315,1.94206015699
11.5,0,0,0,0,0.0,0.833201516877,1.42916321825,1.87552040523,2.19694027079
11.6,0,0,0,0,0.0,0.824994561765,1.41495520683,1.85664981141,2.17471873715
11.7,0,0,0,0,0.0,0.816932556045,1.40100009384,1.83811806986,2.15289643022
11.8,0,0,0,0,0.0,0.809011739811,1.38729127664,1.81991627007,2.13146286612
11.9,0,0,0,0,0.0,1.20192234279,1.71737740885,1.80203581038,2.11040792366
12.0,0,0,0,0,0.0,1.19046278849,1.70085110587,2.08198618334,2.35103864205
12.1,0,0,0,0,0.468674336027,1.17920013176,1.68461067264,2.06186535699,2.32818932372
12.2,0,0,0,0,0.464317374531,1.1681294004,1.66864885242,2.04209248462,2.30573522628
12.3,0,0,0,0,0.460033287404,1.15724578794,1.6529586315,2.02265875203,2.28366635601
12.4,0,0,0,0,0.455820281633,1.14654464681,1.63753322907,2.0035556394,2.51340192329
12.5,0,0,0,0,0.451676622464,1.51478126067,1.94695198257,2.26842680213,2.48972348971
12.6,0,0,0,0,0.447600631054,1.5009982314,1.92907316172,2.24734207623,2.46644315899
12.7,0,0,0,0,0.443590682236,1.48744222959,1.91149047411,2.22660909281,2.44355114361
12.8,0,0,0,0,0.879350692408,1.47410775629,1.89419671926,2.20621925407,2.66323839194
12.9,0,0,0,0,0.871596865972,1.4609894884,1.87718492769,2.45953753238,2.63889898733
13.0,0,0,0,0,0.863966745521,1.44808227167,2.17063653474,2.43736265524,2.61495775211
13.1,0,0,0,0,0.856457425526,1.43538111411,2.15144429373,2.41554795865,2.59140515884
13.2,0,0,0,0,0.84906609061,1.77871222127,2.13255945074,2.39408486746,2.80180763438
13.3,0,0,0,0,0.841790012074,1.76335240855,2.11397477509,2.37296507578,2.77695089222
13.4,0,0,0,0.0,0.83462654459,1.748233833,2.09568326058,2.61364909031,2.75249017534
13.5,0,0,0,0.0,1.24143821488,1.73335092064,2.37460582935,2.59093966469,2.72841625237
13.6,0,0,0,0.0,1.23103430876,1.71869826756,2.35436944735,2.56858703531,2.93021653831
13.7,0,0,0,0.0,1.22078917248,2.04522921938,2.33444694542,2.54658298334,2.90496506775
13.8,0,0,0,0.0,1.21069923639,2.0282000466,2.314831171,2.77752305341,2.880105763
13.9,0,0,0,0.0,1.2007610369,2.01143032396,2.29551518667,2.75408017843,2.85562971104
14.0,0,0,0,0.0,1.19097121256,1.994914233,2.5611766465,2.73099665626,3.04944799055
14.1,0,0,0,0.0,1.18132650033,1.9786461276,2.54012036092,2.7082644081,3.02390700289
14.2,0,0,0,0.0,1.56253061835,1.96262052765,2.51938077569,2.93015549068,2.99875299001
14.3,0,0,0,0.47543531059,1.55006367002,2.27142366213,2.49895089029,2.90611854056,2.97397736965
14.4,0,0,0,0.471706108891,1.53777915865,2.25329660349,2.47882390852,2.88244138255,3.16037210228
14.5,0,0,0,0.468029852051,1.52567314832,2.23543591335,2.73234784199,2.85911611598,3.1346317663
14.6,0,0,0,0.464405432093,1.51374181535,2.21783582791,2.71065922115,3.07259068581,3.10927219921
14.7,0,0,0,0.4608317717,1.50198144432,2.20049074814,2.68928731818,3.0480806085,3.29001178164
14.8,0,0,0,0.457307823159,1.86308954587,2.49542783361,2.668225334,3.02392905774,3.2637678901
14.9,0,0,0,0.453832567359,1.8488231896,2.47619205359,2.91233838581,3.00012833791,3.23790592999
15.0,0,0,0,0.900872052263,1.83475885708,2.45723123939,2.88985361696,3.20576014517,3.21241776134
15.1,0,0,0,0.894122290006,1.82089232806,2.43853960104,2.86769019648,3.18088200682,3.38662179196
15.2,0,0,0,0.887464994919,1.80721949882,2.4201115096,2.845841371,3.15635976453,3.360331138
15.3,0,0,0,0.880898297547,1.7937363782,2.40194149169,3.0811737146,3.13218594592,3.33441452068
15.4,0,0,0,0.87442037843,1.78043908374,2.68216977157,3.05802674847,3.33049614459,3.50361599949
15.5,0,0,0,0.868029466434,2.12092225125,2.66231652017,3.03520379285,3.30534122068,3.47696317885
15.6,0,0,0,0.861723837167,2.10542159702,2.64273780907,3.01269817718,3.28053847995,3.45068376566
15.7,0,0,0,0.85550181144,2.09013228558,2.62342804452,2.99050341222,3.25608068467,3.6151445206
15.8,0,0,0,1.27413554005,2.07505006432,2.89388301692,3.21613428996,3.44755006637,3.58819000644
15.9,0,0,0,1.26506277962,2.06017079375,2.87303182953,3.1927678281,3.42219816148,3.56160751528
16.0,0,0,0,1.25610941703,2.38652989495,2.85246365411,3.16971985654,3.39719386467,3.72156853252
16.1,0,0,0,1.24727313116,2.36965427816,2.83217282998,3.14698399043,3.58342649769,3.69436704261
16.2,0,0,0,1.23855166057,2.35300349455,2.81215384606,3.36504064549,3.5575980729,3.66753554858
16.3,0,0,0,1.2299428016,2.33657312206,3.07177523357,3.34123313625,3.53211893847,3.82322430851
16.4,0,0,0,1.22144440657,2.32035885361,3.05036039621,3.31774394628,3.50698216001,3.79582557789
16.5,0,0,0,1.61752026876,2.30435649342,3.02922923432,3.29456681588,3.68714005607,3.76879426617
16.6,0,0,0,1.60649585727,2.61564074718,3.0083762106,3.50552627279,3.66125150305,3.74212315411
16.7,0,0,0.0,1.5956119924,2.59784898202,2.9877959306,3.4813682308,3.63570620961,3.8928711855
16.8,0,0,0.0,1.58486602534,2.58028762757,3.23740151854,3.45752724785,3.81119756496,3.86568467448
16.9,0,0,0.0,1.57425537333,2.56295227858,3.21555534682,3.43399720481,3.7849594084,3.83885548032
17.0,0,0,0.0,1.56377751761,2.5458386412,3.19399188293,3.63829905653,3.75906468065,3.98578977815
17.1,0,0,0.0,1.94190278501,2.84519784015,3.17270573714,3.61387061693,3.73350678457,3.95848875464
17.2,0,0,0.0,1.92915063804,2.82645648409,3.41446972279,3.58975708064,3.90358277053,4.10258345562
17.3,0,0,0.0,1.91655720351,2.80795281424,3.39202025473,3.56595248013,3.87739254185,4.07484790468
17.4,0,0,0.0,1.90411956003,2.78968238116,3.3698566023,3.76400004952,3.85153877078,4.04746952244
17.5,0,0,0.0,1.89183485738,2.77164084561,3.34797340683,3.73937208297,4.01744052657,4.18806723526
17.6,0,0,0.482373844189,1.87970031434,2.75382397507,3.32636544244,3.71505613603,3.99100427868,4.16029216453
17.7,0,0,0.479309036636,1.86771321662,3.04041771185,3.55941592462,3.90829650612,3.96490356683,4.13287021281
17.8,0,0,0.476279800456,2.22718972173,3.02113625033,3.53675065627,3.88321789946,4.12683059283,4.27013597534
17.9,0,0,0.473285525623,2.21317571672,3.00209305991,3.51436776789,3.85845361587,4.10019379618,4.24235235844
18.0,0,0,0.470325615964,2.19933119381,2.98328379689,3.49226208227,3.83399787005,4.07389113596,4.2149175828
18.1,0,0,0.467399488769,2.18565312172,2.96470422233,3.71846869688,4.02164381917,4.23202935076,4.34900906459
18.2,0,0,0.46450657441,2.1721385409,3.24115231238,3.69539039505,3.99648934238,4.20523364444,4.32124526619
18.3,0,0,0.461646315979,2.15878456147,3.22123680215,3.67259536082,3.97164504964,4.17877026298,4.29382584231
18.4,0,0,0.917711365596,2.5033401219,3.20156279305,3.65007848222,3.94710532877,4.15263316898,4.42489225676
18.5,0,0,0.912131656549,2.48815352384,3.18212596865,3.86983927179,4.12948329608,4.30638107273,4.39717428962
18.6,0,0,0.90661501671,2.47314669091,3.16292211459,3.8464272713,4.10430336739,4.27979498421,4.52596606187
18.7,0,0,0.901160391002,2.45831647761,3.42993523775,3.82329855518,4.07942910018,4.25353312303,4.49797654586
18.8,0,0,0.895766747726,2.44365981132,3.40951191048,3.80044808969,4.25773780696,4.40387506332,4.47032811114
18.9,0,0,0.890433077913,2.42917369016,3.38933182736,4.01413569509,4.23227123798,4.37720116631,4.596334102
19.0,0,0,0.885158394708,2.75999796993,3.36939072373,3.99046141241,4.20711089684,4.35084913246,4.56844071764
19.1,0,0,1.32000494144,2.74385222004,3.62897965799,3.96706969511,4.38153697208,4.49794201792,4.54088341917
19.2,0,0,1.3122831946,2.72789375378,3.60791144138,3.94395559788,4.35582921433,4.4712125862,4.66423206872
19.3,0,0,1.30464703096,2.71211936313,3.58709128492,4.15192037431,4.33042778584,4.44480238974,4.63645477021
19.4,0,0,1.29709504535,2.69652591286,3.56651489613,4.12804851011,4.30532735062,4.58879516217,4.7577943366
19.5,0,0,1.28962586315,3.01640059914,3.54617808085,4.10445786639,4.47523866019,4.56204009374,4.72981967295
19.6,0,0,1.28223813946,2.9992847816,3.79748368381,4.08114359428,4.44963773298,4.5356014047,4.70217665417
19.7,0,0,1.27493055836,2.98236481499,3.77611735923,4.28370762129,4.42433755292,4.67663047176,4.82106763762
19.8,0,0,1.69037829429,2.96563739517,3.75499852654,4.25969644817,4.59074796816,4.64987708492,4.79324932744
19.9,0,0,1.6808648043,2.94909929183,3.7341229818,4.23596462973,4.56498626421,4.78868067103,4.91028052085
20.0,0,0,1.67145482282,2.93274734643,3.7134866156,4.21250741956,4.5395247041,4.76163907919,4.88230709573
20.1,0,0,1.66214668137,3.24081633721,3.95706328938,4.40997457071,4.70258899313,4.73491296671,4.85466027555
20.2,0,0,1.65293874705,3.22308362304,3.93548624975,4.38587691799,4.67670238929,4.87098228313,4.96943388074
20.3,0,0,1.64382942167,3.20555017553,3.9141553112,4.36205631841,4.65111501379,4.84399482182,4.9416515671
20.4,0,0,1.63481714079,3.18821270102,3.89306636885,4.33850813242,4.62582184077,4.81731938471,5.05470436409
20.5,0,0,2.03250427491,3.17106797802,4.13053936689,4.53116029371,4.78500479048,4.95077732415,5.0268047884
20.6,0,0,2.02150081953,3.46969142897,4.10858125413,4.50702390736,4.75932484112,4.92386591792,4.99922632235
20.7,0,0,2.01061502278,3.4512788448,4.08687126825,4.48316191552,4.73393797218,4.89726297139,5.11019496102
20.8,0,0,1.99984502227,3.43307076008,4.06540532193,4.67208192761,4.89009779916,5.02822693012,5.0825165627
20.9,0,0,1.98918899465,3.41506384405,4.29710666479,4.64767434312,4.86435616414,5.00141204874,5.19189235694
21.0,0,0,1.97864515462,3.3972548379,4.27483774864,4.62354271604,4.83890625021,5.13048717314,5.16413058519
21.1,0,0,1.96821175395,3.37964055278,4.25281830823,4.59968253064,4.9921772235,5.10348167224,5.13668409466
21.2,0,0,2.3496165523,3.66807016931,4.23104428464,4.78425794892,4.96640287983,5.07678225004,5.24413526058
21.3,0,0,2.3373840643,3.64930522983,4.20951170658,4.75989816364,4.94091868834,5.20355250656,5.21662074194
21.4,0,0,2.32528027658,3.63074541412,4.43477353431,4.73581102628,5.09142633013,5.17668388653,5.32259501055
21.5,0,0,2.31330318847,3.61238744728,4.41250848036,4.71199213807,5.0656462722,5.150117455,5.29502738683
21.6,0,0,2.30145084054,3.59422812378,4.39048964376,4.89246007911,5.0401546175,5.27468372615,5.3995741088
21.7,0,0,2.28972131354,3.87448457414,4.36871308903,4.86818441073,5.18802142739,5.2479682688,5.37196781332
21.8,0,0,2.65795244076,3.85526900665,4.58887498292,4.84417789299,5.16226108094,5.37085831178,5.3446701346
21.9,0,0,2.64457842288,3.83626145956,4.56642334967,5.02145130211,5.13678723087,5.34401225685,5.44750155537
22.0,0,0,2.63134371827,3.81745865962,4.54421823038,4.99702333215,5.28212778759,5.31746528029,5.42017828509
22.1,0,0,2.61824618928,3.79885740197,4.52225573305,4.97286512283,5.25641090541,5.43832038905,5.52168606722
22.2,0,0,2.60528374173,4.07146201902,4.73758765559,5.14708398547,5.23097847935,5.41166110809,5.49435028699
22.3,0,0.0,2.59245432385,4.0518916893,4.71500330237,5.12253795675,5.37390225211,5.38529684228,5.59457682075
22.4,0,0.0,2.57975592519,4.03253137983,4.69266533603,5.09826203621,5.34825105137,5.50420635241,5.56724103904
22.5,0,0.0,2.93411571947,4.01337783368,4.67056991443,5.07425200187,5.32288215516,5.47774707521,5.66622956708
22.6,0,0.0,2.91993059741,3.99442786108,4.88133648847,5.24492554114,5.46349668118,5.59516902239,5.63890595208
22.7,0,0.0,2.90589121289,4.25986697568,4.85866954341,5.22056382991,5.43793222479,5.5686308565,5.61188288987
22.8,0,0.0,2.89199537014,4.24002869071,4.83624848955,5.19646815687,5.41264782591,5.54238412068,5.70939665087
22.9,0,0.0,2.87824091726,4.22040166841,4.81406953994,5.36437372684,5.55105368306,5.65800854443,5.68239645053
23.0,0,0.0,2.86462574518,4.20098268031,5.02051498165,5.33995624631,5.52559573841,5.63169851767,5.77876307258
23.1,0,0.0,3.20773750112,4.46073946197,4.99781165461,5.31580475668,5.50041552739,5.74594326784,5.75179684783
23.2,0,0.489497699176,3.19276337021,4.44049698532,4.97535341369,5.29191519567,5.63670908682,5.71958468199,5.84705354503
23.3,0,0.487136317912,3.1779419071,4.42046963268,4.95313653158,5.45661958635,5.61137623382,5.69351369909,5.82013195846
23.4,0,0.484796105997,3.16327084236,4.40065414832,5.15549557011,5.43244066739,5.58631873064,5.80610363088,5.91431486118
23.5,0,0.482476782155,3.14874795136,4.38104734227,5.13279887991,5.40852349188,5.7205954019,5.77999866874,5.88744814907
23.6,0,0.480178070065,3.13437105321,4.63444985378,5.11034620888,5.57072338788,5.69540539014,5.89130974471,5.98059454688
23.7,0,0.477899698255,3.46703023138,4.61409025363,5.08813389311,5.54654384147,5.82814219611,5.86518431433,5.95379274639
23.8,0,0.475641399994,3.45141202452,4.59394580258,5.28662603967,5.52262570165,5.80283723861,5.83934248537,6.04593475397
23.9,0,0.473402913188,3.43595202554,4.57401329344,5.26397585058,5.6824295442,5.77780681948,5.94912761546,6.01920731717
24.0,0,0.942444174103,3.42064791505,4.55428958304,5.24156839945,5.65827471241,5.90868071328,5.92327861966,5.99276951639
24.1,0,0.938059065223,3.40549741891,4.80174276013,5.21940008871,5.63438082037,5.88355375601,6.03187904117,6.08373645026
24.2,0,0.933713151092,3.72973760589,4.78133241808,5.41423751285,5.79189600225,5.85869876932,6.00603531802,6.05738113397
24.3,0,0.929405911737,3.71344071736,4.76113680289,5.39167119592,5.76779018364,5.98779298501,6.11349218821,6.14742153846
24.4,0,0.925136836336,3.69730879594,4.74115276287,5.36934615908,5.74394472361,5.9628590451,6.08766595182,6.12115763978
24.5,0,0.920905423013,3.68133944585,4.98387576714,5.56133105953,5.72035581287,5.93819449985,6.06211919635,6.21030278662
24.6,0,0.916711178646,3.6655303177,4.96325826806,5.53864024707,5.87523803513,6.06559215368,6.1682226886,6.18413892386
24.7,0,0.912553618676,3.64987910741,4.94285786594,5.51619264622,5.85146397805,6.04086574387,6.14270536656,6.27241926734
24.8,0,1.36275866329,3.96499034768,4.92267140834,5.49398472972,5.8279458411,6.16695810246,6.24775151837,6.24636376232
24.9,0,1.35665036531,3.94829406996,4.90269580459,5.68266899598,5.98076339983,6.14218494166,6.22227496151,6.33380897439
25.0,0,1.35059651656,3.9317661442,5.14014677462,5.66013160501,5.957082904,6.1176798751,6.19707366305,6.30786987001
25.1,0,1.34459639739,3.9154041618,5.1195964108,5.63783564775,5.93365761845,6.24220996447,6.30087445017,6.39451114377
25.2,0,1.33864930074,3.89920576024,5.09926200534,5.6157776715,6.08449988701,6.21767395475,6.27572474268,6.36869642653
25.3,0,1.33275453192,3.88316862202,5.07914047339,5.80134415411,6.06093378995,6.19340341234,6.37855165757,6.45455992928
25.4,0,1.3269114083,4.18980083393,5.31239975285,5.77899118435,6.03762213312,6.31644426133,6.35346433761,6.4288771324
25.5,0,1.76161809466,4.17281313834,5.29175115615,5.7568777938,6.18658167795,6.29215798451,6.45535099233,6.51399264309
25.6,0,1.75398649136,4.15599632936,5.27132022298,5.94000803149,6.16315019152,6.41404807723,6.43033652688,6.48844927619
25.7,0,1.74642306147,4.13934800016,5.2511038806,5.91762798713,6.13997232604,6.38975988077,6.53131573904,6.572841642
25.8,0,1.73892690514,4.12286578944,5.23109911548,5.89548898097,6.28713904119,6.36573566681,6.50638428479,6.54744479054
25.9,0,1.73149713832,4.42265776487,5.45969724978,5.873587648,6.2638618377,6.48625908548,6.48172354238,6.63114249528
26.0,0,1.72413289237,4.40530146299,5.43921813116,6.05391298072,6.24083739696,6.46224714508,6.5816495338,6.60589925134
26.1,0,1.71683331372,4.38812032059,5.41895506572,6.03177686264,6.38629199188,6.43849659241,6.55708145679,6.68892817575
26.2,0,2.13713935407,4.37111189903,5.39890505703,6.00987977331,6.36318766584,6.55772305778,6.65617319551,6.66384544268
26.3,0,2.12820142285,4.3542738055,5.62379538822,5.98821842735,6.34033522315,6.53399877881,6.63170735932,6.74623089958
26.4,0,2.11934355727,4.64764827432,5.60331405333,6.16590115376,6.48416211247,6.65221348951,6.72999523986,6.72131540533
26.5,0,2.11056470404,4.63000853122,5.58305001764,6.1440355264,6.4612488754,6.62852804612,6.70564096764,6.80308216548
26.6,0,2.10186382831,4.61254763612,5.56300030699,6.12240691948,6.43858662996,6.60510246659,6.68155305898,6.7778397487
26.7,0,2.09323991321,4.59526312989,5.78439070947,6.29801606455,6.58086477488,6.72213301019,6.77892380915,6.85821787171
26.8,0,2.0846919595,4.57815259935,5.76395105975,6.27620804638,6.55816021436,6.69875948215,6.75495657644,6.83287543464
26.9,0,2.49162092159,4.56121367619,5.74372977464,6.25463825052,6.5357057538,6.8148612319,6.85081482302,6.91265966967
27.0,0,2.48157365037,4.84765906594,5.72372390694,6.23330349173,6.67651179982,6.79155164032,6.82611924378,6.88750244069
27.1,0,2.47161671451,4.82999706175,5.9418101925,6.40654949128,6.65403294654,6.76850040287,6.92070018042,6.96671416897
27.2,0,2.46174893184,4.8125146293,5.92145393612,6.3850639778,6.63180331331,6.88352520696,6.89538707431,6.94174808139
27.3,0,2.45196914079,4.79520934498,5.90131696738,6.3638146635,6.77121174194,6.85959815753,6.98892644506,7.02041252564
27.4,0,2.44227619992,4.77807882998,5.88139637044,6.53520419333,6.74897513358,6.83593243461,6.96375137488,6.99513585592
27.5,0,2.43266898752,5.05894435982,5.86168928434,6.51382757047,6.72698688839,6.9489438473,6.93884748155,7.07266022703
27.6,0,2.82718565545,5.04115548455,6.07613363635,6.4926882655,6.86507016232,6.92515733388,7.03154805949,7.04703105301
27.7,0,2.8162088905,5.02354894809,6.05612064046,6.47178320073,6.84309190478,7.03647139051,7.00678986661,7.12330441507
27.8,0,2.80533129383,5.00612232548,6.03632486821,6.64107243374,6.82136118733,7.01214089075,7.09837729396,7.09762401328
27.9,0,2.79455157695,4.9888732364,6.01674349314,6.62006730513,6.95819336336,6.98807383653,7.07310251369,7.17280333049
28.0,0,2.78386847371,5.26451256703,6.22828859448,6.59929753099,6.93548603223,7.09836131388,7.16377679105,7.14643893969
28.1,0,2.77328073982,5.24666644409,6.2084375495,6.76693091651,6.91296795398,7.07438914418,7.13865859139,7.22034794329
28.2,0,2.76278715239,5.22900508584,6.18880451087,6.74608308489,7.04748766722,7.18386124094,7.22868021304,7.19378225691
28.3,0,3.14579289738,5.21152607425,6.16938669026,6.72547171193,7.02499834452,7.1599944473,7.20372610736,7.2671700995
28.4,0,3.13405085498,5.19422703557,6.37821058629,6.8915387536,7.00275976802,7.13638894028,7.29304953189,7.24081988445
28.5,0,3.12241555738,5.46497742323,6.35855843238,6.87087110764,7.13519856894,7.24493132611,7.26755851239,7.3137073703
28.6,0,3.11088563022,5.44713962427,6.33912502547,6.8504410251,7.11206948353,7.22144210753,7.35531329579,7.38616710112
28.7,0,3.09945972289,5.42948874388,6.31990761894,6.83024557407,7.0891936193,7.32924059041,7.32922052199,7.35998486845
28.8,0,3.08813650798,5.41202237839,6.52618317716,6.99456044446,7.2203792442,7.30587771482,7.30340252261,7.43197846471
28.9,0,3.46172849703,5.39473816803,6.50676603792,6.97433403008,7.19754987786,7.28216151058,7.38996748696,7.40602722866
29.0,0,3.44925689686,5.66093193064,6.48756837055,6.95434340086,7.17497251122,7.38833504517,7.3643265061,7.47757445046
29.1,0,3.43689999629,5.64316542943,6.46858747357,7.11666386715,7.3050223919,7.36459382394,7.45029448426,7.45185863486
29.2,0,3.42465632834,5.62558778269,6.67247356854,7.0954469792,7.28250635569,7.47005621312,7.42483736886,7.5229788876
29.3,0,3.41252445133,5.60819660815,6.65332609536,7.07447128445,7.41166414607,7.44645289884,7.51022953222,7.49750284679
29.4,0,3.40050294835,5.59098956696,6.63439883735,7.05373382843,7.38922231146,7.42310934116,7.48496275683,7.56821519868
29.5,0,3.38859042669,5.85293733022,6.61568914143,7.21379856382,7.36703331785,7.527780097,7.56980488282,7.54298322583
29.6,0,3.75222100436,5.8353020981,6.81734865263,7.19305213351,7.49516568336,7.50458464699,7.5447350439,7.61330873871
29.7,0,3.73926766596,5.81785749998,6.7985050794,7.17160730131,7.47306518534,7.60851929361,7.62905011176,7.58776033517
29.8,0,3.72643462832,5.80060118149,6.77988250755,7.32926693415,7.45121644353,7.5845728392,7.60418369598,7.6564390567
29.9,0,3.71372037317,5.78353083108,6.76147833559,7.30770754355,7.57838432895,7.5608877822,7.6879942977,7.63044670172
30.0,0,3.70112340826,6.04153104178,6.9610657463,7.28639070309,7.55663816291,7.66325683237,7.66333769244,7.69874378868
30.1,0,3.68864226687,6.02408450973,6.94255964232,7.44271384929,7.53514275254,7.63973071823,7.74666605216,7.7666899663
30.2,0,4.04413941678,6.00683029325,6.92427539725,7.42140549158,7.66140941694,7.74148308556,7.72222555566,7.74093898116
30.3,0,4.03070671938,5.9897660719,6.90621046444,7.40034037351,7.63944969409,7.71812488579,7.8050935487,7.80853365547
30.4,0,4.01740069691,5.97288956752,7.10387639443,7.37951560017,7.61742285205,7.81928749875,7.78087538007,7.78304832694
30.5,0,4.00421976806,6.22723520116,7.08574084364,7.53436755267,7.74190531622,7.79610605697,7.75692265599,7.85030915331
30.6,0,3.99116237866,6.21003319175,7.06782810874,7.51357364496,7.71999551646,7.7731842798,7.83931486041,7.82509328726
30.7,0,3.97822700106,6.19302513265,7.0501357011,7.49302085597,7.69833633521,7.87370950181,7.81559001006,7.89203534881
30.8,0,4.32614727094,6.17620874324,7.24602733088,7.64670570154,7.82196701108,7.85097375404,7.89757131952,7.86709251532
30.9,0,4.31234565014,6.42765279523,7.22754321298,7.62620223407,7.80043807952,7.95096701154,7.87408046615,7.93373499096
31.0,0,4.29867647448,6.41055159757,7.20864481214,7.60594071777,7.77915879802,7.92842565847,7.95567173556,7.90906895694
31.1,0,4.28513811253,6.39364826995,7.18997054638,7.75852603898,7.9019976409,7.90614202503,7.93242095464,7.97542876408
31.2,0,4.27172896083,6.37694053527,7.38270719121,7.73833164704,7.88086203897,8.00557705424,8.0136427687,8.04150711962
31.3,0,4.25844744327,6.36042615834,7.36398799539,7.71838011251,8.00305868497,7.98349700708,7.99063809721,8.0171371263
31.4,0,4.59931503952,6.60871830647,7.34549616295,7.69866871853,7.98116948125,8.08246182355,8.0710005674,8.08296079675
31.5,0,4.58524834574,6.59196704268,7.32640165213,7.85007355804,7.95935550592,8.06059388465,8.04671808638,8.05888033063
31.6,0,4.57131936011,6.57541530136,7.51621657213,7.83045097265,8.07972071957,8.15911349051,8.1248144554,8.12446567019
31.7,0,4.5575264131,6.55906085699,7.4967196377,7.81106956167,8.05806104245,8.13746612221,8.09990751268,8.09966732094
31.8,0,4.54386786382,6.5429015253,7.47745173625,7.96153505914,8.03665402156,8.11607554414,8.17762475848,8.16320529717
31.9,0,4.53034209941,6.78831107201,7.45841030179,7.94226031612,8.15630914141,8.2138211667,8.1523482589,8.13790804922
32.0,0,4.86466338228,6.77196220482,7.6465194307,7.92322787762,8.13506907154,8.19172477331,8.22880083772,8.20119471029
32.1,0,4.85043018748,6.75581461709,7.6274587337,8.07282216721,8.11408072616,8.2884424488,8.20351346682,8.26403391817
32.2,0,4.83633954458,6.73986614046,7.6086275518,8.05294593285,8.23307894217,8.26610084892,8.27960047589,8.23844127583
32.3,0,4.82238975737,6.72411464718,7.59002338172,8.0332060566,8.2122701706,8.24330896989,8.25457530766,8.30061091398
32.4,0,4.80857915876,6.96689387796,7.77656112966,8.01370751514,8.19171231318,8.33839061223,8.33031812426,8.27531797505
32.5,0,4.79490611018,6.95099884096,7.75796568724,8.16124095362,8.31010612989,8.31537529694,8.30528544593,8.33726154544
32.6,0,5.12316812518,6.9353070027,7.73960039372,8.14186660181,8.28974047083,8.40938499214,8.38000573492,8.31227123834
32.7,0,5.10886256869,6.9198162575,7.72146281128,8.12273466,8.40762925814,8.38614491943,8.3548280523,8.37400600086
32.8,0,5.09470407393,7.16052754709,7.90656115938,8.26945753835,8.38746636759,8.47897361149,8.42921775668,8.43516532214
32.9,0,5.08069092886,7.14493078486,7.88846005281,8.25046680369,8.3675557979,8.45547284369,8.40431229138,8.40984056218
33.0,0,5.06682145093,7.12954143004,7.87058990545,8.2317196685,8.48493391895,8.43223652697,8.47831609362,8.4704600184
33.1,0,5.05309398649,7.11435740524,8.05454898741,8.37769673816,8.46513084356,8.52462562903,8.45293043135,8.44534848256
33.2,0,5.3757611597,7.09937667338,8.03673719913,8.35910779126,8.44460599905,8.50163025955,8.52594476232,8.50545320837
33.3,0,5.3614732334,7.33791953074,8.01915972548,8.34076375946,8.56012504363,8.59363600103,8.50083679103,8.48022172014
33.3333333333,0.0,5.34733663338,7.32223730663,8.00181422333,8.48605915052,8.53842125807,8.57088898808,8.57326382768
33.4333333333,0.0,5.33334964208,7.30580378045,8.18456557561,8.4678902936,8.51697436141,8.66253077453,8.54807480775
33.5333333333,0.0,5.31951057171,7.28957844111,8.16730592137,8.44996780568,8.63083886682,8.64003921074,8.62008742734
33.6333333333,0.0,5.30581776362,7.27355916484,8.15028174678,8.43228931264,8.60952684204,8.61781021611,8.59464984257
33.7333333333,0.0,5.62334967778,7.50833950923,8.13349078413,8.57691485197,8.72214017139,8.70911322977,8.66590127089
33.8333333333,0.0,5.609167054,7.49225019097,8.31516138086,8.55943254664,8.7003503218,8.6860957611,8.64075198017
33.9333333333,0.0,5.59513985301,7.47637298273,8.29848379983,8.54219589748,8.67882092342,8.77574734086,8.71173616644
34.0333333333,0.0,5.58126636192,7.46070579316,8.28204311531,8.68628203329,8.79092843333,8.75251661649,8.68687938354
34.1333333333,0.0,5.56754489772,7.69371329564,8.26583713856,8.66925880285,8.76878114354,8.84044529562
34.2333333333,0.496812729345,5.55397380676,7.67801113599,8.4465528388,8.65248305611,8.74552174912,8.81631395575
34.3333333333,0.495196186247,5.86680058329,7.66252518576,8.43048792656,8.79570077239,8.8548763933,8.79245185307
34.4333333333,0.493589854394,5.85280775952,7.6472533921,8.41466160771,8.77816413807,8.83182960482,8.88002020723
34.5333333333,0.49199363788,5.83897437932,7.63219374252,8.39907177635,8.76087455449,8.80904534479,8.85642425885
34.6333333333,0.490407441998,5.8252987442,7.86337825478,8.57823778774,8.74382978438,8.9172641804,8.94366534952
34.7333333333,0.488831173217,5.8117791857,7.84832679455,8.56149522018,8.88503537712,8.89389190565,8.9203420543
34.8333333333,0.487264739166,6.12084954107,7.83349384712,8.54499110608,8.86229219709,9.00091706378,9.00727651601
34.9333333333,0.485708048616,6.10696448849,7.81887744506,8.52872329759,8.83813277664,8.97727613111,8.98423236853
35.0333333333,0.968398012564,6.09324461211,7.80447566083,8.70643828286,8.9715663382,8.95390175759
35.1333333333,0.965337866561,6.07968820698,8.03407509541,8.6903324081,8.94724835975,9.06040923038
35.2333333333,0.96229792089,6.0662935988,8.01972537696,8.67446671185,8.92319556468,9.03726518781
35.3333333333,0.959277978396,6.05305914337,8.00559686438,8.65883912945,9.05575968335,9.01409724989
35.4333333333,0.95627784448,6.35821104908,7.99168768232,8.83581012562,9.03186019337,9.11885321107
35.5333333333,0.953297327058,6.34467743127,8.22005718771,8.8203716251,9.00822547359,9.09467196291
35.6333333333,0.950336236523,6.33131307507,8.20623507294,8.80517534663,9.1399759716,9.07044612036
35.7333333333,0.947394385704,6.31811630961,8.19263912705,8.79021931299,9.11650705062,9.17307205993
35.8333333333,1.41681792407,6.30508549476,8.17926753409,8.96656698943,9.0929792097,9.14804829067
35.9333333333,1.41248337726,6.29221902051,8.16611851809,8.9518276052,9.06922987888,9.25018513385
36.0333333333,1.40817865628,6.59385982733,8.39331631438,8.93586390953,9.19930645847,9.22539266576
36.1333333333,1.40390346212,6.5807596472,8.38029843343,8.9198629786,9.17573030604,9.20087015003
36.2333333333,1.39965749975,6.56783298831,8.36751027972,9.09325624007,9.15241821861
36.3333333333,1.39544047807,6.55507822409,8.35495014491,9.07628038084,9.28176135804
36.4333333333,1.39125210987,6.54249375875,8.34261636058,9.05955207397,9.25863492712
36.5333333333,1.38709211169,6.84137231475,8.56887183796,9.04306917606,9.23577227608
36.6333333333,1.84409280391,6.8286081896,8.55671406872,9.21519163538,9.36443105679
36.7333333333,1.83864831827,6.81602371873,8.54479016548,9.19891790807,9.34176609886
36.8333333333,1.83324283324,6.80361729906,8.53309853655,9.18289338372,9.31895864227
36.9333333333,1.82787595097,6.79138735894,8.75866040217,9.16550893597,9.44576185085
37.0333333333,1.82254727904,6.77933235758,8.74718130047,9.3328360094,9.42235053817
37.1333333333,1.8172564304,7.07543568807,8.73594236566,9.31194527245,9.39920408703
37.2333333333,1.81200302323,7.06326576368,8.72494209204,9.2913081427,9.37631968457
37.3333333333,2.2586362015,7.05128032909,8.7141790148,9.27092208862,9.50241731826
37.4333333333,2.25219277754,7.0394778473,8.93921335489,9.43591923246,9.47974094907
37.5333333333,2.24579753302,7.02785681288,8.92870913351,9.41472906626,9.45654981684
37.6333333333,2.23944997007,7.32181868632,8.91787980706,9.39379425285,9.58073642437
37.7333333333,2.23314959778,7.31013642069,8.90621046598,9.55716191459,9.55567470005
37.8333333333,2.22689593207,7.29864543935,8.89477724933,9.53638378989
37.9333333333,2.2206884956,7.28734425114,9.11770928558,9.51586332829
38.0333333333,2.21452681763,7.27623139727,9.1065250572,9.49559801265
38.1333333333,2.6502859146,7.2653054508,9.09558502827,9.65807716835
38.2333333333,2.64303753874,7.55721599327,9.08488777316,9.63798963916
38.3333333333,2.63584560512,7.54629426521,9.07443190656,9.61815974622
38.4333333333,2.62870952929,7.53556961746,9.29699579719,9.59858505748
38.5333333333,2.62162873512,7.52504065005,9.28683430633,9.76027363652
38.6333333333,2.61460265464,7.51470599581,9.27692278864,9.74089750133
38.7333333333,2.60763072788,7.50437356551,9.26725996062,9.72177926162
38.8333333333,3.03436949681,7.79263012888,9.25784457977,9.70291657256
38.9333333333,3.02640103514,7.78056787166,9.48027564368,9.8639219462
39.0333333333,3.01849745266,7.76870419848,9.47120239581,9.84438844979
39.1333333333,3.01065807815,7.75703760612,9.46238575599,9.82396044354
39.2333333333,3.0028822501,7.74556662402,9.45382459657,9.80379125359
39.3333333333,2.99516931651,8.03214233242,9.44406005725,9.96204889921
39.4333333333,2.98751863478,8.02070838404,9.66207353044,9.94190191488
39.5333333333,3.40585101848,8.00948015542,9.64955305308,9.92033336368
39.6333333333,3.39729193808,7.99845620737,9.63624070869,9.8990259609
39.7333333333,3.38880586665,7.98763513428,9.62317508627,10.0546571323
39.8333333333,3.38039205425,7.97701556362,9.61035455697,10.0335500624
39.9333333333,3.37204976201,8.26206579813,9.82669607678,10.0127062179
40.0333333333,3.36377826187,8.25154700786,9.81282822493
40.1333333333,3.35557683646,8.2412402675,9.7980976003
40.2333333333,3.34744477885,8.2311442495,9.78361500552
40.3333333333,3.75708334724,8.22125766048,9.76937866023
40.4333333333,3.74814079217,8.50522362145,9.98235444945
40.5333333333,3.73927828229,8.49549163912,9.96607858863
40.6333333333,3.73049501046,8.48598013498,9.95005343253
40.7333333333,3.72179018162,8.47668787423,9.93427703626
40.8333333333,3.71316301253,8.46761365746,9.91874749544
40.9333333333,3.70461273163,8.45875632021,10.1289477804
41.0333333333,4.10712101256,8.74190292933,10.1136415688
41.1333333333,4.09784534742,8.73326728887,10.09858884
41.2333333333,4.08865729745,8.72486019214,10.0828057541
41.3333333333,4.07955599726,8.71668055014,10.0660375146
41.4333333333,4.07054059467,8.70872731038,10.2732460071
41.5333333333,4.06161025051,8.70099945654,10.2566824402
41.6333333333,4.45831125332,8.98370933888,10.240372517
41.7333333333,4.44872789069,8.97627211031,10.2243142919
41.8333333333,4.43924048629,8.96907266009,10.2085058598
41.9333333333,4.42984811282,8.96211006634,10.4149422399
42.0333333333,4.4205498575,8.95538344524,10.3993728955
42.1333333333,4.41134482182,8.94889195072,10.3837027422
42.2333333333,4.40223212131,9.23156385042,10.3660072826
42.3333333333,4.79288624937,9.22543509736,10.3485641047
42.4333333333,4.78320330569,9.21955471656,10.5515931831
42.5333333333,4.77362369736,9.21392197823,10.5343655323
42.6333333333,4.76414646021,9.20853619267,10.5173961222
42.7333333333,4.75477064562,9.20339671001,10.5006829498
42.8333333333,4.74549532023,9.48643290508,10.4842240528
42.9333333333,4.73631956572,9.48173131767,10.686508751
43.0333333333,5.12150005971,9.47580470025,10.6698678759
43.1333333333,5.11183654826,9.46948968052,10.6501371885
43.2333333333,5.10228374822,9.46342012246,10.6306577415
43.3333333333,5.092840671,9.45759529988
43.4333333333,5.0835063445,9.73893603096
43.5333333333,5.07427981283,9.73353217143
43.6333333333,5.06516013608,9.72838692933
43.7333333333,5.44543733848,9.7234997083
43.8333333333,5.43591259121,9.71886995306
43.9333333333,5.42650602935,9.71449714921
44.0333333333,5.41721665319,9.99647941986
44.1333333333,5.40804348045,9.99260241756
44.2333333333,5.39898554601,9.98899733294
44.3333333333,5.39004190159,9.9856638083
44.4333333333,5.76597853903,9.98131318482
44.5333333333,5.75671258394,9.97614814299
44.6333333333,5.74757250278,10.256622374
44.7333333333,5.73855729906,10.2519303846
44.8333333333,5.72966599465,10.2475082421
44.9333333333,5.72089762953,10.2381760096
45.0333333333,6.09342972876,10.2279524445
45.1333333333,6.08440943644,10.2179729033
45.2333333333,6.07552404971,10.492271287
45.3333333333,6.06677257126,10.4826082537
45.4333333333,6.05815402338,10.4732013881
45.5333333333,6.04966744773,10.4640495622
45.6333333333,6.04131190501,10.455151686
45.7333333333,6.41056138104,10.4465067073
45.8333333333,6.40203860527,10.7187344007
45.9333333333,6.39365922529,10.7076811293
46.0333333333,6.38542227878,10.6968824637
46.1333333333,6.37732682411,10.6863371302
46.2333333333,6.36937194002,10.6760438925
46.3333333333,6.36155672541,10.6660015511
46.4333333333,6.72808575944,10.6562089429
46.5333333333,6.72018891173,10.9273461763
46.6333333333,6.71244459349,10.9179054597
46.7333333333,6.70485189645,10.9087268519
46.8333333333,6.69740993421,10.8972855401
46.9333333333,6.69011784197,10.8854647251
47.0333333333,7.05466749546,10.8738930613
47.1333333333,7.04736806052,11.141561564
47.2333333333,7.04023197503,11.1302971442
47.3333333333,7.03325838286,11.119293557
47.4333333333,7.02644645143,11.1085495256
47.5333333333,7.01979537146,11.0980638105
47.6333333333,7.01330435669,11.0878352094
47.7333333333,7.37621869916,11.0778625567
47.8333333333,7.36981056658,11.3453571571
47.9333333333,7.36357669906,11.3357584758
48.0333333333,7.35751633928,11.3264281862
48.1333333333,7.35162875516,11.3173652161
48.2333333333,7.34591323961,11.3083354365
48.3333333333,7.34036911032,11.2972527754
48.4333333333,7.70224850915,11.2843573143
48.5333333333,7.69688119511,11.5458762121
48.6333333333,7.69170033527,11.5319655586
48.7333333333,7.68670529961,11.5183005426
48.8333333333,7.68189548543,11.5047232449
48.9333333333,7.67727031716
49.0333333333,8.03865094513
49.1333333333,8.03428369172
49.2333333333,8.03011714406
49.3333333333,8.02615080277
49.4333333333,8.02238419857
49.5333333333,8.01881689212
49.6333333333,8.01544847389
49.7333333333,8.37694859653
49.8333333333,8.37282129571
49.9333333333,8.36746899053
50.0333333333,8.36231694545
50.1333333333,8.35736454956
50.2333333333,8.3526112209
50.3333333333,8.34805640618
50.4333333333,8.70697120344
50.5333333333,8.70273302429
50.6333333333,8.69871003843
50.7333333333,8.69490178122
50.8333333333,8.69130781997
50.9333333333,8.6879277537
51.0333333333,8.6847612131
51.1333333333,9.04405982007
51.2333333333,9.04131002656
51.3333333333,9.03879172988
51.4333333333,9.03650468201
51.5333333333,9.0344486704
51.6333333333,9.03262351788
51.7333333333,9.03102908263
51.8333333333,9.39137026837
51.9333333333,9.39029956981
52.0333333333,9.38947908781
52.1333333333,9.38890884063
52.2333333333,9.38858888657
52.3333333333,9.38851932398
52.4333333333,9.38870029135
52.5333333333,9.38913196739
52.6333333333,9.75157690081
52.7333333333,9.75266659988
52.8333333333,9.75402847838
52.9333333333,9.75566292686
53.0333333333,9.75757038198
53.1333333333,9.7597513267
53.2333333333,9.7622062905
53.3333333333,10.1271823205
53.4333333333,10.1304177835
53.5333333333,10.133950916
53.6333333333,10.1377825159
53.7333333333,10.1419134351
53.8333333333,10.1463445796
53.9333333333,10.1510769101
54.0333333333,10.1561114426
54.1333333333,10.5250012531
54.2333333333,10.5309734391
54.3333333333,10.5372743336
54.4333333333,10.5439052981
54.5333333333,10.550867759
54.6333333333,10.5580299943
54.7333333333,10.5626574612
54.8333333333,10.5675882262
54.9333333333,10.9380876154
55.0333333333,10.9439544826
55.1333333333,10.950151183
55.2333333333,10.9566790213
55.3333333333,10.9635393647
55.4333333333,10.9707336436
55.5333333333,10.9782633522
55.6333333333,10.9861300493
55.7333333333,11.358660514
55.8333333333,11.3615906675
55.9333333333,11.361930491
56.0333333333,11.3593027484
56.1333333333,11.3569437151
56.2333333333,11.3548532173
56.3333333333,11.350589151
56.4333333333,11.3455267593
56.5333333333,11.3407085982
56.6333333333,11.7025501768
56.7333333333,11.6982230143
56.8333333333,11.6941596692
56.9333333333,11.6903597513
57.0333333333,11.6868229063
57.1333333333,11.683548815
57.2333333333,11.6805371939
57.3333333333,11.6777877948
57.4333333333,11.6753004046
57.5333333333,12.0386404219
57.6333333333,12.036765675
57.7333333333,12.035174242
57.8333333333,12.0338660676
57.9333333333,12.0315591708
58.0333333333,12.0292027738
58.1333333333,12.0271158632
58.2333333333,12.0252983199
58.3333333333,12.0237500608
58.4333333333,12.3875626497
58.5333333333,12.3866742819
58.6333333333,12.3860773132
58.7333333333,12.3857718338
58.8333333333,12.3857579751
58.9333333333,12.3860359098
59.0333333333,12.3866058519
59.1333333333,12.3874680571
59.2333333333,12.3886228223
59.3333333333,12.7520705285
59.4333333333,12.7504951953
59.5333333333,12.7492196399
59.6333333333,12.7482438617
59.7333333333,12.7475679025
59.8333333333,12.7471918464
59.9333333333,12.7471158199
