0.0,0,0,0,0,0,0,0,0
0.1,0,0,0,0,0,0,0,0
0.2,0,0,0,0,0,0,0,0
0.3,0,0,0,0,0,0,0,0
0.4,0,0,0,0,0,0,0,0
0.5,0,0,0,0,0,0,0,0
0.6,0,0,0,0,0,0,0,0
0.7,0,0,0,0,0,0,0,0
0.8,0,0,0,0,0,0,0,0
0.9,0,0,0,0,0,0,0,0
1.0,0,0,0,0,0,0,0,0
1.1,0,0,0,0,0,0,0,0
1.2,0,0,0,0,0,0,0,0
1.3,0,0,0,0,0,0,0,0
1.4,0,0,0,0,0,0,0,0
1.5,0,0,0,0,0,0,0,0
1.6,0,0,0,0,0,0,0,0
1.7,0,0,0,0,0,0,0,0
1.8,0,0,0,0,0,0,0,0
1.9,0,0,0,0,0,0,0,0
2.0,0,0,0,0,0,0,0,0
2.1,0,0,0,0,0,0,0,0
2.2,0,0,0,0,0,0,0,0
2.3,0,0,0,0,0,0,0,0
2.4,0,0,0,0,0,0,0,0
2.5,0,0,0,0,0,0,0,0
2.6,0,0,0,0,0,0,0,0
2.7,0,0,0,0,0,0,0,0
2.8,0,0,0,0,0,0,0,0
2.9,0,0,0,0,0,0,0,0
3.0,0,0,0,0,0,0,0,0
3.1,0,0,0,0,0,0,0,0
3.2,0,0,0,0,0,0,0,0
3.3,0,0,0,0,0,0,0,0
3.4,0,0,0,0,0,0,0,0
3.5,0,0,0,0,0,0,0,0
3.6,0,0,0,0,0,0,0,0
3.7,0,0,0,0,0,0,0,0
3.8,0,0,0,0,0,0,0,0
3.9,0,0,0,0,0,0,0,0
4.0,0,0,0,0,0,0,0,0
4.1,0,0,0,0,0,0,0,0
4.2,0,0,0,0,0,0,0,0
4.3,0,0,0,0,0,0,0,0
4.4,0,0,0,0,0,0,0,0
4.5,0,0,0,0,0,0,0,0
4.6,0,0,0,0,0,0,0,0
4.7,0,0,0,0,0,0,0,0
4.8,0,0,0,0,0,0,0,0
4.9,0,0,0,0,0,0,0,0
5.0,0,0,0,0,0,0,0,0
5.1,0,0,0,0,0,0,0,0
5.2,0,0,0,0,0,0,0,0
5.3,0,0,0,0,0,0,0,0
5.4,0,0,0,0,0,0,0,0
5.5,0,0,0,0,0,0,0,0
5.6,0,0,0,0,0,0,0,0
5.7,0,0,0,0,0,0,0,0
5.8,0,0,0,0,0,0,0,0
5.9,0,0,0,0,0,0,0,0
6.0,0,0,0,0,0,0,0,0
6.1,0,0,0,0,0,0,0,0
6.2,0,0,0,0,0,0,0,0
6.3,0,0,0,0,0,0,0,0
6.4,0,0,0,0,0,0,0,0
6.5,0,0,0,0,0,0,0,0
6.6,0,0,0,0,0,0,0,0
6.7,0,0,0,0,0,0,0,0
6.8,0,0,0,0,0,0,0,0
6.9,0,0,0,0,0,0,0,0
7.0,0,0,0,0,0,0,0,0
7.1,0,0,0,0,0,0,0,0
7.2,0,0,0,0,0,0,0,0
7.3,0,0,0,0,0,0,0,0
7.4,0,0,0,0,0,0,0,0
7.5,0,0,0,0,0,0,0,0
7.6,0,0,0,0,0,0,0,0
7.7,0,0,0,0,0,0,0,0
7.8,0,0,0,0,0,0,0,0
7.9,0,0,0,0,0,0,0,0
8.0,0,0,0,0,0,0,0,0
8.1,0,0,0,0,0,0,0,0
8.2,0,0,0,0,0,0,0,0
8.3,0,0,0,0,0,0,0,0
8.4,0,0,0,0,0,0,0,0
8.5,0,0,0,0,0,0,0,0
8.6,0,0,0,0,0,0,0,0
8.7,0,0,0,0,0,0,0,0
8.8,0,0,0,0,0,0,0,0
8.9,0,0,0,0,0,0,0,0
9.0,0,0,0,0,0,0,0,0
9.1,0,0,0,0,0,0,0,0
9.2,0,0,0,0,0,0,0,0
9.3,0,0,0,0,0,0,0,0
9.4,0,0,0,0,0,0,0,0
9.5,0,0,0,0,0,0,0,0
9.6,0,0,0,0,0,0,0,0
9.7,0,0,0,0,0,0,0,0
9.8,0,0,0,0,0,0,0,0
9.9,0,0,0,0,0,0,0,0
10.0,0,0,0,0,0,0,0,0
10.1,0,0,0,0,0,0,0,0
10.2,0,0,0,0,0,0,0,0
10.3,0,0,0,0,0,0,0,0
10.4,0,0,0,0,0,0,0,0
10.5,0,0,0,0,0,0,0,0
10.6,0,0,0,0,0,0,0,0
10.7,0,0,0,0,0,0,0,0
10.8,0,0,0,0,0,0,0,0
10.9,0,0,0,0,0,0,0,0
11.0,0,0,0,0,0,0,0,0
11.1,0,0,0,0,0,0,0,0
11.2,0,0,0,0,0,0,0,0
11.3,0,0,0,0,0,0,0,0
11.4,0,0,0,0,0,0,0,0
11.5,0,0,0,0,0,0,0,0
11.6,0,0,0,0,0,0,0,0
11.7,0,0,0,0,0,0,0,0
11.8,0,0,0,0,0,0,0,0
11.9,0,0,0,0,0,0,0,0
12.0,0,0,0,0,0,0,0,0
12.1,0,0,0,0,0,0,0,0
12.2,0,0,0,0,0,0,0,0
12.3,0,0,0,0,0,0,0,0
12.4,0,0,0,0,0,0,0,0
12.5,0,0,0,0,0,0,0,0
12.6,0,0,0,0,0,0,0,0
12.7,0,0,0,0,0,0,0,0
12.8,0,0,0,0,0,0,0,0
12.9,0,0,0,0,0,0,0,0
13.0,0,0,0,0,0,0,0,0
13.1,0,0,0,0,0,0,0,0
13.2,0,0,0,0,0,0,0,0
13.3,0,0,0,0,0,0,0,0
13.4,0,0,0,0,0,0,0,0
13.5,0,0,0,0,0,0,0,0
13.6,0,0,0,0,0,0,0,0
13.7,0,0,0,0,0,0,0,0
13.8,0,0,0,0,0,0,0,0
13.9,0,0,0,0,0,0,0,0
14.0,0,0,0,0,0,0,0,0
14.1,0,0,0,0,0,0,0,0
14.2,0,0,0,0,0,0,0,0
14.3,0,0,0,0,0,0,0,0
14.4,0,0,0,0,0,0,0,0
14.5,0,0,0,0,0,0,0,0
14.6,0,0,0,0,0,0,0,0
14.7,0,0,0,0,0,0,0,0
14.8,0,0,0,0,0,0,0,0
14.9,0,0,0,0,0,0,0,0
15.0,0,0,0,0,0,0,0,0
15.1,0,0,0,0,0,0,0,0
15.2,0,0,0,0,0,0,0,0
15.3,0,0,0,0,0,0,0,0
15.4,0,0,0,0,0,0,0,0
15.5,0,0,0,0,0,0,0,0
15.6,0,0,0,0,0,0,0,0
15.7,0,0,0,0,0,0,0,0
15.8,0,0,0,0,0,0,0,0
15.9,0,0,0,0,0,0,0,0
16.0,0,0,0,0,0,0,0,0
16.1,0,0,0,0,0,0,0,0
16.2,0,0,0,0,0,0,0,0
16.3,0,0,0,0,0,0,0,0
16.4,0,0,0,0,0,0,0,0
16.5,0,0,0,0,0,0,0,0
16.6,0,0,0,0,0,0,0,0
16.6666666667,-4.4408920985e-16,-4.4408920985e-16,-4.4408920985e-16,-4.4408920985e-16,-4.4408920985e-16,-4.4408920985e-16,-4.4408920985e-16,-4.4408920985e-16
16.7666666667,1.33226762955e-15,1.33226762955e-15,1.33226762955e-15,1.33226762955e-15,1.33226762955e-15,1.33226762955e-15,1.33226762955e-15,1.33226762955e-15
16.8666666667,0.0,0.0,0.0,0.0,0.0,0.0,0.0,0.0
16.9666666667,-4.4408920985e-16,-4.4408920985e-16,-4.4408920985e-16,-4.4408920985e-16,-4.4408920985e-16,-4.4408920985e-16,-4.4408920985e-16,-4.4408920985e-16
17.0666666667,0.0,0.0,0.0,0.0,0.0,0.0,0.0,0.0
17.1666666667,8.881784197e-16,8.881784197e-16,8.881784197e-16,8.881784197e-16,8.881784197e-16,8.881784197e-16,8.881784197e-16,8.881784197e-16
17.2666666667,-8.881784197e-16,-8.881784197e-16,-8.881784197e-16,-8.881784197e-16,-8.881784197e-16,-8.881784197e-16,-8.881784197e-16,-8.881784197e-16
17.3666666667,-1.7763568394e-15,-1.7763568394e-15,-1.7763568394e-15,-1.7763568394e-15,-1.7763568394e-15,-1.7763568394e-15,-1.7763568394e-15,0.000343689554602
17.4666666667,-1.7763568394e-15,-1.7763568394e-15,-1.7763568394e-15,-1.7763568394e-15,-1.7763568394e-15,-1.7763568394e-15,0.000350226148626,0.000411826379566
17.5666666667,-8.881784197e-16,-8.881784197e-16,-8.881784197e-16,-8.881784197e-16,-8.881784197e-16,0.000337214535793,0.000418978725752,0.000486120726135
17.6666666667,-8.881784197e-16,-8.881784197e-16,-8.881784197e-16,-8.881784197e-16,0.000299657502477,0.000404735608598,0.000493888824479,0.000566572594303
17.7666666667,-8.881784197e-16,-8.881784197e-16,-8.881784197e-16,-8.881784197e-16,0.000363484062324,0.000478414203007,0.000574956444808,0.000653181984073
17.8666666667,-1.7763568394e-15,-1.7763568394e-15,-1.7763568394e-15,-1.7763568394e-15,0.00043346814377,0.000558250319014,0.000662181586737,0.000745948895442
17.9666666667,-1.7763568394e-15,-1.7763568394e-15,-1.7763568394e-15,0.000343689554601,0.000509609746818,0.000644243956625,0.000755564250269,0.00118856288301
18.0666666667,-8.881784197e-16,-8.881784197e-16,-8.881784197e-16,0.000411826379568,0.000591908871466,0.000736395115834,0.00115476193788,0.00136178166256
18.1666666667,-8.881784197e-16,-8.881784197e-16,-8.881784197e-16,0.000486120726135,0.000680365517716,0.000834703796645,0.00132428620446,0.0015473154853
18.2666666667,-1.7763568394e-15,-1.7763568394e-15,-1.7763568394e-15,0.000566572594304,0.000774979685569,0.000939169999057,0.00150612551424,0.00174516435124
18.3666666667,-8.881784197e-16,-8.881784197e-16,0.000350226148624,0.000653181984074,0.00087575137502,0.0014000198717,0.00170027986722,0.00195532826039
18.4666666667,0.0,0.0,0.000418978725751,0.000745948895444,0.000982680586071,0.00158555369444,0.00190674926341,0.00217780721273
18.5666666667,-2.6645352591e-15,-2.6645352591e-15,0.00049388882448,0.000844873328414,0.00109576731873,0.00178340256038,0.00212553370279,0.00276282735691
18.6666666667,-8.881784197e-16,-8.881784197e-16,0.000574956444809,0.000949955282988,0.00155870112758,0.00199356646953,0.00235663318538,0.00307868897279
18.7666666667,-1.7763568394e-15,-1.7763568394e-15,0.000662181586739,0.00106119475916,0.00175223972841,0.00221604542187,0.002924496935,0.00341302315347
18.8666666667,0.0,0.0,0.00075556425027,0.00117859175693,0.00195809337243,0.00245083941742,0.00324651607247,0.00376582989895
18.9666666667,-1.7763568394e-15,-1.7763568394e-15,0.0008551044354,0.00130214627631,0.00217626205966,0.00269794845618,0.00358700777476,0.00413710920924
19.0666666667,0.0,0.000311930212719,0.000960802142135,0.00174378853001,0.00240674579009,0.00326930275085,0.00394597204184,0.00483879129705
19.1666666667,0.0,0.000376988276885,0.00107265737047,0.00194471615675,0.00264954456371,0.00360609994017,0.00432340887373,0.00531207380111
19.2666666667,-8.881784197e-16,0.000448203862652,0.0011906701204,0.0021579588267,0.00290465838055,0.0039613696943,0.00471931827042,0.00580998639157
19.3666666667,-8.881784197e-16,0.000525576970017,0.00131484039194,0.00238351653985,0.00317208724058,0.00433511201322,0.00543946330191,0.00633252906844
19.4666666667,0.0,0.00060910759899,0.00144516818507,0.0026213892962,0.003745444654,0.00472732689696,0.00593676014021,0.00687970183171
19.5666666667,0.0,0.000698795749557,0.00158165349981,0.00287157709575,0.00410071440813,0.00513801434549,0.00645868706492,0.00745150468139
19.6666666667,8.881784197e-16,0.000794641421729,0.00172429633615,0.0031340799385,0.00447445672706,0.00556717435883,0.00700524407603,0.0083981637661
19.7666666667,-1.7763568394e-15,0.000896644615501,0.00217275419657,0.00340889782446,0.00486667161079,0.00631446443945,0.00757643117355,0.00908797936571
19.8666666667,0.0,0.00100480533088,0.00239153863596,0.00369603075362,0.00527735905932,0.00684439614223,0.00817224835747,0.00980858257333
19.9666666667,0.0,0.00111912356785,0.00262263811855,0.00399547872598,0.00570651907266,0.00739895793143,0.00909235313027,0.0105599733889
20.0666666667,0.0,0.00123959932643,0.00286605264434,0.00430724174154,0.0061541516508,0.00797814980703,0.00980125704685,0.0113421518126
20.1666666667,-3.5527136788e-15,0.0013662326066,0.00312178221333,0.0049685343361,0.00662025679374,0.00858197176903,0.0105409485714,0.0124859189364
20.2666666667,0.0,0.00149902340838,0.00338982682552,0.00537244851087,0.00710483450149,0.00921042381743,0.011311427704,0.0133965778967
20.3666666667,-8.881784197e-16,0.00163797173176,0.00367018648092,0.00579483525045,0.00793868586624,0.00986350595224,0.0121126944446,0.0143441819866
20.4666666667,0.0,0.00178307757674,0.00396286117952,0.00623569455483,0.00852711402424,0.0108469812434,0.0129447487932,0.0153287312061
20.5666666667,-1.7763568394e-15,0.00193434094331,0.00426785092132,0.00669502642401,0.00914017226864,0.0116137658631,0.0141133538198,0.0163502255552
20.6666666667,-2.6645352591e-15,0.0020917618315,0.00458515570633,0.00717283085799,0.00977786059945,0.0124113380907,0.0150714256964,0.0177331142577
20.7666666667,-8.881784197e-16,0.00225534024128,0.00491477553453,0.00766910785678,0.0104401790167,0.0132396979263,0.0160664427026,0.0188947884345
20.8666666667,0.0,0.00242507617267,0.00525671040594,0.00818385742038,0.0111271275203,0.01409884537,0.0170984048384,0.0200995652625
20.9666666667,-1.7763568394e-15,0.00260096962565,0.00561096032055,0.00871707954877,0.0118387061103,0.0149887804216,0.0181673121039,0.0213474447417
21.0666666667,-1.7763568394e-15,0.00278302060023,0.00597752527836,0.00926877424197,0.0125749147867,0.0159095030813,0.0192731644989,0.0226384268722
21.1666666667,0.000330801092201,0.00330203018862,0.00668720637158,0.0101697425922,0.0136602027734,0.0171854625728,0.0207404112474,0.0242969608776
21.2666666667,0.000397706412846,0.00356330152706,0.00714530673644,0.0108252877356,0.0145119611911,0.0182340500169,0.0219864434701,0.0257404378789
21.3666666667,0.000470769255092,0.00383688790869,0.0076218796661,0.0115054629655,0.0153945072168,0.0193195825906,0.023275578344,0.0272331750531
21.4666666667,0.000549989618943,0.00412278933353,0.00811692516057,0.0122102682817,0.0163078408505,0.020442060294,0.0246078158692,0.0287751724
21.5666666667,0.00063536750439,0.00442100580157,0.00863044321984,0.0129397036844,0.0172519620923,0.021601483127,0.0259831560456,0.0303664299198
21.6666666667,0.000726902911441,0.00473153731281,0.00916243384392,0.0136937691735,0.018226870942,0.0227978510895,0.0274015988731,0.0323377487045
21.7666666667,0.000824595840093,0.00505438386726,0.00971289703279,0.0144724647489,0.0192325673998,0.0243308216842,0.0292133705005,0.0340944318905
21.8666666667,0.000928446290345,0.0053895454649,0.0102818327865,0.0152757904108,0.0202690514655,0.0256649064658,0.0307867712076,0.0359065327709
21.9666666667,0.0010384542622,0.00573702210575,0.010869241105,0.0161037461591,0.0216800126939,0.0270420938987,0.0324094320875,0.0377740513458
22.0666666667,0.00115461975566,0.0060968137898,0.0114751219882,0.017249945504,0.0228462088006,0.0284623839827,0.0340813531403,0.039696987615
22.1666666667,0.00127694277071,0.00646892051705,0.0120994754363,0.0181903722327,0.0240493500369,0.029925776718,0.0358025343658,0.0420190311333
22.2666666667,0.00140542330736,0.00685334228751,0.0127423014492,0.0191615865695,0.0252894364029,0.0314322721044,0.037897424988,0.0441209396163
22.3666666667,0.00154006136562,0.00725007910117,0.0134036000269,0.0201635885143,0.0265664678984,0.0329818701421,0.0397834161276,0.0462844233153
22.4666666667,0.00168085694548,0.00765913095802,0.0144335973181,0.0211963780671,0.0278804445236,0.0349182603856,0.0417248249616,0.0485094822304
22.5666666667,0.00182781004694,0.00808049785809,0.0152005936025,0.0222599552279,0.0292313662783,0.0366222005506,0.0437216514901,0.0511018794314
22.6666666667,0.00198092067,0.00851417980135,0.0159922199733,0.0233543199967,0.0309373920933,0.0383754008885,0.0457738957129,0.0535145310905
22.7666666667,0.00214018881466,0.00896017678782,0.0168084764306,0.0244794723735,0.0324278779236,0.0401778613991,0.0481873207002,0.0559949154872
22.8666666667,0.00230561448093,0.00941848881748,0.0176493629742,0.0256354123583,0.0339614664051,0.0420295820826,0.0504148426239,0.0585430326215
22.9666666667,0.00247719766879,0.00988911589035,0.0185148796042,0.0268221399511,0.0355381575379,0.0439305629389,0.0527039397636,0.0611588824934
23.0666666667,0.00265493837826,0.0107222841551,0.0194050263207,0.0283833447065,0.0371579513218,0.0462180185038,0.0550546121193,0.0641732661951
23.1666666667,0.00283883660932,0.0112862938915,0.0203198031235,0.0296997843403,0.0388208477569,0.0482850407785,0.057466859691,0.0669914868629
23.2666666667,0.00302889236199,0.0118687761927,0.0212592100128,0.0310531691037,0.0405268468432,0.0504074807476,0.0602403399812,0.0698835977898
23.3666666667,0.00322510563626,0.0124697310587,0.0222232469885,0.0324434989967,0.0425817116508,0.0525853384111,0.0628395645448,0.072849598976
23.4666666667,0.00342747643213,0.0130891584895,0.0232119140505,0.0338707740193,0.0444383583515,0.054818613769,0.065506521846,0.0761891479239
23.5666666667,0.0036360047496,0.0137270584851,0.0245188247092,0.0353349941715,0.0463442652251,0.0571073068214,0.0682412118848,0.0793667561884
23.6666666667,0.00385069058867,0.0143834310455,0.0256199627517,0.0368361594534,0.0482994322714,0.0597951071227,0.0710436346612,0.0826244122337
23.7666666667,0.00407153394934,0.0150582761707,0.0267518884023,0.0383742698648,0.0503038594906,0.0622627723889,0.0742074036854,0.0859621160598
23.8666666667,0.00429853483161,0.0157515938607,0.0279146016609,0.040242938916,0.0523575468826,0.064792012871,0.0772085027447,0.0893798676667
23.9666666667,0.00453169323549,0.0164633841156,0.0291081025275,0.0419181503943,0.0544604944474,0.0673828285691,0.0802834920633,0.0932148815902
24.0666666667,0.00477100916096,0.0171936469352,0.030332391002,0.0436364645239,0.056918465255,0.0700352194833,0.083432371641,0.0968602498316
24.1666666667,0.00501648260804,0.0179423823196,0.0315874670846,0.0453978813046,0.0591843754774,0.0730427991236,0.086655141478,0.100591823375
24.2666666667,0.00526811357672,0.0187095902689,0.0328733307752,0.0472024007366,0.0615057033942,0.0758815512775,0.0902514590766,0.104409602221
24.3666666667,0.005525902067,0.0194952707829,0.0341899820738,0.0490500228197,0.0638824490055,0.078788036169,0.0936858359919,0.108625516583
24.4666666667,0.00578984807887,0.0202994238617,0.0355374209804,0.0509407475541,0.0663146123111,0.0817622537981,0.0972002606879,0.112680764098
24.5666666667,0.00605995161236,0.0211220495054,0.036915647495,0.0528745749397,0.0688021933112,0.0848042041648,0.100794733165,0.116828374437
24.6666666667,0.00633621266743,0.0219631477138,0.0383246616176,0.0548515049764,0.0713451920056,0.0879138872691,0.104469253422,0.1210683476
24.7666666667,0.00696885739274,0.0231664080417,0.040101677884,0.0572023387566,0.0742617673252,0.0914032333237,0.108529584531,0.12570034109
24.8666666667,0.00732618606816,0.0241125882047,0.0416397882955,0.0593323794165,0.0769812752248,0.0947134399674,0.112428642662,0.130188866461
24.9666666667,0.00769582978677,0.0250833984541,0.0432148438365,0.0615116802491,0.0797623583404,0.0980975368703,0.116413906096,0.134775912178
25.0666666667,0.00807778854858,0.0260788387899,0.0448268445072,0.0637402412546,0.082605016672,0.101555524032,0.120485374832,0.13946147824
25.1666666667,0.0084720623536,0.0270989092122,0.0464757903074,0.0660180624328,0.0855092502197,0.105087401454,0.124643048871,0.144245564648
25.2666666667,0.00887865120182,0.0281436097208,0.0481616812373,0.0683451437839,0.0884750589833,0.108693169134,0.129205087142,0.149471860956
25.3666666667,0.00929755509324,0.0292129403159,0.0498845172967,0.0707214853078,0.091502442963,0.112716516629,0.133600845602,0.15452112488
25.4666666667,0.00972877402786,0.0303069009973,0.0516442984858,0.0731470870045,0.0949350917133,0.116538201653,0.138088966886,0.159675066672
25.5666666667,0.0101723080057,0.0314254917651,0.0534410248045,0.0759401078046,0.0981537629499,0.120439934457,0.142669450993,0.16493368633
25.6666666667,0.0106281570267,0.0325687126194,0.0552746962527,0.0785299036633,0.101440166924,0.124421715043,0.147342297925,0.170634198392
25.7666666667,0.0110963210909,0.0337365635601,0.0571453128306,0.0811751172163,0.104794303636,0.128483543409,0.152444722217,0.176169694858
25.8666666667,0.0115768001984,0.0349290445871,0.0594031006867,0.0838757484638,0.108216173086,0.132937349769,0.157369815869,0.181816026712
25.9666666667,0.012069594349,0.0361461557006,0.061416360101,0.0866317974056,0.111705775273,0.137224331761,0.162393429868,0.187573193956
26.0666666667,0.0125747035428,0.0373878969005,0.0634727221664,0.0894432640419,0.115581269128,0.141597519056,0.167515564211,0.19377199768
26.1666666667,0.0130921277799,0.0386542681867,0.065572186883,0.0923101483726,0.119272010607,0.146056911653,0.173035876403,0.199817741022
26.2666666667,0.0136218670601,0.0399452695594,0.0677147542509,0.0952324503976,0.123036642344,0.150602509552,0.178418877998,0.205980477274
26.3666666667,0.0141639213836,0.0416111271671,0.0699004242699,0.098534619341,0.126875164342,0.155527926264,0.18390655746,0.212260206437
26.4666666667,0.0147182907502,0.0430201412897,0.0721291969402,0.101634046323,0.130787576598,0.160309145576,0.18949891479,0.218981377733
26.5666666667,0.01528497516,0.0444599430203,0.0744010722617,0.104795048522,0.134773879113,0.165182727712,0.195195949986,0.225561382285
26.6666666667,0.0158639746131,0.045930532359,0.0767160502343,0.108017625936,0.13913372939,0.170148672672,0.201322112274,0.232264537269
26.7666666667,0.0164552891093,0.0474319093056,0.0790741308582,0.111301778567,0.143331638984,0.175206980456,0.207294792773,0.239090842685
26.8666666667,0.0170589186488,0.0489640738602,0.0818061152255,0.114647506413,0.147609596359,0.180357651064,0.213378308662,0.246364747757
26.9666666667,0.0176748632314,0.0505270260229,0.0843173064725,0.118054809475,0.151967601514,0.185937899032,0.219572659939,0.253503643605
27.0666666667,0.0183031228573,0.0521207657935,0.0868777578922,0.121523687754,0.15640565445,0.191340816361,0.226171460115,0.260771847407
27.1666666667,0.0189436975264,0.0537452931722,0.0894874694848,0.125397830803,0.160923755167,0.196842254035,0.232650692977,0.268169359163
27.2666666667,0.0195965872386,0.0554006081588,0.0921464412501,0.129057996338,0.165521903665,0.202442212055,0.23924691875,0.276020628096
27.3666666667,0.0202617919941,0.0570867107535,0.0948546731883,0.132785894611,0.170550326093,0.208140690421,0.245960137433,0.283743045328
27.4666666667,0.0209393117928,0.0588036009561,0.0976121652993,0.136581525622,0.175377322729,0.214268490225,0.252790349027,0.291600928034
27.5666666667,0.0216291466346,0.0605512787668,0.100418917583,0.14044488937,0.180290524668,0.220230914602,0.260062002755,0.299594276216
27.6666666667,0.0223312965197,0.0623297441855,0.10327493004,0.144375985856,0.18528993191,0.226298016847,0.267192489738,0.308053890966
27.7666666667,0.0233576916607,0.0644326107223,0.106180202669,0.14837481508,0.190375544453,0.232469796959,0.274446127153,0.316385075418
27.8666666667,0.0241495296963,0.0663358621647,0.109465536564,0.152747140111,0.1955473623,0.238746254938,0.281822915,0.324857882868
27.9666666667,0.0249598402968,0.0682760587367,0.112536234859,0.156945877122,0.201155611597,0.245451840008,0.289622510782,0.333472313315
28.0666666667,0.025788623462,0.0702532004383,0.115662350849,0.161218504392,0.206568592625,0.25200394329,0.297309426053,0.342565581294
28.1666666667,0.026635879192,0.0722672872695,0.118843884534,0.165565021921,0.212073936477,0.258666881961,0.305125649277,0.351530778807
28.2666666667,0.0275016074869,0.0743183192303,0.122080835913,0.169985429709,0.217671643154,0.265440656021,0.313071180455,0.360643756839
28.3666666667,0.0283858083465,0.0764062963207,0.125373204986,0.174479727757,0.223361712654,0.27232526547,0.321146019587,0.369904515389
28.4666666667,0.029288481771,0.0785312185407,0.128720991754,0.179047916063,0.229144144978,0.279638869238,0.329687381208,0.379656744012
28.5666666667,0.0302096277603,0.0806930858903,0.132124196216,0.183689994629,0.235369166275,0.28681082328,0.33808835732,0.389281200423
28.6666666667,0.0311492463143,0.0828918983695,0.135582818372,0.188756189603,0.241405076824,0.294099770233,0.346624798907,0.399059594875
28.7666666667,0.0321073374332,0.0851276559783,0.139390471733,0.193614801265,0.247539507719,0.301505710097,0.35529670597,0.408991927367
28.8666666667,0.0330839011169,0.0874003587168,0.143023140087,0.198553460707,0.25377245896,0.309028642871,0.364422237438,0.419428424047
28.9666666667,0.0340789373653,0.0897100065848,0.146717383656,0.20357216793,0.260103930546,0.316993017779,0.373430749267,0.429737385196
29.0666666667,0.0350924461786,0.0920565995824,0.150473202441,0.208670922934,0.266833579981,0.324816225942,0.382580884093,0.440206441907
29.1666666667,0.0361244275567,0.0944401377097,0.154290596442,0.213849725719,0.273425918818,0.332762584537,0.391872641916,0.451135251682
29.2666666667,0.0371748814996,0.0972108471152,0.158169565659,0.219108576285,0.280122935523,0.340832093564,0.401605680238,0.461988326075
29.3666666667,0.0382438080073,0.0997370280788,0.162110110092,0.224784689167,0.286924630094,0.349024753023,0.411244510614,0.473007653552
29.4666666667,0.0393312070798,0.102306311694,0.166112229741,0.230271156367,0.293831002533,0.357671364007,0.421031121509,0.484193234112
29.5666666667,0.040437078717,0.10491869796,0.170175924606,0.23584382887,0.30084205284,0.366177229651,0.430965512922,0.495856997968
29.6666666667,0.0415614229191,0.107574186877,0.174301194687,0.241502706674,0.308269711226,0.374812403248,0.441047684853,0.507440142759
29.7666666667,0.042704239686,0.110272778445,0.17882525452,0.247247789782,0.315555175331,0.383576884799,0.451621326858,0.519195698155
29.8666666667,0.0438655290177,0.113014472665,0.183141196106,0.253079078191,0.322951474824,0.392470674304,0.462067196651,0.531123664155
29.9666666667,0.0450452909142,0.115799269536,0.18752487043,0.258996571904,0.330458609707,0.401830986298,0.472667004484,0.543548489984
30.0666666667,0.0462435253755,0.118627169058,0.191976277491,0.265337485454,0.338076579978,0.411050912783,0.483420750358,0.555887566763
30.1666666667,0.0474602324017,0.121498171231,0.19649541729,0.271494910844,0.345805385638,0.420406304743,0.494652883495,0.568405211668
30.2666666667,0.0486954119926,0.124412276055,0.201082289826,0.277744699057,0.353975827779,0.429897162178,0.505780795017,0.581101424699
30.3666666667,0.0499490641483,0.127369483531,0.2057368951,0.284086850095,0.361993209537,0.439523485089,0.5170688021,0.594313420393
30.4666666667,0.0515208463713,0.130369793658,0.210459233112,0.290521363957,0.370127584206,0.449635499623,0.528516904745,0.60743429075
30.5666666667,0.0528752702164,0.133731365367,0.215249303861,0.297048240643,0.378378951785,0.459601506061,0.540437033165,0.620739886755
30.6666666667,0.054254324148,0.136883554612,0.22043790844,0.303667480153,0.386747312275,0.469709135496,0.552270384998,0.634230208408
30.7666666667,0.055658008166,0.140085004031,0.225430349985,0.310722772041,0.395526279185,0.479958387928,0.564269989913,0.648255481858
30.8666666667,0.0570863222704,0.143335713622,0.230496681789,0.317594874024,0.404191836304,0.490648920859,0.576435847912,0.662184007385
30.9666666667,0.0585392664612,0.146635683386,0.235636903853,0.324565496353,0.412980543854,0.501245245844,0.589067616497,0.676303416081
31.0666666667,0.0600168407384,0.149984913323,0.240851016176,0.331634639027,0.421892401836,0.511989351347,0.601629807223,0.690913365449
31.1666666667,0.0615190451019,0.153383403432,0.246139018758,0.338802302046,0.43092741025,0.52288123737,0.614364408553,0.705478367044
31.2666666667,0.0630458795519,0.156831153715,0.251500911599,0.346068485412,0.440085569096,0.53392090391,0.627271420488,0.72024040933
31.3666666667,0.0645973440883,0.16032816417,0.256936694699,0.353726802633,0.449685037305,0.545420281182,0.640350843027,0.735199492308
31.4666666667,0.0661734387112,0.163874434798,0.262446368059,0.361253237497,0.459155170832,0.556820566823,0.653952902321,0.750673774907
31.5666666667,0.0677741634204,0.167469965599,0.268373621232,0.368884350228,0.468754612312,0.568374790505,0.667445898647,0.766092613083
31.6666666667,0.069399518216,0.171114756573,0.274099211935,0.376620140827,0.478483361746,0.580082952226,0.6811174631,0.781714649473
31.7666666667,0.071049503098,0.174808807719,0.279904850419,0.384460609293,0.488341419133,0.591945051988,0.69496759568,0.797539884075
31.8666666667,0.0727241180664,0.178876568263,0.285790536683,0.392405755626,0.498328784475,0.604291890881,0.709333510922,0.813899117982
31.9666666667,0.0744233631212,0.182735429323,0.291756270729,0.400455579826,0.508795683918,0.616528772044,0.723608300827,0.83019765433
32.0666666667,0.0761472382625,0.186649708078,0.297802052555,0.408922012107,0.519110417743,0.628925748768,0.73806781638,0.846705546413
32.1666666667,0.0778957434901,0.190619404528,0.303927882162,0.417246250105,0.529560617044,0.641482821053,0.752712057581,0.86342279423
32.2666666667,0.0796688788041,0.194644518671,0.31013375955,0.425681323493,0.54014628182,0.6541999889,0.767871825523,0.880112488852
32.3666666667,0.0814666442046,0.19872505051,0.316719342221,0.43422723227,0.550867412071,0.667420941864,0.78295242334,0.895611374809
32.4666666667,0.0832890396914,0.202861000042,0.323149141731,0.442883976435,0.562042166728,0.680526437659,0.798223904328,0.911313458979
32.5666666667,0.0851360652647,0.207052367269,0.329665146542,0.451651555989,0.573099901746,0.693798186538,0.813686268485,0.927512354872
32.6666666667,0.0870077209243,0.211299152191,0.336267356656,0.460529970932,0.584299259761,0.707236188499,0.829657674743,0.943684046275
32.7666666667,0.0889040066704,0.215601354807,0.342955772073,0.4698564358,0.595640240772,0.721140101047,0.844468605826,0.960065093413
32.8666666667,0.0908249225029,0.219958975117,0.349730392792,0.479024042593,0.607122844781,0.734974435735,0.858851768112,0.976655496285
32.9666666667,0.0930886273524,0.224372013122,0.356591218813,0.488308642297,0.618747071786,0.748981181028,0.873419656045,0.993767185105
33.0666666667,0.095124477174,0.229140126323,0.363538250137,0.497710234912,0.630863147937,0.763160336926,0.888478032696,1.01084135751
33.1666666667,0.0971911146036,0.233727826277,0.370571486763,0.507228820436,0.642839373513,0.777511903428,0.903479814238,1.02813104317
33.2666666667,0.0992885396412,0.238377101446,0.378028143228,0.516864398871,0.654963379607,0.792354039466,0.918672478949,1.04563624209
33.3666666667,0.101416752287,0.243087951831,0.385301311532,0.526922733287,0.66723516622,0.806422687094,0.934056026829,1.06368140349
33.4666666667,0.10357575254,0.247860377433,0.39266684266,0.536856739855,0.679654733351,0.819621161465,0.949930115382,1.08168391848
33.5666666667,0.105765540402,0.25269437825,0.400124736612,0.546913896855,0.692546530225,0.83298588892,0.965759256162,1.09990810426
33.6666666667,0.107986115872,0.257589954284,0.407674993388,0.557094204287,0.705327947961,0.846516869458,0.981785437633,1.11835396081
33.7666666667,0.110237478949,0.262547105533,0.415317612987,0.567397662151,0.718263303738,0.860557792634,0.998008659795,1.13735870268
33.8666666667,0.112519629635,0.267565831998,0.423052595411,0.577824270447,0.731352597554,0.874489416163,1.01442892265,1.15631542186
33.9666666667,0.114832567929,0.27264613368,0.430879940659,0.588374029175,0.744595829411,0.888593450297,1.03139645234,1.17549996934
34.0666666667,0.11717629383,0.277788010577,0.439117807662,0.599384152871,0.75829265681,0.902869895036,1.04827954916,1.19491234512
34.1666666667,0.11955080734,0.282991462691,0.447195552374,0.610247733536,0.771907591307,0.917618407883,1.06536584418,1.21490277535
34.2666666667,0.121956108458,0.288556147523,0.455371817432,0.621240622154,0.785682621365,0.932303500391,1.08265533742,1.2348395603
34.3666666667,0.124392197183,0.293946576628,0.463646602836,0.632362818727,0.799617746985,0.947167161026,1.10048524341,1.25501033108
34.4666666667,0.126859073517,0.299404738471,0.472019908585,0.643614323252,0.813712968166,0.962209389788,1.11824865414,1.27570870119
34.5666666667,0.129356737459,0.304930633052,0.48049173468,0.654995135732,0.827968284909,0.977430186676,1.13622142062,1.29641065441
34.6666666667,0.131885189008,0.31052426037,0.48906208112,0.666817186378,0.842727386769,0.993147710621,1.15440354282,1.31735275098
34.7666666667,0.134444428166,0.316185620426,0.497730947906,0.678521672828,0.85737103146,1.00879131758,1.17311946999,1.33853499089
34.8666666667,0.137034454932,0.321914713219,0.506804098108,0.690361624754,0.870741393047,1.02461965018,1.19178659323,1.36026313721
34.9666666667,0.139655269305,0.32771153875,0.515734447897,0.702337042156,0.883907040131,1.04063270844,1.21066922973,1.38199010612
35.0666666667,0.142306871287,0.333576097019,0.524769475554,0.714447925032,0.897226625256,1.05683049234,1.22976737948,1.40373625763
35.1666666667,0.144989260877,0.339508388025,0.533909181077,0.726694273384,0.911018307351,1.07355669144,1.24939297271,1.42439778288
35.2666666667,0.148026887298,0.345508411769,0.543153564468,0.739076087211,0.924711442372,1.09019206346,1.26898720704,1.44560522416
35.3666666667,0.150837141672,0.35157616825,0.552502625726,0.751943592662,0.938564672955,1.10701831865,1.28880311215,1.46679977911
35.4666666667,0.153684341176,0.3580298164,0.561956364852,0.764665090016,0.952577999099,1.12403545702,1.30884068804,1.48823447741
35.5666666667,0.15656848581,0.364298712173,0.571514781844,0.777528210367,0.966751420805,1.14154313605,1.3293995922,1.50990931905
35.6666666667,0.159489575573,0.370641498205,0.581477534206,0.790532953716,0.981384595574,1.15900586731,1.34994433621,1.53214246296
35.7666666667,0.162447610465,0.377058174496,0.591309133493,0.803679320061,0.995942034963,1.17666563926,1.37071690851,1.5543632651
35.8666666667,0.165442590488,0.383548741047,0.601251568169,0.816967309402,1.01066572744,1.19452245191,1.39171730911,1.5768303681
35.9666666667,0.168474515639,0.390113197857,0.611304838233,0.830721370965,1.02555567299,1.21257630524,1.41178192999,1.59954377197
36.0666666667,0.171543385921,0.396751544926,0.621468943687,0.844358895869,1.04061187163,1.2311453582,1.43201131631,1.62282163563
36.1666666667,0.174649201332,0.403463782254,0.631743884529,0.858144201291,1.05583432335,1.24965896673,1.45218066316,1.64609331505
36.2666666667,0.177791961873,0.410249909842,0.64212966076,0.872077287232,1.07156024269,1.26837577347,1.47257168078,1.66961745284
36.3666666667,0.180971667543,0.417109927688,0.65262627238,0.884473836778,1.08718272165,1.28729577843,1.49318436919,1.69339404903
36.4666666667,0.184188318343,0.424043835794,0.663533376891,0.896819321227,1.10297761122,1.3064189816,1.51434952946,1.71682996665
36.5666666667,0.187441914272,0.431351291662,0.674315485848,0.909606034222,1.11894491139,1.32608259752,1.53547246474,1.73950088362
36.6666666667,0.190732455331,0.438496806846,0.685214587716,0.922286891934,1.13508462217,1.34567971819,1.55682322832,1.76241810145
36.7666666667,0.19405994152,0.445722369811,0.696230682494,0.935109372643,1.15171490248,1.3654861946,1.5784018202,1.78558162015
36.8666666667,0.197424372838,0.453027980557,0.707363770182,0.948073476348,1.16826510828,1.38550202674,1.60052017059,1.80930959864
36.9666666667,0.200825749286,0.460413639084,0.718613850781,0.961179203051,1.18499388221,1.40602082812,1.62261947714,1.83303139288
37.0666666667,0.204264070864,0.467879345391,0.72998092429,0.97442655275,1.20190122426,1.42651858254,1.6449527695,1.85700564551
37.1666666667,0.207739337571,0.475425099479,0.74146499071,0.987815525446,1.21898713444,1.44723185021,1.66752004768,1.88123235652
37.2666666667,0.211251549408,0.483050901348,0.75337181311,1.00169634729,1.23655127025,1.46816063114,1.69032131168,1.90602968485
37.3666666667,0.215100363876,0.490756750998,0.765154307663,1.01543731855,1.25405814324,1.48930492532,1.71370678766,1.93082698645
37.4666666667,0.218750292532,0.498542648429,0.777059952648,1.02932607034,1.27174974189,1.51097049583,1.73646048288,1.95588290396
37.5666666667,0.222443323839,0.50640859364,0.789088748064,1.04336260264,1.28962606618,1.53261025884,1.75834387208,1.98119743737
37.6666666667,0.226179457797,0.514648200143,0.801240693913,1.05754691547,1.30768711611,1.55392625359,1.78045508958,2.00624451478
37.7666666667,0.229958694407,0.522737451724,0.813515790194,1.07187900881,1.3259328917,1.57442360391,1.8031185846,2.03005251432
37.8666666667,0.233781033667,0.530912908607,0.825914036906,1.0866960972,1.34470060747,1.59513030998,1.82575174826,2.05411297225
37.9666666667,0.237646475579,0.539174570793,0.838435434051,1.10139127265,1.36338335542,1.616370821,1.84861889775,2.07842588856
38.0666666667,0.241555020142,0.547522438281,0.851398140558,1.11624038614,1.38225698655,1.6375625281,1.87172003306,2.09964951835
38.1666666667,0.245506667356,0.555956511071,0.864231512384,1.13124343767,1.40132150084,1.65896974845,1.89535481169,2.12037692908
38.2666666667,0.249501417222,0.564476789164,0.877194192162,1.14640042724,1.4205768983,1.68059248207,1.91898774519,2.14133832563
38.3666666667,0.253539269738,0.573083272559,0.890286179895,1.16171135485,1.44033510915,1.70243072893,1.94286082204,2.162533708
38.4666666667,0.257620224906,0.581775961257,0.903507475581,1.17749437943,1.46003733102,1.72481529015,1.96697404224,2.18396307619
38.5666666667,0.261744282725,0.590554855257,0.91685807922,1.19317885694,1.47993659357,1.74715146885,1.98921641494,2.20591273166
38.6666666667,0.265911443196,0.59941995456,0.930337990813,1.20902343001,1.49869462878,1.76970931833,2.01009192925,2.22606770454
38.7666666667,0.270121706317,0.608670916667,0.94394721036,1.22502809864,1.51674767394,1.79248883858,2.03056915218,2.24645050573
38.8666666667,0.27437507209,0.617772253134,0.956012689001,1.24119286283,1.53527905825,1.81549002962,2.05126804589,2.26565641211
38.9666666667,0.278671540514,0.626965952426,0.967931264781,1.25751772258,1.55376476552,1.83905658098,2.07218861037,2.28347197107
39.0666666667,0.283011111589,0.636252014541,0.979972990993,1.27430844097,1.57244135595,1.8625692504,2.0936366087,2.30109868483
39.1666666667,0.287393785315,0.64563043948,0.992137867637,1.29101793416,1.59130882955,1.88630974811,2.11506495706,2.31809199166
39.2666666667,0.291819561693,0.655101227243,1.00442589471,1.30789368043,1.61036718632,1.91027807412,2.13538266169,2.33458676053
39.3666666667,0.296288440721,0.664664377831,1.01683707222,1.32493567978,1.62961642627,1.93313408427,2.15534409597,2.35159672901
39.4666666667,0.30115064855,0.674319891242,1.02937140016,1.34214393222,1.6493809986,1.95388273631,2.17552104351,2.36855125308
39.5666666667,0.305774485458,0.684067767477,1.04202887853,1.35951843774,1.66907829445,1.97444873338,2.1962443054,2.38570897535
39.6666666667,0.310447582539,0.693908006537,1.05515973349,1.37705919635,1.68897263099,1.99428128304,2.21622491844,2.40306989584
39.7666666667,0.315169939793,0.70384060842,1.0681322653,1.39511643418,1.70906400822,2.01431703092,2.2350498859,2.42093367205
39.8666666667,0.31994155722,0.714183732058,1.08123410507,1.41305845153,1.72935242615,2.034555977,2.2540842091,2.43876481552
39.9666666667,0.324762434819,0.724366733406,1.09446525279,1.43026666164,1.74893969842,2.05534834745,2.27362150154,2.45680531473
40.0666666667,0.329632572592,0.734648255099,1.10782570846,1.44627933504,1.76806825094,2.07488797419,2.29313774701,2.47468531044
40.1666666667,0.334551970537,0.745028297138,1.12131547209,1.46245210401,1.78738768663,2.0936333172,2.31286950574,2.49221556278
40.2666666667,0.339520628655,0.755506859523,1.13493454367,1.47878496855,1.80689800548,2.1125757009,2.33232207667,2.50980566601
40.3666666667,0.344538546945,0.766083942253,1.14898868628,1.49561514317,1.82659920751,2.13171512529,2.35105550872,2.52681930228
40.4666666667,0.349605725409,0.776759545329,1.16293081608,1.5123357199,1.84585452801,2.15113214979,2.37031658821,2.54403613676
40.5666666667,0.354722164045,0.78753366875,1.17700841135,1.52922254971,1.86546679982,2.16871146987,2.38920961938,2.56145616946
40.6666666667,0.359887862854,0.798406312517,1.1912214721,1.54627563261,1.8849999015,2.18648167312,2.40705226972,2.57941020146
40.7666666667,0.365102821836,0.80937747663,1.20556999833,1.56349496858,1.90472388636,2.20444275955,2.42509196075,2.5973035359
40.8666666667,0.370367040991,0.820447161088,1.22005399003,1.58088055764,1.92463875439,2.22259472914,2.44332869248,2.61540622608
40.9666666667,0.375680520319,0.83196559204,1.23467344721,1.59875055872,1.94474450559,2.24128780805,2.46210615445,2.63371827199
41.0666666667,0.381043259819,0.843301069767,1.24942836986,1.61653432776,1.96534079745,2.25989029656,2.48080510439,2.65255160385
41.1666666667,0.386455259492,0.854741225361,1.26464955908,1.63449050741,1.98589214155,2.27868982576,2.4990196979,2.6713474193
41.2666666667,0.391916519338,0.866286058822,1.279742318,1.65261909766,2.00664052634,2.29681705174,2.51713758946,2.690358748
41.3666666667,0.397757840449,0.87793557015,1.29497669992,1.67092009852,2.02560522143,2.31404067874,2.53575828478,2.70958558996
41.4666666667,0.403384525962,0.889689759346,1.31035270484,1.68939350998,2.0444008637,2.33179925753,2.55433470003,2.7284110729
41.5666666667,0.409066629168,0.901548626408,1.32587033275,1.70834509512,2.06338123161,2.34946108841,2.5731143135,2.74581672586
41.6666666667,0.414804150069,0.913512171338,1.34152958366,1.7272277701,2.08287712626,2.36731380245,2.59209712517,2.7625190032
41.7666666667,0.420597088665,0.925580394135,1.35733045757,1.74628901321,2.10165974344,2.38535739966,2.61128313507,2.77941832124
41.8666666667,0.426445444955,0.9377532948,1.37356656798,1.76552882445,2.11842998443,2.40359188004,2.63100314426,2.79651467996
41.9666666667,0.432349218939,0.950355322555,1.38971389869,1.78494720381,2.13537263602,2.42236746974,2.6502719074,2.81413888047
42.0666666667,0.438308410618,0.962803868523,1.40391792713,1.8045441513,2.15248769822,2.44105246904,2.66915989324,2.8316962259
42.1666666667,0.444323019991,0.975363249879,1.41802569426,1.82431966692,2.17007482853,2.4596230943,2.6882510773,2.84945676954
42.2666666667,0.450393047058,0.988033466624,1.43226892687,1.84308546039,2.18759853849,2.47639599072,2.70754545957,2.86742051139
42.3666666667,0.45651849182,1.00081451876,1.44664762495,1.86164630865,2.20530081659,2.49335361279,2.72739326621,2.88589938167
42.4666666667,0.462699354277,1.01370640628,1.46116178851,1.88037956753,2.22318166281,2.51083965005,2.74716279748,2.90433457802
42.5666666667,0.468935634427,1.02670912919,1.47581141754,1.89928523701,2.24124107715,2.52823486024,2.76714168449,2.9229791301
42.6666666667,0.475227332273,1.03982268749,1.49091467098,1.91836331709,2.25947905962,2.5458209536,2.78732992724,2.94183303791
42.7666666667,0.481574447812,1.05304708118,1.50590090478,1.93761380778,2.27822005945,2.56359793013,2.80803328878,2.96089630146
42.8666666667,0.487976981046,1.06638231026,1.52102876157,1.9573611583,2.29688146774,2.58156578982,2.82700218446,2.98051914689
42.9666666667,0.494434931975,1.08013413779,1.53629824137,1.97619906233,2.31468041892,2.60006822224,2.84462399145,3.00006987448
43.0666666667,0.500948300597,1.09375547996,1.55170934416,1.99366285191,2.33160767671,2.61811537735,2.8624366816,3.01983611533
43.1666666667,0.507816744417,1.10749381504,1.56726206994,2.01129289458,2.3487073451,2.63346446235,2.88044025492,3.03981786943
43.2666666667,0.514504774989,1.12134914303,1.58295641873,2.02908919033,2.3659794241,2.64898595796,2.89895916064,3.0589205082
43.3666666667,0.521254380776,1.13532146393,1.59879239051,2.04705173916,2.38377413985,2.66467986417,2.91720239047,3.07781053372
43.4666666667,0.52806556178,1.14941077774,1.61511367484,2.06548630415,2.40145979264,2.68036092404,2.93515239336,3.0969160725
43.5666666667,0.534938317999,1.16240930391,1.63130102944,2.08384580146,2.41932401355,2.69571555081,2.95329327941,3.11597423108
43.6666666667,0.541872649435,1.17444858636,1.64763616456,2.10237770938,2.43736680259,2.71124258819,2.97162504863,3.13493624552
43.7666666667,0.548868556086,1.18659254667,1.66411908019,2.1210820279,2.45443229674,2.72531543063,2.99048491556,3.15386629494
43.8666666667,0.555926037954,1.19884118485,1.68074977635,2.13995875703,2.46952388937,2.73955452615,3.0092659722,3.17301185761
43.9666666667,0.563045095037,1.21148811441,1.69752825302,2.15900789676,2.48380260469,2.75429067585,3.02759859962,3.19237293354
44.0666666667,0.570225727337,1.22400931913,1.71445451021,2.17778766802,2.49824141558,2.76892918286,3.04515575263,3.21194952272
44.1666666667,0.577467934852,1.23664135924,1.73183431099,2.19641656054,2.51284032203,2.78374010047,3.06319740232,3.23207883969
44.2666666667,0.584771717584,1.24938423474,1.74912057153,2.21493615341,2.52759932404,2.79872342869,3.08119953247,3.25215397646
44.3666666667,0.592137075531,1.26223794563,1.76656077011,2.23300476363,2.54251842161,2.81387916751,3.09889492761,3.27245078401
44.4666666667,0.599564008695,1.27520249191,1.78415490673,2.25005559518,2.5579413043,2.82953811803,3.1156078844,3.29282232463
44.5666666667,0.607052517075,1.28827787357,1.80190298139,2.26726652229,2.57324872982,2.84510558339,3.13251172437,3.31120769102
44.6666666667,0.61460260067,1.30146409063,1.81980499409,2.28463754496,2.58872240842,2.86085161687,3.14991221057,3.329040066
44.7666666667,0.622214259482,1.31476114307,1.83786094483,2.30175339396,2.60436234011,2.87677621848,3.16673259302,3.34708179671
44.8666666667,0.62988749351,1.32816903091,1.85607083361,2.31858070748,2.62016852488,2.89287938821,3.18339197938,3.36533288316
44.9666666667,0.637928065823,1.34168775413,1.87477187496,2.33556811655,2.6364467258,2.90948557529,3.20024224891,3.38379332534
45.0666666667,0.645788892595,1.35566753889,1.8933571609,2.35271562119,2.65264985905,2.92601217085,3.2172834016,3.40280681281
45.1666666667,0.653717452104,1.36947668546,1.91210254239,2.37002322139,2.6690254029,2.94272349205,3.2348335964,3.42175410329
45.2666666667,0.661713744351,1.38340282495,1.93100801945,2.38749091716,2.68557335736,2.9596195389,3.25232218925,3.44091690702
45.3666666667,0.669777769336,1.39744595735,1.95007359207,2.40541836598,2.70229372242,2.9767003114,3.27000782279,3.46029522401
45.4666666667,0.677909527058,1.41160608265,1.96929926025,2.42327007943,2.71918649809,2.99429025877,3.28789049703,3.48020098447
45.5666666667,0.686109017517,1.42588320087,1.98662818664,2.44128804596,2.73658248545,3.01137312098,3.30597021195,3.50007538603
45.6666666667,0.694376240715,1.44016110995,2.00346537122,2.45947226557,2.75388698765,3.02799207936,3.3245841821,3.52017145837
45.7666666667,0.70271119665,1.45224965256,2.01911846461,2.47618297872,2.77072628332,3.04479576338,3.34312549948,3.54037139848
45.8666666667,0.711113885322,1.46444287305,2.03491318099,2.49234672307,2.78651584278,3.06178417306,3.36187001508,3.55972939565
45.9666666667,0.719584306732,1.4767407714,2.05084952038,2.50866440546,2.80247165532,3.07927546731,3.38081772888,3.57950975626
46.0666666667,0.72812246088,1.48948703718,2.06692748276,2.52547324043,2.81889337845,3.0966990021,3.3999686409,3.59799174976
46.1666666667,0.736728347766,1.50206242809,2.08314706813,2.54216631997,2.83524552372,3.11431342005,3.41967297728,3.61668309901
46.2666666667,0.745401967389,1.51474865439,2.0995082765,2.55901949508,2.85050897877,3.13211872118,3.4392990383,3.6339387201
46.3666666667,0.754143319749,1.52754571608,2.11601110787,2.57603276575,2.86570701207,3.15011490548,3.45913445506,3.65016805532
46.4666666667,0.762952404847,1.54045361316,2.13298001146,2.59320613198,2.88106514093,3.16861390316,3.47903031943,3.66634140156
46.5666666667,0.771829222683,1.55347234563,2.1498323784,2.61053959377,2.89658336535,3.18575941045,3.49808220675,3.68271178849
46.6666666667,0.780773773257,1.56660191348,2.16683252585,2.62834508133,2.91258613456,3.20294609232,3.51710073205,3.6992792161
46.7666666667,0.790136282716,1.57984231673,2.18398045381,2.64522013488,2.92849083968,3.22031749984,3.53632245557,3.71604368442
46.8666666667,0.799285051342,1.59319355536,2.2012761623,2.66098733485,2.94456179787,3.237873633,3.5557473773,3.73334240795
46.9666666667,0.808507710227,1.60665562939,2.21871965131,2.67690847285,2.96016963348,3.25592642203,3.57537549724,3.75056847872
47.0666666667,0.817804259372,1.62057876495,2.23631092083,2.69298354889,2.97578083648,3.27391706456,3.59551257847,3.7679977477
47.1666666667,0.827174698775,1.63433126232,2.25404997087,2.70921256297,2.99155213504,3.29181222701,3.61466197035,3.78563021489
47.2666666667,0.836619028438,1.64820075261,2.27228702758,2.72559551509,3.00746865661,3.30946441752,3.6337777845,3.80377164337
47.3666666667,0.846137248359,1.66218723581,2.29039039124,2.7424826314,3.02179971087,3.32730133367,3.65309679686,3.82179187471
47.4666666667,0.855729358541,1.67629071192,2.30795620711,2.75924221218,3.03629086069,3.34562873854,3.67261900743,3.83927040386
47.5666666667,0.865395358981,1.69051118094,2.32521004445,2.77616188852,3.05094210608,3.3638995483,3.69265634642,3.85695213122
47.6666666667,0.87513524968,1.70484864287,2.34261166231,2.79324166042,3.06575344702,3.38236124123,3.71174090922,3.8748370568
47.7666666667,0.884949030639,1.71930309771,2.36016106068,2.81048152788,3.08104304245,3.40101381733,3.73063997861,3.89226298512
47.8666666667,0.894836701857,1.73387454546,2.37785823958,2.82788149091,3.09624024834,3.41985727659,3.74718564324,3.90962205835
47.9666666667,0.904798263334,1.74885659963,2.39601512921,2.8450298901,3.1116037073,3.43837433313,3.76316196803,3.92718432979
48.0666666667,0.91483371507,1.76372524401,2.4140729272,2.86097175201,3.12713341935,3.45674982075,3.77791851451,3.94478993095
48.1666666667,0.924943057066,1.77871703882,2.43228466324,2.87707370948,3.14282938449,3.47531619155,3.79259498649,3.96145279802
48.2666666667,0.935126289321,1.79383198406,2.45008797472,2.89333576251,3.1586916027,3.49407344552,3.8074500266,3.97807071732
48.3666666667,0.945677025345,1.80907007974,2.46672504006,2.90975791111,3.17507030015,3.51302158265,3.82248363483,3.9948856773
48.4666666667,0.956071248926,1.82443132584,2.4835037284,2.92634015526,3.19133377711,3.53245421647,3.83769581119,4.01127120596
48.5666666667,0.966545520288,1.83991572238,2.50042403973,2.94338215248,3.20776966468,3.55184733075,3.85341100489,4.02659954781
48.6666666667,0.97709983943,1.85552326936,2.51748597406,2.96034841432,3.22437796284,3.57143748572,3.86904660707,4.04243706454
48.7666666667,0.987734206353,1.87125396676,2.53502674592,2.97682625578,3.24115867162,3.59122468139,3.8848669349,4.05820114725
48.8666666667,0.998448621058,1.88710781459,2.55243944732,2.99221784692,3.25842994993,3.61120891775,3.90087198837,4.07415611314
48.9666666667,1.00924308354,1.90338447036,2.56855378141,3.0077633761,3.27504876399,3.63139019479,3.9170617675,4.08975973469
49.0666666667,1.02011759381,1.91954844562,2.58384194543,3.02346284333,3.2912691383,3.65124209618,3.9337734868,4.10518782839
49.1666666667,1.03107215185,1.93584172884,2.59777069802,3.03931624859,3.30766192321,3.67014076148,3.9504002383,4.12115087389
49.2666666667,1.04210675768,1.95226432,2.61145565508,3.05482383184,3.32422711873,3.68923646746,3.96721787296,4.13701717146
49.3666666667,1.05322141129,1.96881621912,2.6252699201,3.06951429293,3.34096472485,3.70852921415,3.98422639079,4.15307435221
49.4666666667,1.06441611268,1.9854974262,2.63951925614,3.08435253455,3.35821843114,3.72801900152,4.00142579179,4.16932241612
49.5666666667,1.07569086185,2.00230794122,2.65365657937,3.09933855668,3.37536899529,3.74804304412,4.01915976551,4.18607329342
49.6666666667,1.0870456588,2.0192477642,2.66792936808,3.11447235934,3.39269812758,3.76799443394,4.03680906968,4.20270376443
49.7666666667,1.09848050353,2.03631689514,2.68233762227,3.12975394251,3.41020582799,3.78814902198,4.05465541454,4.21824823529
49.8666666667,1.10999539604,2.05351533403,2.69688134193,3.14486075961,3.42789209653,3.80850680823,4.07269880008,4.2339774318
49.9666666667,1.12159033634,2.07115501108,2.71156052707,3.15969715397,3.4460688634,3.82803508012,4.09093922632,4.24989135396
50.0666666667,1.13358348334,2.08665681031,2.72637517768,3.17468132885,3.46417732626,3.84665098989,4.1097269194,4.26633369131
50.1666666667,1.14540419301,2.10177791308,2.74132529376,3.18981328425,3.48247051476,3.86359999142,4.1284301796,4.28268520159
50.2666666667,1.15731110799,2.11702216628,2.75674167642,3.20509302016,3.50094842891,3.88073371861,4.14733663801,4.29922759504
50.3666666667,1.16930422826,2.1323895699,2.77202962878,3.2205205366,3.51961106871,3.89805217144,4.16571305119,4.31596087165
50.4666666667,1.18138355384,2.14788012397,2.78745920413,3.23638944706,3.53845843415,3.91555534992,4.18426679501,4.33319079451
50.5666666667,1.19354908472,2.16349382846,2.80303040248,3.25217573534,3.5578342148,3.93210590572,4.20262275175,4.34939387003
50.6666666667,1.2058008209,2.17923068338,2.81874322383,3.26811596165,3.57704723889,3.94667773639,4.21914938578,4.36536505714
50.7666666667,1.21813876239,2.19501075449,2.83459766818,3.28421012601,3.59504446227,3.96134703101,4.23549802896,4.38152096989
50.8666666667,1.23056290918,2.20830164941,2.85059373552,3.30045822841,3.61322025378,3.97618873623,4.25203139779,4.39786160829
50.9666666667,1.24307326127,2.22202782895,2.86703108336,3.31686026885,3.63157461341,3.99120285206,4.26904914977,4.41472418688
51.0666666667,1.25566981866,2.23560668421,2.88248869468,3.33341624732,3.65041330423,4.00668903599,4.28601579646,4.43150179765
51.1666666667,1.26835258136,2.24930253239,2.89643202712,3.35046337838,3.66883473467,4.02211179959,4.30098970944,4.44847029159
51.2666666667,1.28112154935,2.26311537348,2.90970258298,3.36739475401,3.68601916519,4.03771313131,4.3144277114,4.4656296687
51.3666666667,1.29397672265,2.27704520748,2.92310244679,3.3844862252,3.70330931075,4.05349303116,4.32803196645,4.48239299787
51.4666666667,1.30691810126,2.29109203439,2.93663161856,3.40173779196,3.71955899871,4.06827578966,4.34210823764,4.49804822715
51.5666666667,1.31994568516,2.30525585421,2.95029009828,3.41914945427,3.73560286381,4.08244345793,4.35610944117,4.5136569479
51.6666666667,1.33336523744,2.31953666694,2.96407788595,3.43672121215,3.75215019653,4.09712760543,4.3702830553,4.5297623957
51.7666666667,1.34662967426,2.33393447258,2.97832578267,3.45477122452,3.76859408887,4.11169653245,4.38462908003,4.54579392652
