0.0,0.0,0.0,0.0,0.0,0.0,0.0,0.0,0.0,0.0,0.0
0.1,0.0103168069637,0.0103168069637,0.0103168069637,0.0103168069637,0.0103168069637,0.0103168069637,0.0103168069637,0.0103168069637,0.0103168069637,0.0103168069637
0.2,0.0206505260656,0.0206505260656,0.0206505260656,0.0206505260656,0.0206505260656,0.0206505260656,0.0206505260656,0.0206505260656,0.0206505260656,0.0206505260656
0.3,0.0310011573056,0.0310011573056,0.0310011573056,0.0310011573056,0.0310011573056,0.0310011573056,0.0310011573056,0.0310011573056,0.0310011573056,0.0310011573056
0.4,0.0413687006839,0.0413687006839,0.0413687006839,0.0413687006839,0.0413687006839,0.0413687006839,0.0413687006839,0.0413687006839,0.0413687006839,0.0413687006839
0.5,0.0517531562003,0.0517531562003,0.0517531562003,0.0517531562003,0.0517531562003,0.0517531562003,0.0517531562003,0.0517531562003,0.0517531562003,0.0517531562003
0.6,0.0621545238549,0.0621545238549,0.0621545238549,0.0621545238549,0.0621545238549,0.0621545238549,0.0621545238549,0.0621545238549,0.0621545238549,0.0621545238549
0.7,0.0725728036477,0.0725728036477,0.0725728036477,0.0725728036477,0.0725728036477,0.0725728036477,0.0725728036477,0.0725728036477,0.0725728036477,0.0725728036477
0.8,0.0830079955787,0.0830079955787,0.0830079955787,0.0830079955787,0.0830079955787,0.0830079955787,0.0830079955787,0.0830079955787,0.0830079955787,0.0830079955787
0.9,0.0934600996479,0.0934600996479,0.0934600996479,0.0934600996479,0.0934600996479,0.0934600996479,0.0934600996479,0.0934600996479,0.0934600996479,0.0934600996479
1.0,0.103929115855,0.103929115855,0.103929115855,0.103929115855,0.103929115855,0.103929115855,0.103929115855,0.103929115855,0.103929115855,0.103929115855
1.1,0.114415044201,0.114415044201,0.114415044201,0.114415044201,0.114415044201,0.114415044201,0.114415044201,0.114415044201,0.114415044201,0.114415044201
1.2,0.124917884685,0.124917884685,0.124917884685,0.124917884685,0.124917884685,0.124917884685,0.124917884685,0.124917884685,0.124917884685,0.124917884685
1.3,0.135437637306,0.135437637306,0.135437637306,0.135437637306,0.135437637306,0.135437637306,0.135437637306,0.135437637306,0.135437637306,0.135437637306
1.4,0.145974302067,0.145974302067,0.145974302067,0.145974302067,0.145974302067,0.145974302067,0.145974302067,0.145974302067,0.145974302067,0.145974302067
1.5,0.156527878965,0.156527878965,0.156527878965,0.156527878965,0.156527878965,0.156527878965,0.156527878965,0.156527878965,0.156527878965,0.156527878965
1.6,0.167098368001,0.167098368001,0.167098368001,0.167098368001,0.167098368001,0.167098368001,0.167098368001,0.167098368001,0.167098368001,0.167098368001
1.7,0.177685769176,0.177685769176,0.177685769176,0.177685769176,0.177685769176,0.177685769176,0.177685769176,0.177685769176,0.177685769176,0.177685769176
1.8,0.188290082489,0.188290082489,0.188290082489,0.188290082489,0.188290082489,0.188290082489,0.188290082489,0.188290082489,0.188290082489,0.188290082489
1.9,0.19891130794,0.19891130794,0.19891130794,0.19891130794,0.19891130794,0.19891130794,0.19891130794,0.19891130794,0.19891130794,0.19891130794
2.0,0.209549445529,0.209549445529,0.209549445529,0.209549445529,0.209549445529,0.209549445529,0.209549445529,0.209549445529,0.209549445529,0.209549445529
2.1,0.220204495257,0.220204495257,0.220204495257,0.220204495257,0.220204495257,0.220204495257,0.220204495257,0.220204495257,0.220204495257,0.220204495257
2.2,0.230876457122,0.230876457122,0.230876457122,0.230876457122,0.230876457122,0.230876457122,0.230876457122,0.230876457122,0.230876457122,0.230876457122
2.3,0.241565331126,0.241565331126,0.241565331126,0.241565331126,0.241565331126,0.241565331126,0.241565331126,0.241565331126,0.241565331126,0.241565331126
2.4,0.252271117268,0.252271117268,0.252271117268,0.252271117268,0.252271117268,0.252271117268,0.252271117268,0.252271117268,0.252271117268,0.252271117268
2.5,0.262993815548,0.262993815548,0.262993815548,0.262993815548,0.262993815548,0.262993815548,0.262993815548,0.262993815548,0.262993815548,0.262993815548
2.6,0.273733425966,0.273733425966,0.273733425966,0.273733425966,0.273733425966,0.273733425966,0.273733425966,0.273733425966,0.273733425966,0.273733425966
2.7,0.284489948523,0.284489948523,0.284489948523,0.284489948523,0.284489948523,0.284489948523,0.284489948523,0.284489948523,0.284489948523,0.284489948523
2.8,0.295263383218,0.295263383218,0.295263383218,0.295263383218,0.295263383218,0.295263383218,0.295263383218,0.295263383218,0.295263383218,0.295263383218
2.9,0.306053730051,0.306053730051,0.306053730051,0.306053730051,0.306053730051,0.306053730051,0.306053730051,0.306053730051,0.306053730051,0.306053730051
3.0,0.316860989022,0.316860989022,0.316860989022,0.316860989022,0.316860989022,0.316860989022,0.316860989022,0.316860989022,0.316860989022,0.316860989022
3.1,0.327685160131,0.327685160131,0.327685160131,0.327685160131,0.327685160131,0.327685160131,0.327685160131,0.327685160131,0.327685160131,0.327685160131
3.2,0.338526243378,0.338526243378,0.338526243378,0.338526243378,0.338526243378,0.338526243378,0.338526243378,0.338526243378,0.338526243378,0.338526243378
3.3,0.349384238764,0.349384238764,0.349384238764,0.349384238764,0.349384238764,0.349384238764,0.349384238764,0.349384238764,0.349384238764,0.349384238764
3.4,0.360259146288,0.360259146288,0.360259146288,0.360259146288,0.360259146288,0.360259146288,0.360259146288,0.360259146288,0.360259146288,0.360259146288
3.5,0.37115096595,0.37115096595,0.37115096595,0.37115096595,0.37115096595,0.37115096595,0.37115096595,0.37115096595,0.37115096595,0.37115096595
3.6,0.38205969775,0.38205969775,0.38205969775,0.38205969775,0.38205969775,0.38205969775,0.38205969775,0.38205969775,0.38205969775,0.38205969775
3.7,0.392985341689,0.392985341689,0.392985341689,0.392985341689,0.392985341689,0.392985341689,0.392985341689,0.392985341689,0.392985341689,0.392985341689
3.8,0.403927897765,0.403927897765,0.403927897765,0.403927897765,0.403927897765,0.403927897765,0.403927897765,0.403927897765,0.403927897765,0.403927897765
3.9,0.41488736598,0.41488736598,0.41488736598,0.41488736598,0.41488736598,0.41488736598,0.41488736598,0.41488736598,0.41488736598,0.41488736598
4.0,0.425863746333,0.425863746333,0.425863746333,0.425863746333,0.425863746333,0.425863746333,0.425863746333,0.425863746333,0.425863746333,0.425863746333
4.1,0.436857038824,0.436857038824,0.436857038824,0.436857038824,0.436857038824,0.436857038824,0.436857038824,0.436857038824,0.436857038824,0.436857038824
4.2,0.447867243453,0.447867243453,0.447867243453,0.447867243453,0.447867243453,0.447867243453,0.447867243453,0.447867243453,0.447867243453,0.447867243453
4.3,0.458894360221,0.458894360221,0.458894360221,0.458894360221,0.458894360221,0.458894360221,0.458894360221,0.458894360221,0.458894360221,0.458894360221
4.4,0.469938389126,0.469938389126,0.469938389126,0.469938389126,0.469938389126,0.469938389126,0.469938389126,0.469938389126,0.469938389126,0.469938389126
4.5,0.48099933017,0.48099933017,0.48099933017,0.48099933017,0.48099933017,0.48099933017,0.48099933017,0.48099933017,0.48099933017,0.48099933017
4.6,0.492077183352,0.492077183352,0.492077183352,0.492077183352,0.492077183352,0.492077183352,0.492077183352,0.492077183352,0.492077183352,0.492077183352
4.7,0.503171948673,0.503171948673,0.503171948673,0.503171948673,0.503171948673,0.503171948673,0.503171948673,0.503171948673,0.503171948673,0.503171948673
4.8,0.514283626131,0.514283626131,0.514283626131,0.514283626131,0.514283626131,0.514283626131,0.514283626131,0.514283626131,0.514283626131,0.514283626131
4.9,0.525412215728,0.525412215728,0.525412215728,0.525412215728,0.525412215728,0.525412215728,0.525412215728,0.525412215728,0.525412215728,0.525412215728
5.0,0.536557717463,0.536557717463,0.536557717463,0.536557717463,0.536557717463,0.536557717463,0.536557717463,0.536557717463,0.536557717463,0.536557717463
5.1,0.547720131336,0.547720131336,0.547720131336,0.547720131336,0.547720131336,0.547720131336,0.547720131336,0.547720131336,0.547720131336,0.547720131336
5.2,0.558899457347,0.558899457347,0.558899457347,0.558899457347,0.558899457347,0.558899457347,0.558899457347,0.558899457347,0.558899457347,0.558899457347
5.3,0.570095695496,0.570095695496,0.570095695496,0.570095695496,0.570095695496,0.570095695496,0.570095695496,0.570095695496,0.570095695496,0.570095695496
5.4,0.581308845784,0.581308845784,0.581308845784,0.581308845784,0.581308845784,0.581308845784,0.581308845784,0.581308845784,0.581308845784,0.581308845784
5.5,0.59253890821,0.59253890821,0.59253890821,0.59253890821,0.59253890821,0.59253890821,0.59253890821,0.59253890821,0.59253890821,0.59253890821
5.6,0.603785882773,0.603785882773,0.603785882773,0.603785882773,0.603785882773,0.603785882773,0.603785882773,0.603785882773,0.603785882773,0.603785882773
5.7,0.615049769476,0.615049769476,0.615049769476,0.615049769476,0.615049769476,0.615049769476,0.615049769476,0.615049769476,0.615049769476,0.615049769476
5.8,0.626330568316,0.626330568316,0.626330568316,0.626330568316,0.626330568316,0.626330568316,0.626330568316,0.626330568316,0.626330568316,0.626330568316
5.9,0.637628279294,0.637628279294,0.637628279294,0.637628279294,0.637628279294,0.637628279294,0.637628279294,0.637628279294,0.637628279294,0.637628279294
6.0,0.648942902411,0.648942902411,0.648942902411,0.648942902411,0.648942902411,0.648942902411,0.648942902411,0.648942902411,0.648942902411,0.648942902411
6.1,0.660274437666,0.660274437666,0.660274437666,0.660274437666,0.660274437666,0.660274437666,0.660274437666,0.660274437666,0.660274437666,0.660274437666
6.2,0.671622885059,0.671622885059,0.671622885059,0.671622885059,0.671622885059,0.671622885059,0.671622885059,0.671622885059,0.671622885059,0.671622885059
6.3,0.68298824459,0.68298824459,0.68298824459,0.68298824459,0.68298824459,0.68298824459,0.68298824459,0.68298824459,0.68298824459,0.68298824459
6.4,0.69437051626,0.69437051626,0.69437051626,0.69437051626,0.69437051626,0.69437051626,0.69437051626,0.69437051626,0.69437051626,0.69437051626
6.5,0.705769700067,0.705769700067,0.705769700067,0.705769700067,0.705769700067,0.705769700067,0.705769700067,0.705769700067,0.705769700067,0.705769700067
6.6,0.717185796013,0.717185796013,0.717185796013,0.717185796013,0.717185796013,0.717185796013,0.717185796013,0.717185796013,0.717185796013,0.717185796013
6.7,0.728618804097,0.728618804097,0.728618804097,0.728618804097,0.728618804097,0.728618804097,0.728618804097,0.728618804097,0.728618804097,0.728618804097
6.8,0.740068724319,0.740068724319,0.740068724319,0.740068724319,0.740068724319,0.740068724319,0.740068724319,0.740068724319,0.740068724319,0.740068724319
6.9,0.75153555668,0.75153555668,0.75153555668,0.75153555668,0.75153555668,0.75153555668,0.75153555668,0.75153555668,0.75153555668,0.75153555668
7.0,0.763019301178,0.763019301178,0.763019301178,0.763019301178,0.763019301178,0.763019301178,0.763019301178,0.763019301178,0.763019301178,0.763019301178
7.1,0.774519957815,0.774519957815,0.774519957815,0.774519957815,0.774519957815,0.774519957815,0.774519957815,0.774519957815,0.774519957815,0.774519957815
7.2,0.78603752659,0.78603752659,0.78603752659,0.78603752659,0.78603752659,0.78603752659,0.78603752659,0.78603752659,0.78603752659,0.78603752659
7.3,0.797572007503,0.797572007503,0.797572007503,0.797572007503,0.797572007503,0.797572007503,0.797572007503,0.797572007503,0.797572007503,0.797572007503
7.4,0.809123400554,0.809123400554,0.809123400554,0.809123400554,0.809123400554,0.809123400554,0.809123400554,0.809123400554,0.809123400554,0.809123400554
7.5,0.820691705744,0.820691705744,0.820691705744,0.820691705744,0.820691705744,0.820691705744,0.820691705744,0.820691705744,0.820691705744,0.820691705744
7.6,0.832276923071,0.832276923071,0.832276923071,0.832276923071,0.832276923071,0.832276923071,0.832276923071,0.832276923071,0.832276923071,0.832276923071
7.7,0.843879052537,0.843879052537,0.843879052537,0.843879052537,0.843879052537,0.843879052537,0.843879052537,0.843879052537,0.843879052537,0.843879052537
7.8,0.855498094141,0.855498094141,0.855498094141,0.855498094141,0.855498094141,0.855498094141,0.855498094141,0.855498094141,0.855498094141,0.855498094141
7.9,0.867134047884,0.867134047884,0.867134047884,0.867134047884,0.867134047884,0.867134047884,0.867134047884,0.867134047884,0.867134047884,0.867134047884
8.0,0.878786913764,0.878786913764,0.878786913764,0.878786913764,0.878786913764,0.878786913764,0.878786913764,0.878786913764,0.878786913764,0.878786913764
8.1,0.890456691783,0.890456691783,0.890456691783,0.890456691783,0.890456691783,0.890456691783,0.890456691783,0.890456691783,0.890456691783,0.890456691783
8.2,0.902143381939,0.902143381939,0.902143381939,0.902143381939,0.902143381939,0.902143381939,0.902143381939,0.902143381939,0.902143381939,0.902143381939
8.3,0.913846984234,0.913846984234,0.913846984234,0.913846984234,0.913846984234,0.913846984234,0.913846984234,0.913846984234,0.913846984234,0.913846984234
8.4,0.925567498667,0.925567498667,0.925567498667,0.925567498667,0.925567498667,0.925567498667,0.925567498667,0.925567498667,0.925567498667,0.925567498667
8.5,0.937304925239,0.937304925239,0.937304925239,0.937304925239,0.937304925239,0.937304925239,0.937304925239,0.937304925239,0.937304925239,0.937304925239
8.6,0.949059263948,0.949059263948,0.949059263948,0.949059263948,0.949059263948,0.949059263948,0.949059263948,0.949059263948,0.949059263948,0.949059263948
8.7,0.960830514796,0.960830514796,0.960830514796,0.960830514796,0.960830514796,0.960830514796,0.960830514796,0.960830514796,0.960830514796,0.960830514796
8.8,0.972618677782,0.972618677782,0.972618677782,0.972618677782,0.972618677782,0.972618677782,0.972618677782,0.972618677782,0.972618677782,0.972618677782
8.9,0.984423752906,0.984423752906,0.984423752906,0.984423752906,0.984423752906,0.984423752906,0.984423752906,0.984423752906,0.984423752906,0.984423752906
9.0,0.996245740168,0.996245740168,0.996245740168,0.996245740168,0.996245740168,0.996245740168,0.996245740168,0.996245740168,0.996245740168,0.996245740168
9.1,1.00808463957,1.00808463957,1.00808463957,1.00808463957,1.00808463957,1.00808463957,1.00808463957,1.00808463957,1.00808463957,1.00808463957
9.2,1.01994045111,1.01994045111,1.01994045111,1.01994045111,1.01994045111,1.01994045111,1.01994045111,1.01994045111,1.01994045111,1.01994045111
9.3,1.03181317478,1.03181317478,1.03181317478,1.03181317478,1.03181317478,1.03181317478,1.03181317478,1.03181317478,1.03181317478,1.03181317478
9.4,1.0437028106,1.0437028106,1.0437028106,1.0437028106,1.0437028106,1.0437028106,1.0437028106,1.0437028106,1.0437028106,1.0437028106
9.5,1.05560935855,1.05560935855,1.05560935855,1.05560935855,1.05560935855,1.05560935855,1.05560935855,1.05560935855,1.05560935855,1.05560935855
9.6,1.06753281864,1.06753281864,1.06753281864,1.06753281864,1.06753281864,1.06753281864,1.06753281864,1.06753281864,1.06753281864,1.06753281864
9.7,1.07947319087,1.07947319087,1.07947319087,1.07947319087,1.07947319087,1.07947319087,1.07947319087,1.07947319087,1.07947319087,1.07947319087
9.8,1.09143047524,1.09143047524,1.09143047524,1.09143047524,1.09143047524,1.09143047524,1.09143047524,1.09143047524,1.09143047524,1.09143047524
9.9,1.10340467175,1.10340467175,1.10340467175,1.10340467175,1.10340467175,1.10340467175,1.10340467175,1.10340467175,1.10340467175,1.10340467175
10.0,1.11539578039,1.11539578039,1.11539578039,1.11539578039,1.11539578039,1.11539578039,1.11539578039,1.11539578039,1.11539578039,1.11539578039
10.1,1.12740380117,1.12740380117,1.12740380117,1.12740380117,1.12740380117,1.12740380117,1.12740380117,1.12740380117,1.12740380117,1.12740380117
10.2,1.13942873409,1.13942873409,1.13942873409,1.13942873409,1.13942873409,1.13942873409,1.13942873409,1.13942873409,1.13942873409,1.13942873409
10.3,1.15147057915,1.15147057915,1.15147057915,1.15147057915,1.15147057915,1.15147057915,1.15147057915,1.15147057915,1.15147057915,1.15147057915
10.4,1.16352933635,1.16352933635,1.16352933635,1.16352933635,1.16352933635,1.16352933635,1.16352933635,1.16352933635,1.16352933635,1.16352933635
10.5,1.17560500568,1.17560500568,1.17560500568,1.17560500568,1.17560500568,1.17560500568,1.17560500568,1.17560500568,1.17560500568,1.17560500568
10.6,1.18769758716,1.18769758716,1.18769758716,1.18769758716,1.18769758716,1.18769758716,1.18769758716,1.18769758716,1.18769758716,1.18769758716
10.7,1.19980708077,1.19980708077,1.19980708077,1.19980708077,1.19980708077,1.19980708077,1.19980708077,1.19980708077,1.19980708077,1.19980708077
10.8,1.21193348652,1.21193348652,1.21193348652,1.21193348652,1.21193348652,1.21193348652,1.21193348652,1.21193348652,1.21193348652,1.21193348652
10.9,1.22407680441,1.22407680441,1.22407680441,1.22407680441,1.22407680441,1.22407680441,1.22407680441,1.22407680441,1.22407680441,1.22407680441
11.0,1.23623703443,1.23623703443,1.23623703443,1.23623703443,1.23623703443,1.23623703443,1.23623703443,1.23623703443,1.23623703443,1.23623703443
11.1,1.2484141766,1.2484141766,1.2484141766,1.2484141766,1.2484141766,1.2484141766,1.2484141766,1.2484141766,1.2484141766,1.2484141766
11.2,1.2606082309,1.2606082309,1.2606082309,1.2606082309,1.2606082309,1.2606082309,1.2606082309,1.2606082309,1.2606082309,1.2606082309
11.3,1.27281919734,1.27281919734,1.27281919734,1.27281919734,1.27281919734,1.27281919734,1.27281919734,1.27281919734,1.27281919734,1.27281919734
11.4,1.28504707592,1.28504707592,1.28504707592,1.28504707592,1.28504707592,1.28504707592,1.28504707592,1.28504707592,1.28504707592,1.28504707592
11.5,1.29729186664,1.29729186664,1.29729186664,1.29729186664,1.29729186664,1.29729186664,1.29729186664,1.29729186664,1.29729186664,1.29729186664
11.6,1.30955356949,1.30955356949,1.30955356949,1.30955356949,1.30955356949,1.30955356949,1.30955356949,1.30955356949,1.30955356949,1.30955356949
11.7,1.32183218448,1.32183218448,1.32183218448,1.32183218448,1.32183218448,1.32183218448,1.32183218448,1.32183218448,1.32183218448,1.32183218448
11.8,1.33412771162,1.33412771162,1.33412771162,1.33412771162,1.33412771162,1.33412771162,1.33412771162,1.33412771162,1.33412771162,1.33412771162
11.9,1.34644015089,1.34644015089,1.34644015089,1.34644015089,1.34644015089,1.34644015089,1.34644015089,1.34644015089,1.34644015089,1.34644015089
12.0,1.35876950229,1.35876950229,1.35876950229,1.35876950229,1.35876950229,1.35876950229,1.35876950229,1.35876950229,1.35876950229,1.35876950229
12.1,1.37111576584,1.37111576584,1.37111576584,1.37111576584,1.37111576584,1.37111576584,1.37111576584,1.37111576584,1.37111576584,1.37111576584
12.2,1.38347894152,1.38347894152,1.38347894152,1.38347894152,1.38347894152,1.38347894152,1.38347894152,1.38347894152,1.38347894152,1.38347894152
12.3,1.39585902935,1.39585902935,1.39585902935,1.39585902935,1.39585902935,1.39585902935,1.39585902935,1.39585902935,1.39585902935,1.39585902935
12.4,1.40825602931,1.40825602931,1.40825602931,1.40825602931,1.40825602931,1.40825602931,1.40825602931,1.40825602931,1.40825602931,1.40825602931
12.5,1.42066994141,1.42066994141,1.42066994141,1.42066994141,1.42066994141,1.42066994141,1.42066994141,1.42066994141,1.42066994141,1.42066994141
12.6,1.43310076564,1.43310076564,1.43310076564,1.43310076564,1.43310076564,1.43310076564,1.43310076564,1.43310076564,1.43310076564,1.43310076564
12.7,1.44554850202,1.44554850202,1.44554850202,1.44554850202,1.44554850202,1.44554850202,1.44554850202,1.44554850202,1.44554850202,1.44554850202
12.8,1.45801315053,1.45801315053,1.45801315053,1.45801315053,1.45801315053,1.45801315053,1.45801315053,1.45801315053,1.45801315053,1.45801315053
12.9,1.47049471118,1.47049471118,1.47049471118,1.47049471118,1.47049471118,1.47049471118,1.47049471118,1.47049471118,1.47049471118,1.47049471118
13.0,1.48299318397,1.48299318397,1.48299318397,1.48299318397,1.48299318397,1.48299318397,1.48299318397,1.48299318397,1.48299318397,1.48299318397
13.1,1.4955085689,1.4955085689,1.4955085689,1.4955085689,1.4955085689,1.4955085689,1.4955085689,1.4955085689,1.4955085689,1.4955085689
13.2,1.50804086597,1.50804086597,1.50804086597,1.50804086597,1.50804086597,1.50804086597,1.50804086597,1.50804086597,1.50804086597,1.50804086597
13.3,1.52059007517,1.52059007517,1.52059007517,1.52059007517,1.52059007517,1.52059007517,1.52059007517,1.52059007517,1.52059007517,1.52059007517
13.4,1.53315619651,1.53315619651,1.53315619651,1.53315619651,1.53315619651,1.53315619651,1.53315619651,1.53315619651,1.53315619651,1.53315619651
13.5,1.54573922999,1.54573922999,1.54573922999,1.54573922999,1.54573922999,1.54573922999,1.54573922999,1.54573922999,1.54573922999,1.54573922999
13.6,1.55833917561,1.55833917561,1.55833917561,1.55833917561,1.55833917561,1.55833917561,1.55833917561,1.55833917561,1.55833917561,1.55833917561
13.7,1.57095603337,1.57095603337,1.57095603337,1.57095603337,1.57095603337,1.57095603337,1.57095603337,1.57095603337,1.57095603337,1.57095603337
13.8,1.58358980326,1.58358980326,1.58358980326,1.58358980326,1.58358980326,1.58358980326,1.58358980326,1.58358980326,1.58358980326,1.58358980326
13.9,1.5962404853,1.5962404853,1.5962404853,1.5962404853,1.5962404853,1.5962404853,1.5962404853,1.5962404853,1.5962404853,1.5962404853
14.0,1.60890807947,1.60890807947,1.60890807947,1.60890807947,1.60890807947,1.60890807947,1.60890807947,1.60890807947,1.60890807947,1.60890807947
14.1,1.62159258578,1.62159258578,1.62159258578,1.62159258578,1.62159258578,1.62159258578,1.62159258578,1.62159258578,1.62159258578,1.62159258578
14.2,1.63429400423,1.63429400423,1.63429400423,1.63429400423,1.63429400423,1.63429400423,1.63429400423,1.63429400423,1.63429400423,1.63429400423
14.3,1.64701233481,1.64701233481,1.64701233481,1.64701233481,1.64701233481,1.64701233481,1.64701233481,1.64701233481,1.64701233481,1.64701233481
14.4,1.65974757754,1.65974757754,1.65974757754,1.65974757754,1.65974757754,1.65974757754,1.65974757754,1.65974757754,1.65974757754,1.65974757754
14.5,1.6724997324,1.6724997324,1.6724997324,1.6724997324,1.6724997324,1.6724997324,1.6724997324,1.6724997324,1.6724997324,1.6724997324
14.6,1.6852687994,1.6852687994,1.6852687994,1.6852687994,1.6852687994,1.6852687994,1.6852687994,1.6852687994,1.6852687994,1.6852687994
14.7,1.69805477854,1.69805477854,1.69805477854,1.69805477854,1.69805477854,1.69805477854,1.69805477854,1.69805477854,1.69805477854,1.69805477854
14.8,1.71085766982,1.71085766982,1.71085766982,1.71085766982,1.71085766982,1.71085766982,1.71085766982,1.71085766982,1.71085766982,1.71085766982
14.9,1.72367747323,1.72367747323,1.72367747323,1.72367747323,1.72367747323,1.72367747323,1.72367747323,1.72367747323,1.72367747323,1.72367747323
15.0,1.73651418879,1.73651418879,1.73651418879,1.73651418879,1.73651418879,1.73651418879,1.73651418879,1.73651418879,1.73651418879,1.73651418879
15.1,1.74936781648,1.74936781648,1.74936781648,1.74936781648,1.74936781648,1.74936781648,1.74936781648,1.74936781648,1.74936781648,1.74936781648
15.2,1.76223835631,1.76223835631,1.76223835631,1.76223835631,1.76223835631,1.76223835631,1.76223835631,1.76223835631,1.76223835631,1.76223835631
15.3,1.77512580828,1.77512580828,1.77512580828,1.77512580828,1.77512580828,1.77512580828,1.77512580828,1.77512580828,1.77512580828,1.77512580828
15.4,1.78803017238,1.78803017238,1.78803017238,1.78803017238,1.78803017238,1.78803017238,1.78803017238,1.78803017238,1.78803017238,1.78803017238
15.5,1.80095144863,1.80095144863,1.80095144863,1.80095144863,1.80095144863,1.80095144863,1.80095144863,1.80095144863,1.80095144863,1.80095144863
15.6,1.81388963701,1.81388963701,1.81388963701,1.81388963701,1.81388963701,1.81388963701,1.81388963701,1.81388963701,1.81388963701,1.81388963701
15.7,1.82684473753,1.82684473753,1.82684473753,1.82684473753,1.82684473753,1.82684473753,1.82684473753,1.82684473753,1.82684473753,1.82684473753
15.8,1.83981675019,1.83981675019,1.83981675019,1.83981675019,1.83981675019,1.83981675019,1.83981675019,1.83981675019,1.83981675019,1.83981675019
15.9,1.85280567499,1.85280567499,1.85280567499,1.85280567499,1.85280567499,1.85280567499,1.85280567499,1.85280567499,1.85280567499,1.85280567499
16.0,1.86581151192,1.86581151192,1.86581151192,1.86581151192,1.86581151192,1.86581151192,1.86581151192,1.86581151192,1.86581151192,1.86581151192
16.1,1.87883426099,1.87883426099,1.87883426099,1.87883426099,1.87883426099,1.87883426099,1.87883426099,1.87883426099,1.87883426099,1.87883426099
16.2,1.89187392221,1.89187392221,1.89187392221,1.89187392221,1.89187392221,1.89187392221,1.89187392221,1.89187392221,1.89187392221,1.89187392221
16.3,1.90493049556,1.90493049556,1.90493049556,1.90493049556,1.90493049556,1.90493049556,1.90493049556,1.90493049556,1.90493049556,1.90493049556
16.4,1.91800398104,1.91800398104,1.91800398104,1.91800398104,1.91800398104,1.91800398104,1.91800398104,1.91800398104,1.91800398104,1.91800398104
16.5,1.93109437867,1.93109437867,1.93109437867,1.93109437867,1.93109437867,1.93109437867,1.93109437867,1.93109437867,1.93109437867,1.93109437867
16.6,1.94420168843,1.94420168843,1.94420168843,1.94420168843,1.94420168843,1.94420168843,1.94420168843,1.94420168843,1.94420168843,1.94420168843
16.6666666667,1.9542620792,1.9542620792,1.9542620792,1.9542620792,1.9542620792,1.9542620792,1.9542620792,1.9542620792,1.9542620792,1.9542620792
16.7666666667,1.96739926707,1.96739926707,1.96739926707,1.96739926707,1.96739926707,1.96739926707,1.96739926707,1.96739926707,1.96739926707,1.96739926707
16.8666666667,1.98055336709,1.98055336709,1.98055336709,1.98055336709,1.98055336709,1.98055336709,1.98055336709,1.98055336709,1.98055336709,1.98055336709
16.9666666667,1.99372437924,1.99372437924,1.99372437924,1.99372437924,1.99372437924,1.99372437924,1.99372437924,1.99372437924,1.99372437924,1.99372437924
17.0666666667,2.00691230353,2.00691230353,2.00691230353,2.00691230353,2.00691230353,2.00691230353,2.00691230353,2.00691230353,2.00691230353,2.00691230353
17.1666666667,2.02011713995,2.02011713995,2.02011713995,2.02011713995,2.02011713995,2.02011713995,2.02011713995,2.02011713995,2.02011713995,2.02011713995
17.2666666667,2.03333888852,2.03333888852,2.03333888852,2.03333888852,2.03333888852,2.03333888852,2.03333888852,2.03333888852,2.03333888852,2.03333888852
17.3666666667,2.04657754923,2.04657754923,2.04657754923,2.04657754923,2.04657754923,2.04657754923,2.04657754923,2.04657754923,2.04657754923,2.04657754923
17.4666666667,2.05983312207,2.05983312207,2.05983312207,2.05983312207,2.05983312207,2.05983312207,2.05983312207,2.05983312207,2.05983312207,2.05983312207
17.5666666667,2.07295232701,2.07294579654,2.07293920889,2.07293256405,2.07292586202,2.07291910281,2.07291228641,2.07290541283,2.07289848206,2.07289149411
17.6666666667,2.08623297874,2.08621740744,2.08620148353,2.08618520701,2.08616857786,2.0861515961,2.08613426173,2.08611657473,2.08609853512,2.0860801429
17.7666666667,2.09953041134,2.09950541636,2.09947952174,2.09945272746,2.09942503354,2.09939643998,2.09936694677,2.09933655391,2.0993052614,2.09927306925
17.8666666667,2.11284462474,2.11280982299,2.1127733228,2.11273512417,2.1126952271,2.11265363161,2.11261033767,2.11256534531,2.1125186545,2.11247026527
17.9666666667,2.12617561888,2.12613062702,2.12608288602,2.12603239588,2.1259791566,2.12592316817,2.12586443061,2.12580294391,2.12573870806,2.12567172308
18.0666666667,2.13952339367,2.13946782816,2.13940821072,2.13934454135,2.13927682007,2.13920504686,2.13912922174,2.13904934469,2.13896541572,2.13887743483
18.1666666667,2.15288794906,2.15282142609,2.15274929619,2.15267155936,2.15258821558,2.15249926488,2.15240470723,2.15230454265,2.15219877113,2.15208739269
18.2666666667,2.16626928495,2.16619142053,2.16610614177,2.16601344866,2.16591334121,2.16580581941,2.16569088328,2.1655685328,2.16543876798,2.16530158883
18.3666666667,2.17936539168,2.17926749358,2.17916002504,2.17904298604,2.1789163766,2.17878019672,2.17863444639,2.17847912561,2.17831423439,2.17813977273
18.4666666667,2.19277133154,2.19265220597,2.19252085156,2.19237726831,2.19222145621,2.19205341527,2.19187314549,2.19168064687,2.19147591941,2.19125896312
18.5666666667,2.20619392047,2.20605279989,2.20589628758,2.20572438353,2.20553708775,2.20533440025,2.20511632102,2.20488285007,2.20463398739,2.204369733
18.6666666667,2.21963315835,2.21946927474,2.2192863317,2.21908432925,2.21886326738,2.21862314609,2.21836396538,2.21808572527,2.21778842574,2.21747206682
18.7666666667,2.23308904501,2.23290162991,2.23269098258,2.23245710302,2.23219999124,2.23191964723,2.23161607101,2.23128926257,2.23093922191,2.23056594905
18.8666666667,2.24656158032,2.24634986482,2.24611023884,2.2458427024,2.24554725551,2.24522389815,2.24487263034,2.24449345208,2.24408636338,2.24365136424
18.9666666667,2.26005076414,2.25981397886,2.25954409913,2.25924112496,2.25890505635,2.25853589331,2.25813363584,2.25769828395,2.25722983764,2.25672829692
19.0666666667,2.27325989856,2.27299425242,2.27268981239,2.27234657846,2.27196455065,2.27154372896,2.2710841134,2.27058570397,2.27004850067,2.26947250352
19.1666666667,2.28677350263,2.28647235896,2.28612603018,2.28573451629,2.28529781729,2.28481593319,2.28428886399,2.28371660971,2.28309917035,2.28243654592
19.2666666667,2.30030362364,2.29996582907,2.29957569996,2.29913323632,2.29863843814,2.29809130544,2.29749183822,2.2968400365,2.29613590028,2.29537942957
19.3666666667,2.31385026141,2.31347466187,2.3130388197,2.31254273491,2.31198640749,2.31136983747,2.31069302484,2.30995596962,2.30915867181,2.30830113143
19.4666666667,2.3274134157,2.32699885646,2.32651538737,2.32596300844,2.32534171966,2.32465152105,2.32389241262,2.32306439438,2.32216746634,2.32120162851
19.5666666667,2.34099308632,2.34053841197,2.34000540095,2.33939405328,2.33870436895,2.33793634798,2.33708999038,2.33616529615,2.33516226531,2.33408089787
19.6666666667,2.35458927304,2.3540933275,2.35350885843,2.35283586582,2.3520743497,2.35122431007,2.35028574694,2.34925866031,2.3481430502,2.34693891663
19.7666666667,2.36790703777,2.36736737466,2.36672824003,2.36598963387,2.36515155619,2.36421400699,2.36317698628,2.36204049408,2.36080453039,2.35946909523
19.8666666667,2.38152740762,2.38093534805,2.38023196405,2.37941725561,2.37849122276,2.37745386548,2.3763051838,2.37504517771,2.37367384723,2.37219119237
19.9666666667,2.39516416189,2.3945181652,2.39374797825,2.39285360104,2.39183503356,2.39069227584,2.38942532787,2.38803418965,2.38651886121,2.38487934254
20.0666666667,2.40881730031,2.40811582495,2.40727627997,2.40629866534,2.40518298109,2.4039292272,2.40253740368,2.40100751053,2.39933954776,2.39753351538
20.1666666667,2.42248682258,2.42172832613,2.42081686653,2.41975244376,2.41853505783,2.41716470872,2.41564139645,2.41396512101,2.41213588239,2.4101536806
20.2666666667,2.43617272843,2.43535566757,2.43436973527,2.43321493151,2.4318912563,2.43039870961,2.42873729144,2.42690700179,2.42490784063,2.42273980798
20.3666666667,2.44987501758,2.44899784811,2.44793488354,2.44668612385,2.44525156904,2.44363121907,2.44182507394,2.43983313363,2.43765539811,2.43529186737
20.4666666667,2.46329787336,2.46235689669,2.46121218153,2.45986372786,2.45831153566,2.45655560489,2.45459593552,2.45243252753,2.45006538089,2.44749449555
20.5666666667,2.4770240683,2.47601104265,2.47477515261,2.47331639815,2.47163477924,2.46973029582,2.46760294787,2.46525273533,2.46267965816,2.4598837163
20.6666666667,2.49076651469,2.48967951068,2.48834924768,2.48677572565,2.48495894455,2.4828989043,2.48059560487,2.47804904617,2.47525922814,2.47222615071
20.7666666667,2.50452521219,2.50336229932,2.50193446343,2.50024170444,2.4982840223,2.49606141692,2.49357388822,2.49082143611,2.4878040605,2.48452176129
20.8666666667,2.51830016044,2.51705940715,2.51553079657,2.51371432862,2.51161000323,2.50921782028,2.50653777967,2.50356988127,2.50031412496,2.4967705106
20.9666666667,2.53209135911,2.53077083271,2.52913824381,2.52719359231,2.5249368781,2.52236810105,2.51948726101,2.51629435782,2.51278939132,2.50897236132
21.0666666667,2.54589880786,2.54449657457,2.54275680188,2.54067948963,2.5382646377,2.53551224591,2.53242231407,2.52899484198,2.52522982943,2.52112727618
21.1666666667,2.55942316267,2.55793164034,2.55607578775,2.55385560476,2.55127557103,2.54832765862,2.54501542837,2.54133888002,2.5372980133,2.53289282791
21.2666666667,2.57325419965,2.57166809737,2.569689372,2.56731802332,2.56455884796,2.56140332278,2.55785521188,2.55391451492,2.54958123156,2.54485536142
21.3666666667,2.58710135466,2.58541835283,2.58331290952,2.58078502449,2.5778398115,2.5744682519,2.57067431313,2.5664579948,2.56181929648,2.5567582177
21.4666666667,2.6009646273,2.599182405,2.59694639642,2.59425660128,2.59111845065,2.58752243006,2.58347271044,2.57896929128,2.57401217208,2.56860135225
21.5666666667,2.61484401716,2.61296025217,2.61058982879,2.60773274668,2.60439475442,2.60056584141,2.59625038214,2.59144837604,2.58615982244,2.58038472067
21.6666666667,2.62873952384,2.62675189263,2.62424320273,2.62121345372,2.61766871187,2.61359847012,2.60900730666,2.60389522079,2.59826221173,2.59210827864
21.7666666667,2.64235533137,2.64026109807,2.63760899756,2.63439990786,2.63064021308,2.62631890944,2.62144077889,2.61601273153,2.61002180905,2.6034740575
21.8666666667,2.65627421336,2.65406266502,2.65125563243,2.64785400663,2.64386448978,2.63927558101,2.6340922662,2.62832226396,2.62195121263,2.6149857777
21.9666666667,2.67020908002,2.66787750681,2.66491104996,2.6613106135,2.65708321781,2.65221686465,2.64671674387,2.64059138311,2.63382501647,2.62642492921
22.0666666667,2.68415993085,2.68170562146,2.67857524561,2.67476972036,2.67029638446,2.66514274196,2.65931418684,2.65282005616,2.64564317896,2.63779146059
22.1666666667,2.6981267654,2.695547007,2.69224821489,2.68823131913,2.68350397703,2.67805319463,2.67188457009,2.66500825038,2.65740565858,2.64908532047
22.2666666667,2.71210958319,2.70940166145,2.70592995328,2.70169540175,2.69670598287,2.69094820436,2.68442786865,2.67715593307,2.66911241387,2.6603064576
22.3666666667,2.72610838374,2.72326958284,2.71962045631,2.71516196017,2.70990238935,2.7038277529,2.69694405761,2.68926307164,2.6807634035,2.67145482083
22.4666666667,2.73982116618,2.73684046103,2.7330010074,2.72830377429,2.72275737566,2.71635286983,2.70908636592,2.70097501798,2.69200451711,2.68216930259
22.5666666667,2.75384298353,2.75071684621,2.7466814994,2.74173792507,2.73589505639,2.72914390822,2.72148004651,2.712921754,2.70345433562,2.69307104521
22.6666666667,2.7678806513,2.76460597895,2.76036959494,2.75517249414,2.74902392913,2.74191487125,2.7338403429,2.72481975614,2.71483802944,2.70388723043
22.7666666667,2.78193416896,2.77850785703,2.77406528889,2.76860747237,2.76214397953,2.75466573818,2.74616722676,2.73666898731,2.72615555151,2.71461780005
22.8666666667,2.79600353597,2.79242247819,2.78776857618,2.78204285062,2.77525519326,2.76739648829,2.75846066983,2.74846941048,2.73740685488,2.72526269595
22.9666666667,2.8100887518,2.80634984024,2.80147945171,2.79547861978,2.78835755603,2.78010710091,2.7707206439,2.76022098872,2.74859189268,2.73582186018
23.0666666667,2.82388781676,2.81997963404,2.81487919967,2.80859118168,2.80111982126,2.79245860457,2.78260685649,2.77158394352,2.75936493925,2.74595284849
23.1666666667,2.83799578261,2.83391440831,2.82857771107,2.82199057502,2.81415726857,2.80507134879,2.79473221488,2.78316012417,2.77032881454,2.75624198301
23.2666666667,2.85211946478,2.84786140337,2.84228264796,2.83538829888,2.82718265171,2.81765933438,2.80681782046,2.79467925847,2.78121604974,2.7664325838
23.3666666667,2.86625886268,2.86182061673,2.85599400467,2.84878434306,2.84019595465,2.83022253822,2.81886364163,2.80614130504,2.79202659236,2.77652458591
23.4666666667,2.88041397571,2.87579204591,2.86971177551,2.86217869741,2.85319716145,2.84276093723,2.83086964686,2.81754622261,2.80276039,2.78651792449
23.5666666667,2.89428986697,2.8894811995,2.88314103648,2.87527600407,2.86618625615,2.85527450836,2.8428358047,2.82889396995,2.81341739037,2.79641253481
23.6666666667,2.90846756836,2.90345945313,2.89684512672,2.88863144488,2.87882741749,2.86742427909,2.85441534036,2.83983736986,2.82365186365,2.80586596711
23.7666666667,2.92266085229,2.91744940205,2.91055446727,2.90198313335,2.8917447541,2.87983059543,2.86623349779,2.85099224893,2.83406662342,2.81546453595
23.8666666667,2.9368697181,2.93145104352,2.92426905185,2.91533105824,2.90464676052,2.89220745592,2.87800551421,2.86208174344,2.8443941955,2.82495155469
23.9666666667,2.95109416514,2.9454643748,2.93798887422,2.92867520834,2.91753341914,2.90455483507,2.88973135484,2.8731058078,2.85463452203,2.83432695168
24.0666666667,2.96533419275,2.95948939315,2.95171392813,2.94201557245,2.93040471237,2.91687270745,2.90141098494,2.88406439651,2.86478754525,2.84359065541
24.1666666667,2.97929222626,2.97322462916,2.96514146232,2.95504985397,2.94295617267,2.92885965835,2.91274773471,2.89495746418,2.8748532075,2.85274259447
24.2666666667,2.99355453489,2.98725520972,2.97885012597,2.96834670415,2.95575141583,2.94106410217,2.92427158676,2.90542279708,2.88447738639,2.86143104272
24.3666666667,3.00783229134,3.00129695604,2.99256285554,2.98163770269,2.96852807204,2.95323440617,2.93574292803,2.91610466588,2.89427864298,2.87025958655
24.4666666667,3.02212549489,3.01534986513,3.0062796442,2.99492283737,2.98128612206,2.96537054251,2.94716172049,2.92671278606,2.90398213187,2.87896352351
24.5666666667,3.03643414483,3.02941393401,3.02000048514,3.00820209594,2.9940255467,2.97747248343,2.95852792621,2.93724710787,2.91358778989,2.88754277535
24.6666666667,3.05075824045,3.0434891597,3.03372537154,3.02147546624,3.00674632678,2.9895402012,2.9698415073,2.94770758168,2.92309555398,2.89599726394
24.7666666667,3.06479578538,3.05726701363,3.0471409563,3.03442295131,3.01912626759,3.00125645619,2.98078746597,2.95778319263,2.93220786838,2.90432691127
24.8666666667,3.07914182781,3.07134653624,3.06084662117,3.04764758533,3.03176316841,3.01319994018,2.99193057407,2.96802146375,2.94143730644,2.9121610657
24.9666666667,3.09350318298,3.08543669358,3.07455516407,3.06086426198,3.04437819784,3.02510456051,3.00301474701,2.97817765015,2.95055843209,2.92013862116
25.0666666667,3.10787985012,3.09953748241,3.08826657762,3.07407296802,3.05697133507,3.03697028709,3.01403994367,2.98825169787,2.95957117678,2.92797847225
25.1666666667,3.12227182847,3.1136488995,3.10198085445,3.08727369024,3.06954255935,3.04879708987,3.02500612298,2.99824355308,2.96847547209,2.93568053413
25.2666666667,3.13638066259,3.12746947609,3.11539524316,3.10016413084,3.08179175307,3.06058493888,3.03591324395,3.00815316202,2.9772712497,2.9432447221
25.3666666667,3.15079437202,3.14158433862,3.12908839221,3.11331293978,3.09427414178,3.07198931081,3.04641452619,3.01764073393,2.985629237,2.9503643908
25.4666666667,3.16522325961,3.15570930676,3.14278323577,3.12645169349,3.10673138698,3.08364118081,3.05713520054,3.02730809793,2.99412133533,2.95755923934
25.5666666667,3.17966732451,3.16984437705,3.1564797659,3.13958037774,3.11916346628,3.09524944867,3.06779049518,3.03688496505,3.00249447965,2.96460333624
25.6666666667,3.19412656591,3.18398954603,3.17017797469,3.15269897833,3.13157035735,3.10681408204,3.0783803659,3.0463712773,3.0107485962,2.97149659
25.7666666667,3.20830516985,3.19784858533,3.18358293649,3.16580748108,3.1439520379,3.11833504867,3.08890476857,3.05576697675,3.01888361136,2.97823890927
25.8666666667,3.22278591302,3.21199629475,3.19725799155,3.17857866735,3.15598180139,3.12948974059,3.09904870048,3.06476803252,3.02689945159,2.98483020283
25.9666666667,3.23728169951,3.22615357963,3.21093355511,3.19162960479,3.16826614696,3.14086711939,3.10937692695,3.07390878587,3.03443349223,2.99092799919
26.0666666667,3.25179252843,3.24032043625,3.22460961869,3.20466836942,3.18052204596,3.15219617743,3.11963335655,3.08295066594,3.04212023235,2.9971185825
26.1666666667,3.26631839889,3.25449686091,3.23828617383,3.21769494604,3.19274947449,3.16347688012,3.12981794193,3.09189361057,3.04967734354,3.00314524013
26.2666666667,3.28056437478,3.26838836158,3.25196321207,3.2307093195,3.20494840872,3.17470919294,3.13993063586,3.10073755772,3.05710474687,3.00900787409
26.3666666667,3.29511149103,3.28256631697,3.26532471003,3.24339149269,3.21680113054,3.1855811911,3.14967475741,3.10948244547,3.06440236352,3.01470638652
26.4666666667,3.30967351551,3.29675331654,3.27897528582,3.25634449475,3.22889679234,3.19666137532,3.15958027842,3.11778108199,3.07124899348,3.01994275991
26.5666666667,3.3242504473,3.31094935635,3.29262517257,3.26928321608,3.24096071963,3.20768850958,3.16940757108,3.1262492677,3.07820138663,3.02522066242
26.6666666667,3.33884228543,3.32515443245,3.30627436127,3.28220764052,3.25299288699,3.21866255702,3.17915658494,3.1346101189,3.0850135264,3.03032152741
26.7666666667,3.35315497012,3.33936854091,3.31992284294,3.29511775193,3.26499326904,3.22958348087,3.18882726967,3.14286356945,3.09168532859,3.03524525027
26.8666666667,3.36776779753,3.35328137875,3.33325459457,3.30769713326,3.27665300904,3.24014985703,3.198419575,3.1510095533,3.0982167091,3.03999172651
26.9666666667,3.38239539786,3.36749548547,3.34687423296,3.32054185489,3.28854416669,3.25091009028,3.20759319447,3.1587228179,3.10460758394,3.04456085175
27.0666666667,3.39703777011,3.38171809984,3.36049199064,3.33337018326,3.30040029474,3.26161253384,3.21696100659,3.16657770005,3.11048672835,3.04861014371
27.1666666667,3.41169491327,3.39594921768,3.37410785808,3.34618210125,3.31222136624,3.27225714864,3.22624409116,3.17431682973,3.11650478966,3.05272587106
27.2666666667,3.42607189149,3.40989434674,3.38772182577,3.35897759177,3.32400735428,3.28284389569,3.23544239475,3.18194013671,3.12237185986,3.05665130851
27.3666666667,3.44074974078,3.42412486673,3.40101787109,3.37144023756,3.33544940114,3.2930765318,3.24455586406,3.18944755088,3.12808784961,3.06038634495
27.4666666667,3.4554422274,3.43836336507,3.41460060951,3.38416610758,3.34711956498,3.30349354972,3.25325060811,3.1965350308,3.13365266967,3.06393086937
27.5666666667,3.4701493503,3.45260983733,3.428180273,3.39687346714,3.35875139668,3.31384802757,3.26212728587,3.20373690541,3.13872056156,3.06698685251
27.6666666667,3.48487110843,3.46686427912,3.44175685151,3.40956229819,3.37034486778,3.32413992406,3.27091277253,3.21081459077,3.14389429444,3.07005794858
27.7666666667,3.49931081014,3.48083046198,3.45533033501,3.42223258268,3.3818999499,3.33436919803,3.27960701163,3.21776801261,3.14890635836,3.07292557764
27.8666666667,3.51405297765,3.49508318705,3.46858201278,3.43456432319,3.3931077843,3.34453580835,3.28820994679,3.22459709676,3.15375665873,3.0755896219
27.9666666667,3.52880964667,3.50934335585,3.48212176126,3.44716054405,3.40454042762,3.35429522658,3.29639404045,3.23130176914,3.15844510104,3.07804996373
28.0666666667,3.54358081607,3.52361096376,3.49565723802,3.45973613254,3.4159314289,3.3642784106,3.30474785623,3.23751979726,3.16265047216,3.08030648556
28.1666666667,3.55836648475,3.53788600616,3.50918843248,3.47229106966,3.42728075821,3.37419425014,3.31300400266,3.24389541241,3.16692950429,3.08200742411
28.2666666667,3.57286731796,3.55186701584,3.52241521219,3.48482533646,3.43858838567,3.38404270184,3.32116242026,3.25013830402,3.17103616526,3.08375631029
28.3666666667,3.5876730857,3.56613911788,3.5359110987,3.49701533521,3.44953658992,3.39352751872,3.32922304963,3.25624839389,3.17497035523,3.08528839768
28.4666666667,3.60249321884,3.58041812792,3.5494015251,3.50947108588,3.46071451586,3.40318718983,3.33686464448,3.26222560388,3.17873197441,3.08660356194
28.5666666667,3.61732771622,3.59470404109,3.56288648029,3.5219040776,3.47184748224,3.41277478794,3.34466379726,3.26771525503,3.18201566017,3.08770167882
28.6666666667,3.63217657668,3.60899685257,3.57636595319,3.53431429047,3.48293545764,3.42229026746,3.35235878783,3.27334726921,3.18534847418,3.08826730275
28.7666666667,3.64673781112,3.6229898108,3.5895319182,3.54640290077,3.49397841072,3.43173358286,3.3599495537,3.27883808024,3.18849818986,3.08883635873
28.8666666667,3.66160645979,3.63727845602,3.60297333875,3.55873180015,3.5046496312,3.44080330282,3.36743603245,3.28418760586,3.19146470208,3.08917537147
28.9666666667,3.67648933751,3.65157347236,3.61640809758,3.57103583007,3.51555560484,3.45004782405,3.3744906821,3.28939576389,3.19424790579,3.08928420992
29.0666666667,3.69138644306,3.66587485474,3.62983618307,3.58331496965,3.52641329383,3.45921548943,3.3817020589,3.29411534789,3.19684769607,3.0891627431
29.1666666667,3.70600020598,3.67988463366,3.64325758364,3.59556919806,3.5372226653,3.46830625121,3.3888027654,3.29896213224,3.19890142484,3.08881084011
29.2666666667,3.72091689518,3.69418104169,3.65635627796,3.60748919553,3.54798368646,3.47732006172,3.39579273608,3.30365921422,3.20104355046,3.0878578083
29.3666666667,3.73584767807,3.70848328809,3.66973687652,3.61965723479,3.55836053178,3.48594498642,3.40267190553,3.30820650752,3.20299171565,3.08694247441
29.4666666667,3.75079255338,3.72279136756,3.68310960912,3.63179826931,3.56897728051,3.49474951196,3.4091063743,3.31260392595,3.2047458101,3.08578368433
29.5666666667,3.76575151984,3.7371052748,3.69647446365,3.64391227732,3.57954241202,3.5034723877,3.41569678599,3.31650426002,3.20630572356,3.08438130027
29.6666666667,3.7804225899,3.75111825919,3.70952868768,3.65599923708,3.59005589199,3.51211356375,3.42217000406,3.32052327891,3.207325681,3.08273518452
29.7666666667,3.7954008021,3.76542585954,3.72285092618,3.66773555067,3.60020885771,3.5206729903,3.42852596002,3.32438407614,3.20840842551,3.08051197102
29.8666666667,3.81039297115,3.77973875926,3.73616410439,3.67973123295,3.61057335965,3.52882804781,3.43476458544,3.32808656135,3.20928642741,3.07828086283
29.9666666667,3.82539909574,3.79405695285,3.74946820971,3.69169777038,3.62088293981,3.53716767644,3.44054556165,3.33163064428,3.20995957105,3.07579298542
30.0666666667,3.8401207253,3.80808247088,3.76276322953,3.7036351403,3.63113756239,3.54542085028,3.44648174312,3.33466911247,3.21042774086,3.07304819418
30.1666666667,3.85514587723,3.8223935461,3.77573314308,3.7152375407,3.64133719166,3.55358751731,3.45229419248,3.33781772979,3.21036162548,3.0700463445
30.2666666667,3.87018485027,3.83670938629,3.78898255846,3.72708040802,3.65115511533,3.56166762562,3.45798283825,3.34079958604,3.21033307101,3.06648937741
30.3666666667,3.88523764306,3.85102998572,3.80222170444,3.73889200908,3.66119781272,3.56932218778,3.46354760904,3.3436145868,3.21008896634,3.06288090967
30.4666666667,3.90000844373,3.86535533868,3.81545056792,3.75067232029,3.67118224167,3.57717150757,3.46863516421,3.34626263774,3.21082672706,3.05900232821
30.5666666667,3.91508003203,3.87937514737,3.82836376552,3.76242131809,3.68110836499,3.58492955636,3.4738831549,3.34839652337,3.21239627824,3.05485348144
30.6666666667,3.93016530556,3.89369194279,3.84154508815,3.77381178426,3.69067605215,3.59259628001,3.4790008595,3.35063200224,3.21345840141,3.05043421779
30.7666666667,3.94526426288,3.90801296207,3.85471494316,3.7854607674,3.70044051542,3.59986501242,3.48398820354,3.35269216043,3.21455487761,3.04574438571
30.8666666667,3.96008284448,3.92233819928,3.86787331694,3.79707633518,3.71014339464,3.60729414192,3.48854243696,3.35457689944,3.21544661565,3.04044146395
30.9666666667,3.97520035208,3.93636267131,3.88072268344,3.80865846313,3.71978465114,3.61462722906,3.49320497673,3.35628612084,3.21613350057,3.03511166362
31.0666666667,3.99033140883,3.95067843364,3.89383146185,3.81989429101,3.72936424628,3.62186421753,3.49773073847,3.3574726061,3.21661541746,3.02949821512
31.1666666667,4.00547601325,3.96499788373,3.90692757265,3.83137296183,3.73855997591,3.6290050511,3.50211964462,3.35875210842,3.21658699084,3.0236009598
31.2666666667,4.02063416389,3.97932101542,3.92001100174,3.84281608864,3.74796961279,3.63572169606,3.50637161771,3.35984771012,3.21657526616,3.01741973898
31.3666666667,4.03550476178,3.99334636287,3.93308173505,3.85422364607,3.75731430494,3.6426134486,3.51017162871,3.36075930861,3.2163480011,3.0106564814
31.4666666667,4.05068108378,4.00765904957,3.9458210647,3.86529680647,3.76659401228,3.64940432182,3.51408440567,3.36148680136,3.21590507535,3.00381478732
31.5666666667,4.06587081717,4.02197488715,3.95883885636,3.8765974578,3.77550425089,3.65609425731,3.51785382256,3.36168296674,3.21524636866,2.99667603021
31.6666666667,4.08107396042,4.03629386922,3.97184276403,3.88786043337,3.78460861605,3.66238699527,3.52147979882,3.36196355252,3.21437176083,2.98924004422
31.7666666667,4.0959902996,4.05031628087,3.98483277314,3.89908570689,3.79364470941,3.66882101077,3.52496225398,3.36351715891,3.21291000161,2.98150666342
31.8666666667,4.11121135515,4.06462379508,3.99749820487,3.91027325215,3.80261248943,3.67514935917,3.52796727775,3.36541127206,3.21151168895,2.97347572188
31.9666666667,4.12644568561,4.07893392249,4.0104332098,3.92109947054,3.81151191464,3.68137197992,3.53109549426,3.36712986685,3.20988688246,2.96481382987
32.0666666667,4.14169328942,4.09324665653,4.02335312673,3.93217436885,3.82001172895,3.68748881249,3.53407375275,3.36831825116,3.2080354565,2.95609015552
32.1666666667,4.1566548362,4.1072640279,4.03625794062,3.94320942927,3.82872716852,3.69317723,3.53690196965,3.36960631977,3.20595728546,2.9470557981
32.2666666667,4.17192009287,4.12156426962,4.04883962594,3.95420462468,3.83737096119,3.69902615913,3.53958006148,3.37071048857,3.20329819587,2.93771058433
32.3666666667,4.18719848781,4.1358665861,4.06168714046,3.96484353488,3.84594306404,3.70476456331,3.54176122032,3.37163065557,3.20067666238,2.92805434084
32.4666666667,4.20249001942,4.15017097056,4.07451836115,3.975722214,3.85413019412,3.71039237986,3.54407061833,3.37236671886,3.19781777609,2.91808689419
32.5666666667,4.21749535772,4.1641811941,4.08733327247,3.98655891609,3.86251290444,3.71561334537,3.54622344471,3.3725639833,3.19472140586,2.90743751769
32.6666666667,4.23280426935,4.17847206023,4.09982649065,3.99735361314,3.87082062928,3.72096593064,3.54821961289,3.37285233817,3.19138742062,2.89674498253
32.7666666667,4.24812618243,4.19276446192,4.11258180377,4.0077969819,3.8790533243,3.72620318631,3.5497563627,3.3729481957,3.18747831433,2.8857280964
32.8666666667,4.2634610953,4.20705839219,4.12531961541,4.01847128671,3.88691085333,3.73132504754,3.55137509768,3.37285144979,3.18358125653,2.87438667836
32.9666666667,4.2785087955,4.22105588178,4.13803990956,4.02910147208,3.89494842196,3.73633144958,3.55283072107,3.3725619944,3.17943596072,2.86272054731
33.0666666667,4.29386080215,4.23533516373,4.15043993258,4.03968750914,3.90290766137,3.74089976252,3.55412314318,3.37171757569,3.17504229025,2.85043161261
33.1666666667,4.30922567326,4.24961544123,4.16309832605,4.04992359229,3.91078852577,3.7456189076,3.55525227439,3.37096238007,3.17040010847,2.83802344727
33.2666666667,4.32460340711,4.26389670711,4.1757380086,4.06038515156,3.91859096942,3.75021784408,3.55589684514,3.3700060686,3.16519614548,2.82527740378
33.3666666667,4.33969290756,4.27788099209,4.18835896374,4.07080044566,3.92598373426,3.75469650503,3.55732677965,3.36884853105,3.15997215031,2.81219329342
33.4666666667,4.35508744858,4.29214652926,4.20065580748,4.08116944482,3.93358204978,3.75875862343,3.55963629623,3.36748965721,3.15448900587,2.7987709273
33.5666666667,4.37049471688,4.3064125212,4.21321232679,4.0911898407,3.94109863996,3.76294266569,3.56178923389,3.3655671902,3.1487465699,2.78501011635
33.6666666667,4.38562065307,4.32067896052,4.22574892384,4.10143026982,3.94853345762,3.76700167782,3.56378550659,3.36372531068,3.14274470011,2.77293287452
33.7666666667,4.40104456231,4.33464438226,4.23826558165,4.11162228471,3.95556429382,3.7709355907,3.56527830553,3.3616736761,3.13648325421,2.76211102846
33.8666666667,4.41648106328,4.34889390853,4.25045691615,4.1217658547,3.96278890954,3.7747443353,3.56689279872,3.35941217199,3.12959096496,2.75097733551
33.9666666667,4.43193015416,4.36314334797,4.26290671375,4.1315621483,3.96992844427,3.7780998693,3.56834417296,3.35664362826,3.12271840058,2.73953162193
34.0666666667,4.44709602447,4.37739269297,4.27533537591,4.14157304935,3.97698284942,3.7816014718,3.56963233911,3.35388931563,3.11557560118,2.72777371384
34.1666666667,4.462561456,4.39133872326,4.2877428852,4.15153338377,3.98363883829,3.78497314371,3.57045453501,3.350916706,3.10816241873,2.71881043092
34.2666666667,4.47803934176,4.40557002045,4.29982121591,4.16144312005,3.99047695695,3.78821481383,3.57135216207,3.34772568063,3.10047870517,2.70943501769
34.3666666667,4.49352967989,4.41980068841,4.31215932241,4.17100342605,3.99722663369,3.79101980256,3.57208012022,3.34431612082,3.09217865601,2.69997972449
34.4666666667,4.50873402376,4.43403071935,4.32447507843,4.18077618488,4.00388781848,3.79394647913,3.57263831721,3.34039085283,3.08386496563,2.69022592509
34.5666666667,4.52424038885,4.447953367,4.33676846606,4.1904962213,4.01015602003,3.79673838611,3.57302666084,3.33647114241,3.07527006959,2.68017345354
34.6666666667,4.53975907048,4.46216416259,4.34872880668,4.20016350292,4.0165948231,3.79939545012,3.57292388004,3.33232445733,3.066393814,2.67237824519
34.7666666667,4.55529006675,4.47637378575,4.36095024523,4.20947919699,4.02294181802,3.80191759781,3.57290652774,3.32795067458,3.05723604492,2.6648004078
34.8666666667,4.57053228352,4.49028774211,4.3731481164,4.21900518588,4.02919695333,3.80396582872,3.57271285119,3.32334967113,3.04748347783,2.65743464191
34.9666666667,4.58607899268,4.50447741739,4.38532240182,4.22847629318,4.03506008732,3.80616041564,3.57234275508,3.31822426956,3.03767784038,2.65137928715
35.0666666667,4.6016378805,4.51866538442,4.39715708284,4.23789248566,4.04108641844,3.80821531072,3.57179614415,3.3130957305,3.02757999942,2.64534621402
35.1666666667,4.61691313691,4.53285163501,4.40925675465,4.24695145268,4.04701756971,3.81013043841,3.5707262031,3.30773151759,3.01850455987,2.63905426505
35.2666666667,4.63248754425,4.54673645485,4.42133164026,4.25622182742,4.05285348826,3.81158316114,3.56975808719,3.30213150345,3.0098796133,2.63250329679
35.3666666667,4.64807399421,4.56090151599,4.43308680598,4.26543515792,4.0582983502,3.81316238619,3.56860697505,3.29629556068,3.00098347916,2.62569316578
35.4666666667,4.66367248479,4.57506432423,4.44508559223,4.2745914101,4.06389903114,3.81459706255,3.56727276829,3.28992650811,2.99205061058,2.61862372852
35.5666666667,4.67898368907,4.58922487119,4.45705839089,4.28338477525,4.06940115508,3.81677928821,3.56545269704,3.28354560111,2.98547856982,2.61095247426
35.6666666667,4.69459737141,4.60307641145,4.46900518266,4.29239067773,4.07480466772,3.81911808798,3.56368815188,3.27692029916,2.97942771353,2.60462609736
35.7666666667,4.71022295816,4.61721447455,4.4806232127,4.30133736988,4.08010951485,3.82156901501,3.56173402363,3.27005047044,2.97364626474,2.59894541092
35.8666666667,4.72556639003,4.63134973928,4.49249111946,4.31022481674,4.08497986195,3.82388038147,3.55959021072,3.26293598307,2.96761556085,2.59300605262
35.9666666667,4.74120697467,4.64518597622,4.50433181647,4.31874369138,4.090039753,3.82605211219,3.5572566116,3.25557670519,2.96103020942,2.58680787941
36.0666666667,4.75685932742,4.65929798994,4.51614528396,4.32747624968,4.09499764873,3.82808413204,3.55441194784,3.24761036365,2.95441723099,2.58226012632
36.1666666667,4.7725234462,4.67340666778,4.52762084325,4.33614742809,4.09985349348,3.82964294041,3.55163276056,3.23968110926,2.94754436268,2.577996322
36.2666666667,4.78790088586,4.68751200094,4.53935263621,4.34475719081,4.10427602411,3.83133826203,3.54865728823,3.23276515649,2.94041146293,2.57370579367
36.3666666667,4.80357966109,4.70131077016,4.55105599531,4.35299267248,4.10888045483,3.83288909234,3.54548542612,3.22615312174,2.93534856483,2.56916994253
36.4666666667,4.81927006591,4.71539155501,4.56273090035,4.36144300089,4.11337950074,3.83429535404,3.54211706951,3.2193046193,2.9314696505,2.5643886331
36.5666666667,4.83467716652,4.72946845703,4.57405864611,4.36982977641,4.11777310476,3.83523977232,3.53821187444,3.21187241039,2.92825738359,2.55936172988
36.6666666667,4.85038200735,4.74324698129,4.58564908324,4.37815296241,4.12173454332,3.83630098039,3.53438264605,3.20447220851,2.92507077103,2.5540890974
36.7666666667,4.86609834122,4.75729851448,4.59720986049,4.3860925564,4.12587026436,3.83721283364,3.53035041381,3.1968270702,2.92165669822,2.54857060018
36.8666666667,4.88182616594,4.77134562624,4.60843822247,4.39425155247,4.12989720563,3.83797525254,3.52611506978,3.18893686379,2.91801504134,2.54246373494
36.9666666667,4.89726615596,4.78538830741,4.61991280626,4.40234481913,4.13381530862,3.83829195961,3.52137988092,3.18080145755,2.91414567661,2.53635472852
37.0666666667,4.91300807459,4.79912333898,4.63135652332,4.4103723189,4.1372978489,3.83870140851,3.51667475595,3.1720883155,2.91004848024,2.52998682668
37.1666666667,4.92876134739,4.8131392999,4.64276935253,4.41800683121,4.14095127236,3.8389566313,3.51176000245,3.16377253406,2.90536928401,2.52383243138
37.2666666667,4.94423016497,4.82715029098,4.65383795117,4.42586537836,4.14449251543,3.83905754625,3.50663550921,3.15744135282,2.90072656141,2.51931736087
37.3666666667,4.95999731073,4.84086181704,4.66516167227,4.43365601605,4.14792151816,3.8390040717,3.50130116501,3.15122631919,2.89584540567,2.5145568518
37.4666666667,4.97577567387,4.85484526512,4.67645329715,4.44107643015,4.1509115553,3.83846270258,3.49544808273,3.14560288712,2.89194226307,2.50955076913
37.5666666667,4.9915652521,4.86882320366,4.68741529486,4.44869524859,4.15406907062,3.83804315447,3.48962923151,3.13944062619,2.88862050988,2.50391877513
37.6666666667,5.0070640701,4.8827956231,4.69861608086,4.4562440131,4.15711099927,3.83746441697,3.48413937987,3.13328697836,2.88507122921,2.49831771847
37.7666666667,5.02286715247,4.89645754471,4.70978356126,4.46372268448,4.16003727986,3.83672640617,3.47947380413,3.12855608018,2.88225813176,2.49245805621
37.8666666667,5.03868131301,4.91040101566,4.72091771404,4.47082193337,4.16252118629,3.83551716027,3.47460478641,3.12390766312,2.88064629862,2.48633964633
37.9666666667,5.05420722707,4.92433842716,4.73170786035,4.4781240103,4.16516916023,3.8344051235,3.46920475171,3.12037588322,2.87881805418,2.47996234678
38.0666666667,5.07003465726,4.93797180988,4.74274813828,4.48535384696,4.16769813552,3.83312900787,3.4638621982,3.11777476468,2.87677328096,2.4733260155
38.1666666667,5.08587302856,4.95187939674,4.75375387766,4.49251140331,4.17010804936,3.83168872724,3.45830968531,3.11460939863,2.87451186151,2.46611519477
38.2666666667,5.10142565505,4.96578038332,4.76442754693,4.49927667549,4.17207217475,3.82978799861,3.45254710209,3.11152396412,2.87172054439,2.45886578749
38.3666666667,5.11727706128,4.97967475972,4.77533756099,4.50625265218,4.17419695127,3.82796526807,3.44657433759,3.10822812077,2.86894110234,2.45250543241
38.4666666667,5.13313927147,4.99325401232,4.78621182448,4.51315419866,4.17619931148,3.82597356099,3.44005746006,3.10472175583,2.86890581334,2.446862049
38.5666666667,5.14871822641,5.00711715557,4.79705031449,4.51968593238,4.17807919111,3.82381278899,3.4335970524,3.10100475661,2.86866515424,2.44106455264
38.6666666667,5.16459323659,5.02097314716,4.80754235204,4.52640301762,4.18067993789,3.82148286372,3.42691993585,3.09743841646,2.8682190135,2.43795499113
38.7666666667,5.18047891348,5.03451876874,4.81828207377,4.53304352086,4.18351533784,3.81865572983,3.42002599612,3.09554702082,2.8675672796,2.43507962411
38.8666666667,5.1963752546,5.04834259764,4.82898480846,4.53960740031,4.18623182998,3.8159306401,3.41291511891,3.0934539073,2.86638872858,2.43166421944
38.9666666667,5.21198117099,5.06215873292,4.839353024,4.54578884249,4.1888293518,3.81303157746,3.40524047584,3.09115896788,2.86524007402,2.42827800493
39.0666666667,5.22788992901,5.07566920518,4.84995513468,4.55216326288,4.19098117707,3.80995845128,3.39762719471,3.08866209454,2.86387526441,2.42467212869
39.1666666667,5.24380921387,5.08945224723,4.86051904372,4.55845890493,4.19329374553,3.80639929452,3.38979043776,3.08565222569,2.86229418293,2.42098716788
39.2666666667,5.2594397021,5.10322705321,4.87104472731,4.56467572605,4.19548398977,3.80292254284,3.3817300873,3.08299194582,2.86049671281,2.41936993846
39.3666666667,5.27537115538,5.11699361267,4.8812188427,4.57049372128,4.19755184583,3.79926690188,3.37478612075,3.08203263184,2.85848273731,2.41907683798
39.4666666667,5.29131299797,5.13044163763,4.89164073789,4.57651587526,4.1991705866,3.79543227872,3.36995165307,3.08088014787,2.85591476621,2.41859092009
39.5666666667,5.30696766656,5.14417363988,4.90202319145,4.58245705089,4.20094664975,3.79148120061,3.36530883033,3.07953439053,2.85337998554,2.41756043952
39.6666666667,5.32292142886,5.1578968525,4.91206344641,4.58802186359,4.20259696657,3.78829796104,3.36140552494,3.07799525647,2.85061812087,2.41658893519
39.7666666667,5.33888544285,5.17130453289,4.92234013611,4.59376547534,4.20412147165,3.78523172663,3.35730535676,3.07591552916,2.84762905012,2.41541167153
39.8666666667,5.35456302333,5.18499220433,4.93257616686,4.59942594941,4.20518889701,3.78199134641,3.35300822217,3.07391095136,2.84441265119,2.4140285359
39.9666666667,5.37053869509,5.19867054255,4.94277151397,4.60500324148,4.20641444162,3.77857673004,3.34816076246,3.07170460059,2.84096880207,2.41243941567
40.0666666667,5.38652448079,5.21203632966,4.95260747317,4.61018801919,4.2075108119,3.77466523011,3.34457504089,3.07096402366,2.83694333753,2.4106441983
40.1666666667,5.40222457197,5.22567814171,4.96269388488,4.6155625265,4.20847794101,3.770845734,3.34179037045,3.07136735769,2.83295473306,2.40864277125
40.2666666667,5.41822175328,5.23931007646,4.97273839408,4.62085168964,4.2089845601,3.76684717652,3.33881559299,3.07273614121,2.83072931512,2.40607398863
40.3666666667,5.43422891068,5.25263242009,4.98243297358,4.62605546345,4.20964586595,3.76266946504,3.3356506085,3.07417213958,2.82865455524,2.40355890977
40.4666666667,5.44995111103,5.26622684267,4.99236656657,4.63085024348,4.21017456373,3.75801113022,3.33221169165,3.07542429481,2.82882685189,2.40082465906
40.5666666667,5.46596940163,5.27981084338,5.00225703708,4.6358460041,4.21057058515,3.75342051778,3.33062048753,3.07649250834,2.82909253698,2.39787111725
40.6666666667,5.48199753035,5.29308819186,5.01180424528,4.64075421032,4.21050266048,3.74864592018,3.32884596914,3.07737668168,2.8288108436,2.39469816508
40.7666666667,5.49774056411,5.30663369341,5.02158170201,4.64527254272,4.21058598429,3.74368724245,3.32688804001,3.07807671639,2.8286162284,2.39130568336
40.8666666667,5.51377955039,5.32016822802,5.03131481513,4.64996962083,4.2105332605,3.73854438962,3.32474660371,3.07823037103,2.82822633958,2.38942933718
40.9666666667,5.52982823671,5.33339729928,5.04100355861,4.65457697749,4.21034441936,3.73288930212,3.32206830811,3.07848183694,2.82764107227,2.38872824863
41.0666666667,5.54559169004,5.34689229561,5.05032922833,4.65909456583,4.20968361872,3.72732122315,3.31949076398,3.07854078218,2.82686032165,2.38809445821
41.1666666667,5.56165095805,5.36037577943,5.05990166179,4.66320595688,4.20917487741,3.72156412977,3.3167232282,3.07840710425,2.82588398294,2.38725509662
41.2666666667,5.57771978791,5.37384773916,5.06942850288,4.66750717559,4.20852664299,3.71561792465,3.31463490642,3.07808070073,2.82434082793,2.38621005195
41.3666666667,5.59350324661,5.38699788848,5.07859907205,4.67171645604,4.20773884422,3.70918113467,3.31345773451,3.07722906222,2.8228814655,2.38583435696
41.4666666667,5.60958238206,5.40042873528,5.08800750007,4.67553841032,4.2064756381,3.70280209968,3.31175037282,3.07644013832,2.82281458194,2.38814600857
41.5666666667,5.62567094102,5.41384751173,5.09736911184,4.67952819626,4.20536104116,3.69755971502,3.3101504364,3.07657972158,2.82431113779,2.39058757391
41.6666666667,5.64147399058,5.4269457066,5.10638114915,4.683423872,4.20410349973,3.692280446,3.30836718518,3.07747775588,2.82589127854,2.39248934636
41.7666666667,5.6575725788,5.44032232865,5.11562224242,4.68722538896,4.20240717374,3.68681684338,3.30640052315,3.07819165663,2.82698979054,2.39447240439
41.8666666667,5.67368045211,5.45368633357,5.12481529439,4.69061987483,4.2008189182,3.68084084829,3.3042503543,3.07915279666,2.82811921859,2.39626388448
41.9666666667,5.68950180259,5.46673098005,5.13366536505,4.69460290112,4.19908433495,3.67495170382,3.30156332771,3.08108009659,2.82905408175,2.39786368197
42.0666666667,5.70561941559,5.48005178807,5.14273579075,4.69900449632,4.19720334976,3.66887338721,3.29897705403,3.08283185178,2.82979427578,2.39927169226
42.1666666667,5.72174617514,5.49335943171,5.15175694895,4.703314193,4.19488012134,3.66260580137,3.2965121706,3.08474617545,2.83033969645,2.40048781084
42.2666666667,5.73758627339,5.5063471698,5.16072881189,4.70720476792,4.19271425049,3.65584747362,3.29585245614,3.08699802138,2.83069023963,2.40151193326
42.3666666667,5.75372249582,5.51961052187,5.1693353617,4.711293225,4.19147145145,3.65061763236,3.29501608206,3.08908253691,2.83054054179,2.40197339984
42.4666666667,5.76986772614,5.53286016179,5.17818117421,4.71528761149,4.19008564485,3.64569662655,3.29365624026,3.09065251948,2.83041766582,2.4035431789
42.5666666667,5.78572440275,5.54579111304,5.18697646361,4.7188785928,4.18826099097,3.64122752679,3.29239808597,3.09232372917,2.83008937455,2.40492115213
42.6666666667,5.80187879292,5.55899541684,5.19541054997,4.72264840777,4.1865443455,3.63685102941,3.29095680007,3.09381925555,2.82955555863,2.40610721534
42.7666666667,5.81804205219,5.57218546021,5.2040775612,4.72632197795,4.18468131013,3.63197264432,3.28933228701,3.09513900549,2.82881610878,2.40710126437
42.8666666667,5.83391574031,5.58505626675,5.21269282031,4.72989925413,4.18267181085,3.62819239319,3.28752445127,3.09628288591,2.82787091577,2.40790319516
42.9666666667,5.85008786915,5.59819987731,5.22095093934,4.73322634927,4.18022000675,3.62583962218,3.28518648259,3.09693277911,2.82640673659,2.40851290369
43.0666666667,5.86626872819,5.61132867866,5.22943569011,4.73744294792,4.17787275177,3.62429228571,3.28331407918,3.09764949754,2.82496535623,2.4085597316
43.1666666667,5.8821589973,5.62413593008,5.23786745853,4.74156553127,4.17537564608,3.6225806578,3.2841474695,3.09818198359,2.82330767919,2.40868252969
43.2666666667,5.8983484354,5.63721714975,5.24594610275,4.74528828207,4.1727286142,3.62036018946,3.28481729998,3.09853014019,2.82246330722,2.41205964335
43.3666666667,5.9145464647,5.65028301088,5.25424513024,4.74918660863,4.16963581397,3.61826176946,3.285323485,3.09967088334,2.82352787075,2.41549103948
43.4666666667,5.93045200128,5.66302677291,5.26248994397,4.75298874645,4.16664409757,3.61599424984,3.28584816057,3.10087917359,2.82439783066,2.41874419744
43.5666666667,5.94665830588,5.67604395357,5.27038560229,4.75669464652,4.16349906365,3.61355754389,3.28671117122,3.10154939241,2.82475197151,2.42181902014
43.6666666667,5.96257900654,5.68904522585,5.27849544008,4.75998070391,4.16020063522,3.61063968904,3.28741063661,3.10232573562,2.82514701833,2.42471541061
43.7666666667,5.97879341855,5.70172207989,5.2865498315,4.76345688574,4.1564529689,3.60780912677,3.28957334993,3.10291787663,2.82533692482,2.42705306926
43.8666666667,5.99501614654,5.71467352075,5.29454874658,4.76683465342,4.15280291503,3.60555727314,3.29157935333,3.10332571867,2.82532158233,2.42948888893
43.9666666667,6.0109513831,5.72760850286,5.30217348129,4.76980818857,4.14899607079,3.6040796854,3.29309474191,3.10354916508,2.82510088227,2.43173336082
44.0666666667,6.02718191435,5.74021851655,5.31003386473,4.77295289736,4.14503235763,3.60243784546,3.29472013508,3.10325571322,2.82487763119,2.43580927114
44.1666666667,6.04342062224,5.75310256636,5.31783753754,4.77599701353,4.14061593095,3.60029824994,3.2961823781,3.10303331927,2.82493770481,2.44058326381
44.2666666667,6.05936994607,5.76596960654,5.32527115614,4.77894048631,4.13629363922,3.5982706089,3.29748138576,3.10261815529,2.82504558977,2.44519229779
44.3666666667,6.07561615283,5.77850935312,5.33293405662,4.78145971,4.13181107812,3.59607390911,3.29861707291,3.10201012061,2.82559897326,2.44932972665
44.4666666667,6.09187039678,5.79132430797,5.340539011,4.78449054846,4.12716816755,3.59370806421,3.2992555325,3.10120911458,2.82623493723,2.45351525338
44.5666666667,6.10783247767,5.80382548405,5.34777533862,4.78756013846,4.12256207858,3.59087161056,3.29999738011,3.09990408318,2.82667606854,2.45752293208
44.6666666667,6.12409390288,5.81658768659,5.35523716315,4.79021980932,4.11879100186,3.58811290394,3.30056945832,3.09864249868,2.82692226437,2.4613526663
44.7666666667,6.14006916986,5.82933178987,5.36263980485,4.79305179709,4.11486307939,3.58518024044,3.300971679,3.09717955793,2.8266360496,2.46500435967
44.8666666667,6.15633759485,5.84175982388,5.36967523452,4.79578102049,4.11077823286,3.58282588564,3.30120395405,3.09551515626,2.82640462709,2.46847791589
44.9666666667,6.17261378107,5.85445002001,5.37693238636,4.798407428,4.10653638395,3.58080672012,3.30093872803,3.09453806479,2.8260838972,2.47177323877
45.0666666667,6.18860104548,5.8671215646,5.3841291174,4.80060379567,4.10180168661,3.57869973778,3.30076452433,3.0941034511,2.82825503683,2.47466990023
45.1666666667,6.20488391345,5.87947474385,5.39096003838,4.80298711982,4.09719814517,3.57827130566,3.30041391771,3.09312941806,2.83052884769,2.47855862453
45.2666666667,6.22117440287,5.89209122541,5.39800891706,4.8052654443,4.09243420024,3.57891351038,3.2998868171,3.09224585462,2.83329419812,2.48226933289
45.3666666667,6.23717319531,5.9046885026,5.40499613574,4.80712943247,4.08750977195,3.58036735609,3.29918313146,3.0911691781,2.83554053791,2.48580192933
45.4666666667,6.25347004821,5.91696335893,5.41161893358,4.8091613181,4.08208901324,3.58167655359,3.29797530307,3.08989928832,2.83787062854,2.48915631794
45.5666666667,6.26977438265,5.92950436507,5.41845593489,4.81108601818,4.07679592608,3.58250210902,3.29728548538,3.08922857579,2.84001695453,2.49233240294
45.6666666667,6.28578423334,5.94202561347,5.42523003576,4.81290347948,4.0713389498,3.58346428845,3.29706776975,3.08923436275,2.84366596971,2.49533008857
45.7666666667,6.30209461275,5.95422036464,5.43164109227,4.81428647729,4.06571800294,3.58427704252,3.29667362917,3.08930493727,2.84883417315,2.49779764184
45.8666666667,6.31811565438,5.96668413287,5.43826260828,4.81585200496,4.05960180859,3.58494029475,3.29610297283,3.08926506718,2.85384045776,2.50033861526
45.9666666667,6.33443188367,5.97912758946,5.44481998216,4.81730810498,4.05360554053,3.5851525901,3.29503453516,3.08977668771,2.85832220466,2.50268828029
46.0666666667,6.35075531781,5.9912404516,5.45101306973,4.81834190265,4.04744189159,3.58546229779,3.29404487176,3.09010396465,2.86291388627,2.50484653485
46.1666666667,6.36678663897,6.00362521783,5.45741537437,4.81954250041,4.04111077872,3.5856177218,3.29287222759,3.08994974563,2.86733316117,2.50681327697
46.2666666667,6.38311560407,6.01569290081,5.46375229391,4.82063147939,4.03428546341,3.58561878351,3.29151650884,3.08983533193,2.8715799378,2.50858840474
46.3666666667,6.39915757819,6.0280183056,5.46972628956,4.82131344601,4.02757235463,3.58546540436,3.28997762173,3.08952820583,2.87565412471,2.50987389969
46.4666666667,6.41549187888,6.0403223041,5.47590576728,4.82214355226,4.02252307749,3.58483494933,3.28794052816,3.08902826766,2.8795556305,2.51117343784
46.5666666667,6.4318331074,6.05230343381,5.48201861568,4.82285984648,4.01855102796,3.58431632098,3.28726746062,3.08833541786,2.88351892442,2.51226843822
46.6666666667,6.44788370427,6.06454680778,5.48776729569,4.8234622728,4.01487125544,3.58441684724,3.28656132509,3.08744955688,2.88956398726,2.51315879259
46.7666666667,6.46422993607,6.0767682201,5.49372021282,4.82363439833,4.01177575559,3.58596343565,3.28567851484,3.08645336719,2.89544757149,2.5171253666
46.8666666667,6.48058295526,6.08866269569,5.49960525512,4.82397223447,4.00961608499,3.58736541776,3.28461893945,3.08616587857,2.90116959095,2.52091394605
46.9666666667,6.4966416815,6.10082227037,5.5051274774,4.82432501246,4.00730667474,3.58828380124,3.28306756414,3.08656840301,2.9067299596,2.52452443587
47.0666666667,6.5129993714,6.11295932751,5.51085021076,4.82502492601,4.00453422186,3.5893388521,3.28158910423,3.08737361203,2.91181545522,2.52763253155
47.1666666667,6.52906702949,6.12476358499,5.51650382255,4.8258762415,4.00187923983,3.59024452137,3.28021374628,3.08799462756,2.91696789458,2.53079071761
47.2666666667,6.54542918131,6.1368375392,5.52179336724,4.82661375395,3.9990711297,3.5910007331,3.27908912955,3.08812040088,2.92194820045,2.53375790946
47.3666666667,6.56179784294,6.14859046427,5.52728217555,4.82723740772,3.99621499632,3.5913008067,3.27778762518,3.08829841248,2.92675628186,2.5365340058
47.4666666667,6.57787281666,6.1606005907,5.53270061425,4.82742719305,3.99399349063,3.59170311024,3.27600036664,3.08828386276,2.93139204797,2.5391189054
47.5666666667,6.59424560722,6.17258710158,5.53775373747,4.82778607334,3.99316621371,3.59195117605,3.27428035282,3.08807665264,2.93585540797,2.5415125071
47.6666666667,6.61032896405,6.18424678083,5.54300487557,4.8280288991,3.99219614994,3.59221718859,3.27237698908,3.08767668311,2.93980889826,2.54371470982
47.7666666667,6.62670567447,6.1961681968,5.54818439471,4.82785334397,3.9910832283,3.59273388277,3.27029018223,3.08708385518,2.94383973818,2.5469357664
47.8666666667,6.64308861677,6.20806543984,5.55299734871,4.82782801634,3.98953161056,3.59277836552,3.26801983912,3.08594348796,2.94768767374,2.55168144525
47.9666666667,6.65917759366,6.2196300024,5.55800706752,4.82768443618,3.98808815727,3.59293954292,3.26608018592,3.08670756133,2.95185459434,2.55670133858
48.0666666667,6.67556410943,6.23146088228,5.56294391674,4.82742254607,3.98706668578,3.59294636055,3.26429270357,3.0884992417,2.95634842827,2.56155634227
48.1666666667,6.69166091353,6.2429708148,5.56751294986,4.82729259728,3.98647226117,3.59279874055,3.26232183899,3.09010723254,2.96066977382,2.56624636839
48.2666666667,6.70805079341,6.25473460467,5.57227749643,4.82752641007,3.98573830913,3.59249660512,3.26016749918,3.09153143923,2.96445601103,2.5726164407
48.3666666667,6.72444662689,6.26647312119,5.57696792147,4.82764410716,3.98453356383,3.59183666284,3.2578295912,3.0924465936,2.96834160646,2.5800923638
48.4666666667,6.7405482171,6.27788490192,5.58128927815,4.82733986639,3.98347321501,3.59328836959,3.25501139626,3.09480074227,2.97204421497,2.58765835158
48.5666666667,6.75694706788,6.28955505835,5.58580489561,4.82718908609,3.98261667783,3.59579666301,3.25224284828,3.09789237497,2.97556374128,2.59507333669
48.6666666667,6.7730559287,6.30119938258,5.59024513831,4.82691999263,3.98196649647,3.59882367261,3.24928426225,3.10080902487,2.97890009016,2.60233723753
48.7666666667,6.78945758713,6.3125093674,5.59431505907,4.82653252879,3.98108810377,3.60140473195,3.24613554219,3.10355060163,2.98174003183,2.60944997262
48.8666666667,6.80586492054,6.32408400926,5.59857798667,4.82570308692,3.98059046106,3.60409821671,3.24279659214,3.10581995719,2.98462537303,2.61641146057
48.9666666667,6.8219768505,6.33533604326,5.60313875876,4.82504161985,3.97995333999,3.60664766258,3.23926731613,3.10813840249,2.98731702711,2.62322162011
49.0666666667,6.83838663135,6.34684027392,5.60764317824,4.82425958187,3.97917667157,3.60905299653,3.23607104394,3.11027342246,2.99162556711,2.62950981774
49.1666666667,6.85450526814,6.35831756948,5.61234193791,4.8230476332,3.97866456519,3.61131414558,3.23383820345,3.11222492293,2.99576150969,2.63591493056
49.2666666667,6.8709172865,6.36946471403,5.61696540181,4.82198799984,3.97920903603,3.61310307231,3.23141560027,3.11399280977,2.99972476512,2.64215584917
49.3666666667,6.88733470085,6.38087027426,5.62121602889,4.82080559277,3.97961768718,3.61501904824,3.22880313869,3.11557698895,3.00316120313,2.64851426927
49.4666666667,6.90345555004,6.39224833902,5.62566222219,4.81950035299,3.97989045133,3.61678606737,3.22600072304,3.11751676055,3.00668933688,2.65584343152
49.5666666667,6.91987484127,6.40328862759,5.6300318655,4.81774505413,3.97971844496,3.61840405469,3.22266802499,3.12088317935,3.0100342878,2.66302143995
49.6666666667,6.93600095481,6.41459363174,5.63425257789,4.81615667884,3.97967368231,3.61988216397,3.21941785675,3.12407474615,3.01319596129,2.66970584511
49.7666666667,6.95242189971,6.42557088222,5.63909609404,4.81444326493,3.97948966612,3.62191501162,3.21597125434,3.1270913711,3.01617426281,2.67648294322
49.8666666667,6.9685530334,6.43680204382,5.64386437478,4.8122919348,3.97916632765,3.62379895881,3.21232811905,3.12993296442,3.01866383822,2.68309602474
49.9666666667,6.98497540865,6.44800460456,5.64825727386,4.81068519368,3.97840351283,3.62553393069,3.2095210369,3.13281673895,3.02119176846,2.68954500258
50.0666666667,7.00140276279,6.45887182649,5.65284829125,4.80921534112,3.97775640589,3.62711985242,3.20763048456,3.13650997162,3.02352581991,2.69582978976
50.1666666667,7.01753490033,6.46999921751,5.65736281936,4.80732517089,3.97696660622,3.62823945614,3.20741768357,3.14060143892,3.02566589315,2.70195029938
50.2666666667,7.03396332359,6.48080122998,5.66150071167,4.80556983069,3.97630864749,3.62947138,3.20702846322,3.14452645988,3.02801903266,2.70758223511
50.3666666667,7.05009990677,6.49185266807,5.66583546763,4.80413343275,3.97578501909,3.63095524524,3.20646273453,3.14828494899,3.03113506346,2.71327809362
50.4666666667,7.06652917554,6.50287439831,5.67009247916,4.80312276135,3.97478613533,3.63255960801,3.20572040854,3.15157976262,3.03372203879,2.71879679571
50.5666666667,7.08266908836,6.51356144648,5.6739689827,4.80167652479,3.97393601122,3.63401485342,3.20593576042,3.15493221881,3.03638271768,2.72413824842
50.6666666667,7.09909896595,6.52450584366,5.67804359635,4.80038381883,3.97294309535,3.63498199102,3.20814186779,3.15922976774,3.03884958079,2.72930235889
50.7666666667,7.11553340463,6.5351254874,5.68203920905,4.79896621957,3.97180731773,3.63608128439,3.21026006031,3.16336096814,3.0429747916,2.73428903437
50.8666666667,7.13167308989,6.545991767,5.68565305702,4.7971248745,3.97125967423,3.6377048407,3.21221532576,3.1673257347,3.0481583715,2.73878286317
50.9666666667,7.14810777553,6.55682723018,5.68946375778,4.79542164012,3.97130815095,3.63917928754,3.21400758156,3.17112398222,3.05286451323,2.7433198175
51.0666666667,7.16425020332,6.56732866119,5.69319419979,4.79359130553,3.97121742023,3.6401979462,3.21533407368,3.17440104384,3.05762030592,2.74766644118
51.1666666667,7.18068489894,6.57808462473,5.69653899089,4.79176063344,3.97098741376,3.64131918873,3.21673622044,3.17778682105,3.06219351993,2.75182263541
51.2666666667,7.19682982042,6.58880920802,5.70008188994,4.79025822056,3.97030039081,3.6422865466,3.21796891907,3.1809977397,3.06658406145,2.75578830145
51.3666666667,7.21326428891,6.59919213124,5.70354327109,4.78891266908,3.96974544561,3.64309994332,3.21903208412,3.18403371081,3.07079183672,2.75956334066
51.4666666667,7.22970289999,6.60983588274,5.70661510243,4.78744220099,3.96904785499,3.6437593024,3.22110133504,3.18820126967,3.07481675207,2.76283233626
51.5666666667,7.24584545923,6.62014624516,5.7098863069,4.78554796403,3.96820754925,3.64393113153,3.22379532521,3.19220317315,3.07830467499,2.7661312539
51.6666666667,7.26228346774,6.63070832725,5.71307473297,4.78379181521,3.96691564344,3.64422514861,3.22597958126,3.19630243195,3.08187411408,2.76922663162
51.7666666667,7.27842792345,6.64123791795,5.71586969758,4.78190854345,3.9657441491,3.64436034576,3.22829173006,3.20023522964,3.08601353304,2.77211836472
51.8666666667,7.29486509199,6.65142473765,5.71886531053,4.77989808842,3.96442656605,3.64433664444,3.23044104321,3.20400148148,3.09047704185,2.77480634857
51.9666666667,7.31101119491,6.66187127377,5.72177688322,4.77744401616,3.96296282315,3.64385258856,3.2324274386,3.20760110279,3.09475781301,2.77729047863
52.0666666667,7.32744728596,6.671983309,5.72429373242,4.77514233075,3.96110312448,3.64485422824,3.23425083413,3.21071598584,3.09853464244,2.77926409647
52.1666666667,7.34388710034,6.68234595162,5.7270099672,4.7730688978,3.96067734584,3.64597639907,3.23556443737,3.21390695732,3.10236427236,2.78124689561
52.2666666667,7.3600295626,6.69267499008,5.72964089856,4.77199693331,3.96023411967,3.64694468308,3.23756459696,3.21692296265,3.10600066079,2.78301291097
52.3666666667,7.37646792344,6.70266014498,5.73187318075,4.77113409916,3.96015084612,3.64775900413,3.2402612155,3.21976391343,3.10944370953,2.78456203195
52.4666666667,7.39261143466,6.71290390282,5.73430613244,4.77014658117,3.95992830092,3.64809673191,3.24280134555,3.22242972131,3.1126933205,2.785894148
52.5666666667,7.40904810413,6.72281204631,5.73665251617,4.76916511997,3.95923065129,3.64854677253,3.24518490829,3.22461633292,3.11574939566,2.78700914867
52.6666666667,7.4251915396,6.73296968329,5.73859631231,4.76926353341,3.95868191202,3.64883806951,3.24707800661,3.22685807172,3.11824072245,2.78759160691
52.7666666667,7.44162626679,6.7430926017,5.7410318921,4.77003647052,3.9587057376,3.65049255288,3.2490812627,3.22891632189,3.12081791316,2.78817747501
52.8666666667,7.45777024269,6.75287052238,5.74345326212,4.77069153543,3.95866967327,3.65187043754,3.25092152308,3.23079099133,3.12319104743,2.78853327942
52.9666666667,7.47420278955,6.76290593087,5.74546939257,4.77092640277,3.95816770539,3.65334157707,3.25259870608,3.23248198799,3.12536002245,2.78865890358
53.0666666667,7.49063850117,6.77260285684,5.74769009039,4.77130968361,3.95780626236,3.65465899902,3.2541127301,3.23369216283,3.12732473548,2.788554231
53.1666666667,7.50677630284,6.78254986279,5.74952807835,4.77190875693,3.9573022704,3.65582262758,3.25513604902,3.23687157942,3.12873943237,2.78821914523
53.2666666667,7.52320944431,6.79216655199,5.75154668257,4.77247365898,3.95665566035,3.65683238697,3.25625719432,3.24070041494,3.13020686226,2.78733821407
53.3666666667,7.53934629893,6.8020243133,5.7534762605,4.77260063822,3.9555486916,3.65737100977,3.25720874425,3.24435459177,3.13145949702,2.78644738292
53.4666666667,7.55577661893,6.81184569104,5.75501926793,4.77289265604,3.95457045719,3.65801713326,3.25799061433,3.24783402198,3.1324972291,2.78531317246
53.5666666667,7.57191226983,6.82132571142,5.7567441035,4.77306456158,3.95344623266,3.65850460831,3.25860272018,3.25113861774,3.13331995102,2.78476180525
53.6666666667,7.58833951691,6.83105640162,5.75837864473,4.77281402906,3.95217594745,3.65883335709,3.25872380466,3.25391371199,3.1336064468,2.78555576666
53.7666666667,7.60447370733,6.84045392487,5.76002324605,4.77363121244,3.95045071642,3.65900330183,3.2590542576,3.25678920182,3.13391344227,2.78613233761
53.8666666667,7.62089762992,6.8500930841,5.76211995625,4.7743305429,3.94884255052,3.65867545175,3.26032665301,3.25948151042,3.13399488183,2.78617609224
53.9666666667,7.63703010295,6.85969474139,5.76467450917,4.77491196455,3.947084948,3.65862231765,3.26142952632,3.26220757599,3.13385065317,2.7862229837
54.0666666667,7.65345044937,6.86895215979,5.76686880683,4.77505547074,3.94517783687,3.65901754321,3.26236279335,3.2667895204,3.13348064405,2.78603953874
54.1666666667,7.66987326179,6.87846084121,5.76925248788,4.77575631683,3.94282537837,3.65925399695,3.26281142641,3.27187975664,3.13288474226,2.78562564149
54.2666666667,7.68599746642,6.88763175604,5.77154843747,4.77633925438,3.94057443579,3.65901972694,3.26410574746,3.27708095049,3.13169172442,2.78498117615
54.3666666667,7.70241631185,6.89704656578,5.77345126272,4.77661900569,3.93852349032,3.65888318984,3.26555782572,3.28211619721,3.13055218409,2.7848623718
54.4666666667,7.71853729197,6.90642275354,5.77554471936,4.77810307455,3.93746327435,3.65885685163,3.26684046906,3.28698541323,3.12917618822,2.78496379318
54.5666666667,7.73495190545,6.91545181419,5.7775491785,4.77963751187,3.93727777116,3.65908091105,3.26795359351,3.29168851502,3.12756361976,2.78506838042
54.6666666667,7.75107027344,6.92473273441,5.77915395697,4.7814449355,3.93661861236,3.65914611488,3.26867922061,3.29588570493,3.12571436169,2.78494266029
54.7666666667,7.76748040285,6.93367301941,5.78095316126,4.78321571183,3.93610098618,3.65871897196,3.27030104781,3.3001787716,3.12328264831,2.78633697846
54.8666666667,7.78359502514,6.94285777494,5.78266210056,4.78542243964,3.935437595,3.65942949393,3.27175352231,3.30429739136,3.12087121091,2.78826270518
54.9666666667,7.80000040529,6.95170830506,5.78396742941,4.78751598846,3.93462836867,3.66066447437,3.27303656031,3.30824147704,3.11821250814,2.7899716064
55.0666666667,7.81611189007,6.96079599821,5.78546846347,4.78919403515,3.93335109066,3.66224136863,3.27415007805,3.31201094155,3.11530641807,2.7911482566
55.1666666667,7.83251226859,6.96984339648,5.78687796372,4.79102519511,3.93220348776,3.66410813048,3.27657604259,3.31574836422,3.11215281884,2.79232861116
55.2666666667,7.848619486,6.97854552622,5.78787991095,4.7928586861,3.93090667472,3.66656238412,3.2816470756,3.32111773719,3.10843048229,2.79327919649
55.3666666667,7.86501459744,6.9874944124,5.78907885283,4.79485281243,3.92946058001,3.66999402372,3.28656892572,3.32632123002,3.10469611702,2.79399989744
55.4666666667,7.88111728063,6.99610447987,5.79018499068,4.79641370681,3.92755631794,3.67328646351,3.29134151813,3.33135875963,3.10129151406,2.7944905989
55.5666666667,7.89750685942,7.00495395492,5.7908796202,4.79814433358,3.92576589883,3.67643963504,3.29596477807,3.33623024299,3.09851811151,2.79475118585
55.6666666667,7.91389792487,7.01376201102,5.7917725438,4.79975954344,3.92382281932,3.67912550838,3.30014200217,3.34059588351,3.0954972683,2.79445733846
55.7666666667,7.92998852188,7.02221837006,5.79227648324,4.80095351715,3.92172700645,3.68194335949,3.30440315384,3.34505747035,3.09222886284,2.79416152243
55.8666666667,7.94637364952,7.03092551222,5.79295476337,4.80230165795,3.91917830319,3.68461718499,3.30850855926,3.34934467999,3.08834166479,2.79362263003
55.9666666667,7.96245905191,7.03928746758,5.79353773847,4.80353219055,3.91727175445,3.68714691446,3.31245814094,3.35401472027,3.08448625501,2.79284054017
56.0666666667,7.97883797585,7.04789279537,5.79372525819,4.80464505963,3.91645313235,3.68923109929,3.31625182144,3.35907394643,3.08037269209,2.79362653376
56.1666666667,7.99491791633,7.05615936456,5.79409081502,4.80531666304,3.91571115278,3.69141812262,3.32002478333,3.36362741449,3.07600084948,2.79418255931
56.2666666667,8.01129037058,7.064661977,5.79435979287,4.80615695383,3.9148233024,3.69515740142,3.32523497742,3.36827691393,3.07137060067,2.79418429736
56.3666666667,8.02736458174,7.07312149186,5.7942294248,4.80687738693,3.91345831972,3.69875762068,3.33029604156,3.37275212126,3.06614445509,2.79645789598
56.4666666667,8.04373030015,7.08122940444,5.79427832101,4.80717214194,3.91223139077,3.7022187123,3.33520790137,3.37705295009,3.0609095889,2.79908088244
56.5666666667,8.05979851447,7.08958469826,5.79422936289,4.80761661997,3.91085521705,3.70521264702,3.33997048253,3.38117931409,3.05540571289,2.80148738233
56.6666666667,8.0761572308,7.09759487845,5.79377715553,4.80841760753,3.90932972739,3.70833870124,3.34428708211,3.38478402252,3.04963269556,2.80367728744
56.7666666667,8.09221918061,7.10584504889,5.79350544961,4.8097255096,3.90797618901,3.71132087156,3.34868766496,3.38848283608,3.04359040539,2.8056504896
56.8666666667,8.10857062848,7.11375477991,5.79313461264,4.81058861832,3.90758992129,3.7141590879,3.35293255691,3.39199884376,3.03841036431,2.80708267541
56.9666666667,8.12462517012,7.12189887302,5.79235661029,4.81162391845,3.90734575354,3.71655190196,3.35702168091,3.39533195563,3.03318683999,2.8085263194
57.0666666667,8.14096907007,7.12999818651,5.79176035655,4.81253945043,3.90724617835,3.71904769805,3.36095496001,3.39848208181,3.02821577775,2.80974031959
57.1666666667,8.1570167999,7.13774598392,5.79156315194,4.8130258783,3.90669851093,3.72139477915,3.36443568898,3.40110202884,3.02507441713,2.8107245619
57.2666666667,8.17335288529,7.14573776253,5.79131532019,4.81366543262,3.90627476818,3.7235930732,3.36863225161,3.40380755284,3.02168544336,2.81147893232
57.3666666667,8.18939266072,7.15338274443,5.7913157202,4.8141830231,3.90570845066,3.72661366864,3.37294576977,3.40632173955,3.01804873551,2.81262299032
57.4666666667,8.20572065186,7.16126603283,5.79121824393,4.81548723531,3.9049994905,3.72981267342,3.37710354722,3.40864449546,3.01382680844,2.814658466
57.5666666667,8.22175219311,7.16880719759,5.79070687194,4.81644743345,3.90385205265,3.73314388865,3.38110550723,3.41077572714,3.00960684487,2.8167134543
57.6666666667,8.23807181015,7.17658103986,5.79038614775,4.8175798664,3.90281300763,3.73633131097,3.3846489015,3.41236076587,3.0067673363,2.81853909866
57.7666666667,8.25409571185,7.18430841711,5.78996627092,4.81859257473,3.90162795298,3.73937487061,3.38827516046,3.41402950011,3.00527095772,2.82013528534
57.8666666667,8.27040668778,7.19168259294,5.78912853703,4.81917268673,3.90029681945,3.74196789423,3.39173918226,3.41718664276,3.00564031119,2.82348207521
57.9666666667,8.2864218083,7.19929906358,5.78848274405,4.81990930276,3.89881953781,3.74466876303,3.39504088743,3.42048303961,3.00549683289,2.82915296645
58.0666666667,8.30272386303,7.20656705105,5.78744161274,4.82052399899,3.89691024432,3.74722100907,3.39818019657,3.42329936676,3.00535307435,2.83429163845
58.1666666667,8.31872992223,7.21407165781,5.78656846609,4.82072138075,3.89613061851,3.74962456065,3.40084825403,3.42615694474,3.00498353762,2.8394843721
58.2666666667,8.33502277553,7.22123245332,5.78559365553,4.82110651346,3.89520824979,3.75187934609,3.40359807862,3.42882325256,3.00438811236,2.84447444145
58.3666666667,8.35101949313,7.22862423833,5.78421963425,4.82181793182,3.89414307055,3.75365188128,3.40617907925,3.43129819716,3.00356668824,2.84926174522
58.4666666667,8.36730286467,7.2359678695,5.7830147971,4.82240741812,3.89328374417,3.75555188841,3.40859117377,3.43358168556,3.00251915502,2.85384618222
58.5666666667,8.38328996025,7.24295484256,5.78170701591,4.82255854408,3.89322455257,3.75729836256,3.4108342801,3.43536966073,3.00091621771,2.85822765135
58.6666666667,8.39956356956,7.25018413753,5.77999352267,4.82286731883,3.89302610276,3.7588912301,3.41259337346,3.43719644557,2.99932973357,2.86205442203
58.7666666667,8.41554076258,7.25706150679,5.77845292485,4.82305196411,3.89313891061,3.76083515877,3.41443318455,3.43882341588,2.99868542885,2.86593004164
58.8666666667,8.43180432905,7.26417550627,5.77735841617,4.82316556579,3.89370825018,3.76451495126,3.41609757125,3.44025047507,2.99850085683,2.86958977243
58.9666666667,8.44777046446,7.27094226616,5.77607322881,4.82357078854,3.89505502287,3.76817078032,3.41758644875,3.44147752657,2.9997395509,2.87303350748
59.0666666667,8.46402369441,7.27794001031,5.77528172507,4.82385192615,3.89626948759,3.77168295896,3.4200855633,3.44230570294,3.00077350312,2.87626113999
59.1666666667,8.47997935288,7.28488790834,5.77438859566,4.82400892132,3.89735158142,3.77505141794,3.42239601219,3.44425454979,3.00123150451,2.87927256322
59.2666666667,8.49622196546,7.29147568309,5.77308580663,4.82372534552,3.89830124149,3.77793163354,3.42479921336,3.44600363857,3.00223115742,2.88169712914
59.3666666667,8.51216686605,7.29830580835,5.771962271,4.82359720671,3.89878264394,3.78095450493,3.42703341727,3.44755287294,3.0041123126,2.88417368084
59.4666666667,8.52839858026,7.3047805569,5.77073582994,4.82334272591,3.8994198061,3.7838288968,3.42909854221,3.44890215658,3.00578903716,2.88642108432
59.5666666667,8.54433156628,7.31149194812,5.76909579886,4.82265957729,3.89992118141,3.78655473795,3.43099450658,3.4497262243,3.00726123129,2.88843922702
59.6666666667,8.56055208805,7.31785091549,5.76763627655,4.82211637197,3.90028670566,3.78880940532,3.43239376714,3.45059938282,3.00820768775,2.89022799646
59.7666666667,8.57647374104,7.32444255981,5.76607256765,4.82144462293,3.90026672702,3.79118181178,3.43388485598,3.45126422135,3.00918514248,2.89148072754
59.8666666667,8.59268278911,7.33068644955,5.76409132551,4.82064427123,3.90108611731,3.79340090275,3.43520034901,3.45172063994,3.00994754517,2.89271711077
59.9666666667,8.60859195084,7.33715738452,5.76229185751,4.82030538362,3.90176980611,3.79546660511,3.43634016185,3.45196853874,3.01049479131,2.89371116899
