0.0,0.0,0.0,0.0,0.0,0.0,0.0,0.0,0.0,0.0,0.0,0.0
0.1,0.00628632689983,0.00691530516501,0.00754434626204,0.00817345019092,0.00880261695165,0.00943184654424,0.0100611389687,0.010690494225,0.0113199123131,0.0119493932331,0.012578936985
0.2,0.012578936985,0.0138382129842,0.0150977403109,0.016357518965,0.0176175489465,0.0188778302554,0.0201383628917,0.0213991468555,0.0226601821466,0.0239214687652,0.0251830067112
0.3,0.0188778302554,0.0207687234577,0.0226601821466,0.0245522063223,0.0264447959846,0.0283379511335,0.0302316717692,0.0321259578915,0.0340208095005,0.0359162265962,0.0378122091786
0.4,0.0251830067112,0.0277068365854,0.0302316717692,0.0327575122627,0.0352843580658,0.0378122091786,0.040341065601,0.0428709273331,0.0454017943749,0.0479336667262,0.0504665443873
0.5,0.0314944663522,0.0346525523673,0.0378122091786,0.0409734367863,0.0441362351903,0.0473006043906,0.0504665443873,0.0536340551802,0.0568031367696,0.0599737891552,0.0631460123372
0.6,0.0378122091786,0.0416058708034,0.0454017943749,0.049199979893,0.0530004273579,0.0568031367696,0.0606081081279,0.0644153414329,0.0682248366847,0.0720365938831,0.0758506130283
0.7,0.0441362351903,0.0485667918937,0.0530004273579,0.057437141583,0.0618769345688,0.0663198063154,0.0707657568229,0.0752147860911,0.0796668941201,0.08412208091,0.0885803464606
0.8,0.0504665443873,0.0555353156383,0.0606081081279,0.0656849218561,0.0707657568229,0.0758506130283,0.0809394904723,0.0860323891549,0.091129309076,0.0962302502358,0.101335212634
0.9,0.0568031367696,0.0625114420371,0.0682248366847,0.0739433207124,0.0796668941201,0.085395556908,0.091129309076,0.0968681506241,0.102612081552,0.108361101861,0.114115211549
1.0,0.0631460123372,0.0694951710901,0.0758506130283,0.0822123381518,0.0885803464606,0.0949546379548,0.101335212634,0.107722070499,0.114115211549,0.120514635784,0.126920343205
1.1,0.0694951710901,0.0764865027973,0.0834854371587,0.0904919741744,0.0975061138443,0.104527856168,0.111557201147,0.118594148779,0.125638699066,0.132690852007,0.139750607602
1.2,0.0758506130283,0.0834854371587,0.091129309076,0.0987822287802,0.106444196271,0.114115211549,0.121795274614,0.129484385465,0.137182544104,0.144889750529,0.152606004741
1.3,0.0822123381518,0.0904919741744,0.0987822287802,0.107083101969,0.115394593741,0.123716704097,0.132049433035,0.140392780557,0.148746746661,0.157111331349,0.16548653462
1.4,0.0885803464606,0.0975061138443,0.106444196271,0.115394593741,0.124357306255,0.133332333811,0.142319676411,0.151319334054,0.16033130674,0.169355594469,0.178392197241
1.5,0.0949546379548,0.104527856168,0.114115211549,0.123716704097,0.133332333811,0.142962100692,0.152606004741,0.162264045956,0.171936224338,0.181622539887,0.191322992604
1.6,0.101335212634,0.111557201147,0.121795274614,0.132049433035,0.142319676411,0.152606004741,0.162908418025,0.173226916264,0.183561499457,0.193912167605,0.204278920707
1.7,0.107722070499,0.118594148779,0.129484385465,0.140392780557,0.151319334054,0.162264045956,0.173226916264,0.184207944978,0.195207132097,0.206224477621,0.217259981552
1.8,0.114115211549,0.125638699066,0.137182544104,0.148746746661,0.16033130674,0.171936224338,0.183561499457,0.195207132097,0.206873122257,0.218559469937,0.230266175138
1.9,0.120514635784,0.132690852007,0.144889750529,0.157111331349,0.169355594469,0.181622539887,0.193912167605,0.206224477621,0.218559469937,0.230917144551,0.243297501465
2.0,0.126920343205,0.139750607602,0.152606004741,0.16548653462,0.178392197241,0.191322992604,0.204278920707,0.217259981552,0.230266175138,0.243297501465,0.256353960533
2.1,0.133332333811,0.146817965852,0.16033130674,0.173872356475,0.187441115057,0.201037582487,0.214661758763,0.228313643887,0.241993237859,0.255700540677,0.269435552342
2.2,0.139750607602,0.153892926755,0.168065656525,0.182268796912,0.196502347916,0.210766309537,0.225060681774,0.239385464629,0.2537406581,0.268126262188,0.282542276893
2.3,0.146175164579,0.160975490313,0.175809054098,0.190675855933,0.205575895818,0.220509173754,0.235475689739,0.250475443775,0.265508435862,0.280574665998,0.295674134185
2.4,0.152606004741,0.168065656525,0.183561499457,0.199093533537,0.214661758763,0.230266175138,0.245906782659,0.261583581328,0.277296571144,0.293045752108,0.308831124218
2.5,0.159043128088,0.175163425392,0.191322992604,0.207521829724,0.223759936752,0.240037313688,0.256353960533,0.272709877286,0.289105063947,0.305539520516,0.322013246993
2.6,0.16548653462,0.182268796912,0.199093533537,0.215960744494,0.232870429784,0.249822589406,0.266817223361,0.283854331649,0.30093391427,0.318055971223,0.335220502509
2.7,0.171936224338,0.189381771087,0.206873122257,0.224410277847,0.241993237859,0.259622002291,0.277296571144,0.295016944418,0.312783122113,0.330595104229,0.348452890766
2.8,0.178392197241,0.196502347916,0.214661758763,0.232870429784,0.251128360977,0.269435552342,0.287792003881,0.306197715593,0.324652687477,0.343156919534,0.361710411764
2.9,0.18485445333,0.203630527399,0.222459443057,0.241341200303,0.260275799138,0.279263239561,0.298303521573,0.317396645173,0.336542610361,0.355741417138,0.374993065503
3.0,0.191322992604,0.210766309537,0.230266175138,0.249822589406,0.269435552342,0.289105063947,0.308831124218,0.328613733158,0.348452890766,0.368348597041,0.388300851984
3.1,0.197797815063,0.217909694328,0.238081955005,0.258314597092,0.27860762059,0.298961025499,0.319374811819,0.339848979549,0.360383528691,0.380978459243,0.401633771206
3.2,0.204278920707,0.225060681774,0.245906782659,0.266817223361,0.287792003881,0.308831124218,0.329934584373,0.351102384346,0.372334524136,0.393631003743,0.414991823169
3.3,0.210766309537,0.232219271874,0.2537406581,0.275330468214,0.296988702215,0.318715360105,0.340510441882,0.362373947548,0.384305877102,0.406306230543,0.428375007873
3.4,0.217259981552,0.239385464629,0.261583581328,0.283854331649,0.306197715593,0.328613733158,0.351102384346,0.373663669156,0.396297587588,0.419004139642,0.441783325318
3.5,0.223759936752,0.246559260037,0.269435552342,0.292388813668,0.315419044013,0.338526243378,0.361710411764,0.384971549169,0.408309655594,0.43172473104,0.455216775505
3.6,0.230266175138,0.2537406581,0.277296571144,0.30093391427,0.324652687477,0.348452890766,0.372334524136,0.396297587588,0.420342081121,0.444468004736,0.468675358433
3.7,0.236778696708,0.260929658817,0.285166637732,0.309489633455,0.333898645984,0.35839367532,0.382974721463,0.407641784412,0.432394864169,0.457233960732,0.482159074102
3.8,0.243297501465,0.268126262188,0.293045752108,0.318055971223,0.343156919534,0.368348597041,0.393631003743,0.419004139642,0.444468004736,0.470022599027,0.495667922513
3.9,0.249822589406,0.275330468214,0.30093391427,0.326632927574,0.352427508127,0.378317655929,0.404303370979,0.430384653277,0.456561502825,0.48283391962,0.509201903664
4.0,0.256353960533,0.282542276893,0.308831124218,0.335220502509,0.361710411764,0.388300851984,0.414991823169,0.441783325318,0.468675358433,0.495667922513,0.522761017557
4.1,0.262891614845,0.289761688227,0.316737381954,0.343818696026,0.371005630443,0.398298185206,0.425696360313,0.453200155765,0.480809571562,0.508524607704,0.536345264191
4.2,0.269435552342,0.296988702215,0.324652687477,0.352427508127,0.380313164166,0.408309655594,0.436416982411,0.464635144617,0.492964142211,0.521403975195,0.549954643567
4.3,0.275985773025,0.304223318858,0.332577040786,0.361046938811,0.389633012933,0.41833526315,0.447153689464,0.476088291874,0.505139070381,0.534306024984,0.563589155683
4.4,0.282542276893,0.311465538154,0.340510441882,0.369676988078,0.398965176742,0.428375007873,0.457906481471,0.487559597538,0.517334356071,0.547230757072,0.577248800541
4.5,0.289105063947,0.318715360105,0.348452890766,0.378317655929,0.408309655594,0.438428889763,0.468675358433,0.499049061606,0.529549999282,0.56017817146,0.59093357814
4.6,0.295674134185,0.32597278471,0.356404387436,0.386968942362,0.41766644949,0.448496908819,0.479460320349,0.51055668408,0.541786000013,0.573148268146,0.604643488481
4.7,0.302249487609,0.333237811969,0.364364931892,0.395630847379,0.427035558429,0.458579065043,0.49026136722,0.52208246496,0.554042358264,0.586141047131,0.618378531562
4.8,0.308831124218,0.340510441882,0.372334524136,0.404303370979,0.436416982411,0.468675358433,0.501078499045,0.533626404245,0.566319074036,0.599156508415,0.632138707385
4.9,0.315419044013,0.34779067445,0.380313164166,0.412986513162,0.445810721437,0.478785788991,0.511911715824,0.545188501936,0.578616147328,0.612194651999,0.645924015949
5.0,0.322013246993,0.355078509672,0.388300851984,0.421680273928,0.455216775505,0.488910356715,0.522761017557,0.556768758032,0.59093357814,0.625255477881,0.659734457254
5.1,0.328613733158,0.362373947548,0.396297587588,0.430384653277,0.464635144617,0.499049061606,0.533626404245,0.568367172534,0.603271366473,0.638338986062,0.6735700313
5.2,0.335220502509,0.369676988078,0.404303370979,0.43909965121,0.474065828772,0.509201903664,0.544507875888,0.579983745442,0.615629512326,0.651445176542,0.687430738088
5.3,0.341833555044,0.376987631263,0.412318202157,0.447825267726,0.48350882797,0.51936888289,0.555405432484,0.591618476755,0.6280080157,0.664574049321,0.701316577617
5.4,0.348452890766,0.384305877102,0.420342081121,0.456561502825,0.492964142211,0.529549999282,0.566319074036,0.603271366473,0.640406876594,0.677725604399,0.715227549887
5.5,0.355078509672,0.391631725595,0.428375007873,0.465308356507,0.502431771496,0.539745252841,0.577248800541,0.614942414597,0.652826095009,0.690899841776,0.729163654898
5.6,0.361710411764,0.398965176742,0.436416982411,0.474065828772,0.511911715824,0.549954643567,0.588194612001,0.626631621127,0.665265670943,0.704096761451,0.743124892651
5.7,0.368348597041,0.406306230543,0.444468004736,0.48283391962,0.521403975195,0.56017817146,0.599156508415,0.638338986062,0.677725604399,0.717316363426,0.757111263145
5.8,0.374993065503,0.413654886999,0.452528074849,0.491612629052,0.530908549609,0.57041583652,0.610134489784,0.650064509402,0.690205895374,0.7305586477,0.77112276638
5.9,0.381643817151,0.421011146109,0.460597192747,0.500401957067,0.540425439066,0.580667638746,0.621128556107,0.661808191149,0.70270654387,0.743823614273,0.785159402356
6.0,0.388300851984,0.428375007873,0.468675358433,0.509201903664,0.549954643567,0.59093357814,0.632138707385,0.6735700313,0.715227549887,0.757111263145,0.799221171073
6.1,0.394964170002,0.435746472291,0.476762571906,0.518012468846,0.559496163111,0.601213654701,0.643164943617,0.685350029858,0.727768913424,0.770421594315,0.813308072532
6.2,0.401633771206,0.443125539364,0.484858833165,0.52683365261,0.569049997698,0.611507868429,0.654207264803,0.69714818682,0.740330634481,0.783754607785,0.827420106732
6.3,0.408309655594,0.45051220909,0.492964142211,0.535665454957,0.578616147328,0.621816219323,0.665265670943,0.708964502189,0.752912713059,0.797110303553,0.841557273673
6.4,0.414991823169,0.457906481471,0.501078499045,0.544507875888,0.588194612001,0.632138707385,0.676340162038,0.720798975962,0.765515149157,0.810488681621,0.855719573355
6.5,0.421680273928,0.465308356507,0.509201903664,0.553360915401,0.597785391718,0.642475332613,0.687430738088,0.732651608142,0.778137942775,0.823889741987,0.869907005779
6.6,0.428375007873,0.472717834196,0.517334356071,0.562224573498,0.607388486478,0.652826095009,0.698537399092,0.744522398727,0.790781093914,0.837313484653,0.884119570944
6.7,0.435076025003,0.48013491454,0.525475856265,0.571098850178,0.61700389628,0.663190994571,0.70966014505,0.756411347717,0.803444602573,0.850759909617,0.89835726885
6.8,0.441783325318,0.487559597538,0.533626404245,0.579983745442,0.626631621127,0.6735700313,0.720798975962,0.768318455113,0.816128468753,0.864229016881,0.912620099497
6.9,0.448496908819,0.49499188319,0.541786000013,0.588879259288,0.636271661016,0.683963205197,0.731953891829,0.780243720915,0.828832692453,0.877720806443,0.926908062886
7.0,0.455216775505,0.502431771496,0.549954643567,0.597785391718,0.645924015949,0.69437051626,0.743124892651,0.792187145122,0.841557273673,0.891235278304,0.941221159016
7.1,0.461942925376,0.509879262456,0.558132334908,0.60670214273,0.655588685924,0.70479196449,0.754311978426,0.804148727734,0.854302212414,0.904772432464,0.955559387886
7.2,0.468675358433,0.517334356071,0.566319074036,0.615629512326,0.665265670943,0.715227549887,0.765515149157,0.816128468753,0.867067508675,0.918332268924,0.969922749499
7.3,0.475414074675,0.52479705234,0.57451486095,0.624567500505,0.674954971006,0.725677272451,0.776734404841,0.828126368176,0.879853162457,0.931914787682,0.984311243852
7.4,0.482159074102,0.532267351263,0.582719695652,0.633516107268,0.684656586111,0.736141132182,0.78796974548,0.840142426006,0.892659173759,0.945519988739,0.998724870947
7.5,0.488910356715,0.539745252841,0.59093357814,0.642475332613,0.69437051626,0.74661912908,0.799221171073,0.85217664224,0.905485542581,0.959147872095,1.01316363078
7.6,0.495667922513,0.547230757072,0.599156508415,0.651445176542,0.704096761451,0.757111263145,0.810488681621,0.864229016881,0.918332268924,0.97279843775,1.02762752336
7.7,0.502431771496,0.554723863958,0.607388486478,0.660425639054,0.713835321687,0.767617534376,0.821772277123,0.876299549926,0.931199352787,0.986471685704,1.04211654868
7.8,0.509201903664,0.562224573498,0.615629512326,0.669416720149,0.723586196965,0.778137942775,0.833071957579,0.888388241378,0.94408679417,1.00016761596,1.05663070674
7.9,0.515978319018,0.569732885693,0.623879585962,0.678418419827,0.733349387286,0.788672488341,0.84438772299,0.900495091235,0.956994593074,1.01388622851,1.07116999754
8.0,0.522761017557,0.577248800541,0.632138707385,0.687430738088,0.743124892651,0.799221171073,0.855719573355,0.912620099497,0.969922749499,1.02762752336,1.08573442108
8.1,0.529549999282,0.584772318044,0.640406876594,0.696453674932,0.752912713059,0.809783990973,0.867067508675,0.924763266165,0.982871263443,1.04139150051,1.10032397736
8.2,0.536345264191,0.592303438201,0.64868409359,0.70548723036,0.76271284851,0.820360948039,0.878431528949,0.936924591239,0.995840134909,1.05517815996,1.11493866639
8.3,0.543146812286,0.599842161012,0.656970358374,0.714531404371,0.772525299004,0.830952042273,0.889811634177,0.949104074718,1.00882936389,1.06898750171,1.12957848815
8.4,0.549954643567,0.607388486478,0.665265670943,0.723586196965,0.782350064541,0.841557273673,0.90120782436,0.961301716602,1.0218389504,1.08281952575,1.14424344266
8.5,0.556768758032,0.614942414597,0.6735700313,0.732651608142,0.792187145122,0.85217664224,0.912620099497,0.973517516893,1.03486889443,1.0966742321,1.15893352991
8.6,0.563589155683,0.622503945371,0.681883439444,0.741727637902,0.802036540746,0.862810147975,0.924048459589,0.985751475588,1.04791919597,1.11055162074,1.1736487499
8.7,0.57041583652,0.630073078799,0.690205895374,0.750814286246,0.811898251413,0.873457790876,0.935492904635,0.998003592689,1.06098985504,1.12445169169,1.18838910263
8.8,0.577248800541,0.637649814881,0.698537399092,0.759911553172,0.821772277123,0.884119570944,0.946953434635,1.0102738682,1.07408087163,1.13837444493,1.2031545881
8.9,0.584088047748,0.645234153618,0.706877950596,0.769019438682,0.831658617876,0.894795488179,0.95843004959,1.02256230211,1.08719224574,1.15231988047,1.21794520631
9.0,0.59093357814,0.652826095009,0.715227549887,0.778137942775,0.841557273673,0.905485542581,0.969922749499,1.03486889443,1.10032397736,1.16628799831,1.23276095727
9.1,0.597785391718,0.660425639054,0.723586196965,0.787267065451,0.851468244513,0.91618973415,0.981431534362,1.04719364515,1.11347606651,1.18027879845,1.24760184096
9.2,0.604643488481,0.668032785753,0.731953891829,0.79640680671,0.861391530396,0.926908062886,0.99295640418,1.05953655428,1.12664851318,1.19429228089,1.2624678574
9.3,0.611507868429,0.675647535106,0.740330634481,0.805557166553,0.871327131322,0.937640528789,1.00449735895,1.07189762181,1.13984131737,1.20832844563,1.27735900658
9.4,0.618378531562,0.683269887114,0.748716424919,0.814718144979,0.881275047292,0.948387131858,1.01605439868,1.08427684775,1.15305447908,1.22238729266,1.2922752885
9.5,0.625255477881,0.690899841776,0.757111263145,0.823889741987,0.891235278304,0.959147872095,1.02762752336,1.0966742321,1.16628799831,1.236468822,1.30721670316
9.6,0.632138707385,0.698537399092,0.765515149157,0.833071957579,0.90120782436,0.969922749499,1.039216733,1.10908977485,1.17954187506,1.25057303363,1.32218325056
9.7,0.639028220074,0.706182559062,0.773928082955,0.842264791755,0.911192685459,0.980711764069,1.05082202758,1.12152347601,1.19281610933,1.26469992757,1.3371749307
9.8,0.645924015949,0.713835321687,0.782350064541,0.851468244513,0.921189861601,0.991514915807,1.06244340713,1.13397533557,1.20611070112,1.2788495038,1.35219174359
9.9,0.652826095009,0.721495686965,0.790781093914,0.860682315854,0.931199352787,1.00233220471,1.07408087163,1.14644535354,1.21942565044,1.29302176233,1.36723368921
10.0,0.659734457254,0.729163654898,0.799221171073,0.869907005779,0.941221159016,1.01316363078,1.08573442108,1.15893352991,1.23276095727,1.30721670316,1.38230076758
10.1,0.666649102684,0.736839225485,0.80767029602,0.879142314287,0.951255280287,1.02400919402,1.09740405549,1.17143986469,1.24611662162,1.32143432629,1.39739297869
10.2,0.6735700313,0.744522398727,0.816128468753,0.888388241378,0.961301716602,1.03486889443,1.10908977485,1.18396435787,1.25949264349,1.33567463172,1.41251032254
10.3,0.680497243101,0.752213174622,0.824595689273,0.897644787052,0.971360467961,1.045742732,1.12079157917,1.19650700946,1.27288902289,1.34993761944,1.42765279913
10.4,0.687430738088,0.759911553172,0.833071957579,0.906911951309,0.981431534362,1.05663070674,1.13250946844,1.20906781946,1.2863057598,1.36422328947,1.44282040846
10.5,0.69437051626,0.767617534376,0.841557273673,0.91618973415,0.991514915807,1.06753281864,1.14424344266,1.22164678786,1.29974285424,1.37853164179,1.45801315053
10.6,0.701316577617,0.775331118235,0.850051637554,0.925478135574,1.00161061229,1.07844906772,1.15599350184,1.23424391466,1.31320030619,1.39286267642,1.47323102535
10.7,0.708268922159,0.783052304747,0.858555049221,0.93477715558,1.01171862383,1.08937945396,1.16775964597,1.24685919988,1.32667811567,1.40721639334,1.4884740329
10.8,0.715227549887,0.790781093914,0.867067508675,0.94408679417,1.0218389504,1.10032397736,1.17954187506,1.25949264349,1.34017628266,1.42159279256,1.5037421732
10.9,0.7221924608,0.798517485735,0.875589015916,0.953407051344,1.03197159202,1.11128263794,1.1913401891,1.27214424552,1.35369480718,1.43599187408,1.51903544623
11.0,0.729163654898,0.80626148021,0.884119570944,0.9627379271,1.04211654868,1.12225543568,1.2031545881,1.28481400595,1.36723368921,1.4504136379,1.53435385201
11.1,0.736141132182,0.814013077339,0.892659173759,0.972079421439,1.05227382038,1.13324237059,1.21498507205,1.29750192478,1.38079292877,1.46485808402,1.54969739053
11.2,0.743124892651,0.821772277123,0.90120782436,0.981431534362,1.06244340713,1.14424344266,1.22683164096,1.31020800202,1.39437252585,1.47932521244,1.56506606179
11.3,0.750114936305,0.829539079561,0.909765522748,0.990794265868,1.07262530892,1.1552586519,1.23869429482,1.32293223766,1.40797248044,1.49381502315,1.5804598658
11.4,0.757111263145,0.837313484653,0.918332268924,1.00016761596,1.08281952575,1.16628799831,1.25057303363,1.33567463172,1.42159279256,1.50832751617,1.59587880254
11.5,0.764113873169,0.845095492399,0.926908062886,1.00955158463,1.09302605763,1.17733148189,1.2624678574,1.34843518417,1.4352334622,1.52286269148,1.61132287203
11.6,0.77112276638,0.8528851028,0.935492904635,1.01894617188,1.10324490455,1.18838910263,1.27437876612,1.36121389503,1.44889448936,1.5374205491,1.62679207425
11.7,0.778137942775,0.860682315854,0.94408679417,1.02835137772,1.11347606651,1.19946086054,1.2863057598,1.3740107643,1.46257587404,1.55200108901,1.64228640922
11.8,0.785159402356,0.868487131563,0.952689731493,1.03776720214,1.12371954352,1.21054675562,1.29824883843,1.38682579197,1.47627761624,1.56660431122,1.65780587693
11.9,0.792187145122,0.876299549926,0.961301716602,1.04719364515,1.13397533557,1.22164678786,1.31020800202,1.39965897805,1.48999971596,1.58123021573,1.67335047738
12.0,0.799221171073,0.884119570944,0.969922749499,1.05663070674,1.14424344266,1.23276095727,1.32218325056,1.41251032254,1.5037421732,1.59587880254,1.68892021057
12.1,0.80626148021,0.891947194615,0.978552830182,1.06607838691,1.1545238648,1.24388926385,1.33417458406,1.42537982543,1.51750498796,1.61055007165,1.7045150765
12.2,0.813308072532,0.899782420941,0.987191958652,1.07553668566,1.16481660198,1.25503170759,1.3461820025,1.43826748672,1.53128816024,1.62524402306,1.72013507518
12.3,0.820360948039,0.907625249921,0.995840134909,1.085005603,1.1751216542,1.2661882885,1.35820550591,1.45117330642,1.54509169004,1.63996065676,1.73578020659
12.4,0.827420106732,0.915475681556,1.00449735895,1.09448513892,1.18543902146,1.27735900658,1.37024509427,1.46409728453,1.55891557736,1.65469997277,1.75145047075
12.5,0.83448554861,0.923333715844,1.01316363078,1.10397529343,1.19576870377,1.28854386182,1.38230076758,1.47703942104,1.5727598222,1.66946197107,1.76714586764
12.6,0.841557273673,0.931199352787,1.0218389504,1.11347606651,1.20611070112,1.29974285424,1.39437252585,1.48999971596,1.58662442457,1.68424665167,1.78286639728
12.7,0.848635281922,0.939072592384,1.0305233178,1.12298745818,1.21646501352,1.31095598381,1.40646036907,1.50297816928,1.60050938445,1.69905401458,1.79861205966
12.8,0.855719573355,0.946953434635,1.039216733,1.13250946844,1.22683164096,1.32218325056,1.41856429724,1.51597478101,1.61441470185,1.71388405978,1.81438285478
12.9,0.862810147975,0.95484187954,1.04791919597,1.14204209727,1.23721058344,1.33342465447,1.43068431037,1.52898955114,1.62834037678,1.72873678728,1.83017878265
13.0,0.869907005779,0.9627379271,1.05663070674,1.15158534469,1.24760184096,1.34468019555,1.44282040846,1.54202247968,1.64228640922,1.74361219708,1.84599984325
13.1,0.877010146769,0.970641577314,1.06535126529,1.1611392107,1.25800541353,1.3559498738,1.4549725915,1.55507356663,1.65625279918,1.75851028917,1.86184603659
13.2,0.884119570944,0.978552830182,1.07408087163,1.17070369528,1.26842130114,1.36723368921,1.46714085949,1.56814281198,1.67023954667,1.77343106357,1.87771736268
13.3,0.891235278304,0.986471685704,1.08281952575,1.18027879845,1.2788495038,1.37853164179,1.47932521244,1.58123021573,1.68424665167,1.78837452027,1.89361382151
13.4,0.89835726885,0.994398143881,1.09156722766,1.1898645202,1.2892900215,1.38984373154,1.49152565034,1.59433577789,1.6982741142,1.80334065926,1.90953541308
13.5,0.905485542581,1.00233220471,1.10032397736,1.19946086054,1.29974285424,1.40116995846,1.5037421732,1.60745949846,1.71232193425,1.81832948055,1.92548213739
13.6,0.912620099497,1.0102738682,1.10908977485,1.20906781946,1.31020800202,1.41251032254,1.51597478101,1.62060137743,1.72639011181,1.83334098415,1.94145399444
13.7,0.919760939599,1.01822313434,1.11786462012,1.21868539696,1.32068546485,1.42386482378,1.52822347377,1.63376141481,1.7404786469,1.84837517004,1.954549665
13.8,0.926908062886,1.02618000313,1.12664851318,1.22831359304,1.33117524272,1.4352334622,1.54048825149,1.64693961059,1.75458753951,1.86343203823,1.97056723222
13.9,0.934061469358,1.03414447458,1.13544145403,1.23795240771,1.34167733563,1.44661623778,1.55276911417,1.66013596478,1.76871678963,1.87851158872,1.98660993219
14.0,0.941221159016,1.04211654868,1.14424344266,1.24760184096,1.35219174359,1.45801315053,1.56506606179,1.67335047738,1.78286639728,1.89361382151,2.00267776489
14.1,0.948387131858,1.05009622543,1.15305447908,1.2572618928,1.36271846659,1.46942420045,1.57737909438,1.68658314838,1.79703636245,1.90873873659,2.01877073034
14.2,0.955559387886,1.05808350484,1.16187456329,1.26693256322,1.37325750463,1.48084938753,1.58970821191,1.69983397778,1.81122668514,1.92388633398,2.03488882853
14.3,0.9627379271,1.06607838691,1.17070369528,1.27661385222,1.38380885772,1.49228871178,1.60205341441,1.7131029656,1.82543736535,1.93905661367,2.05103205946
14.4,0.969922749499,1.07408087163,1.17954187506,1.2863057598,1.39437252585,1.5037421732,1.61441470185,1.72639011181,1.83966840308,1.95446964031,2.06720042313
14.5,0.977113855083,1.082090959,1.18838910263,1.29600828597,1.40494850902,1.51520977178,1.62679207425,1.73969541644,1.85391979833,1.96968561289,2.08339391954
14.6,0.984311243852,1.09010864903,1.19724537798,1.30572143072,1.41553680724,1.52669150753,1.63918553161,1.75301887946,1.8681915511,1.98492426777,2.09975645063
14.7,0.991514915807,1.09813394171,1.20611070112,1.31544519405,1.42613742049,1.53818738045,1.65159507392,1.7663605009,1.88248366139,2.00018560494,2.11600029473
14.8,0.998724870947,1.10616683704,1.21498507205,1.32517957597,1.4367503488,1.54969739053,1.66402070118,1.77972028074,1.8967961292,2.01546962442,2.13226921652
14.9,1.00594110927,1.11420733503,1.22386849077,1.33492457647,1.44737559214,1.56122153778,1.6764624134,1.79309821898,1.91112895453,2.0307763262,2.14856321133
15.0,1.01316363078,1.12225543568,1.23276095727,1.34468019555,1.45801315053,1.5727598222,1.68892021057,1.80649431563,1.92548213739,2.04610571027,2.16488227451
15.1,1.02039243548,1.13031113898,1.24166247156,1.35444643322,1.46866302396,1.58431224379,1.7013940927,1.81990857069,1.93985567776,2.06145777664,2.18122640143
15.2,1.02762752336,1.13837444493,1.25057303363,1.36422328947,1.47932521244,1.59587880254,1.71388405978,1.83334098415,1.95438961625,2.07683252532,2.19759558745
15.3,1.03486889443,1.14644535354,1.25949264349,1.3740107643,1.48999971596,1.60745949846,1.72639011181,1.84679155601,1.96880406958,2.09237385928,2.21398679954
15.4,1.04211654868,1.1545238648,1.26842130114,1.38380885772,1.50068653452,1.61905433155,1.7389122488,1.86026028629,1.98323888043,2.10779405829,2.23040598829
15.5,1.04937048612,1.16260997871,1.27735900658,1.39361756972,1.51138566812,1.6306633018,1.75145047075,1.87374717496,1.99769404881,2.12323688726,2.24685017167
15.6,1.05663070674,1.17070369528,1.2863057598,1.4034369003,1.52209711677,1.64228640922,1.76400477765,1.88725222205,2.0121695747,2.13870234175,2.26331934047
15.7,1.06389721055,1.17880501451,1.29526156081,1.41326684946,1.53282088046,1.65392365381,1.7765751695,1.90077542754,2.02666545812,2.15419041734,2.27981348554
15.8,1.07116999754,1.18691393638,1.30422640961,1.42310741721,1.5435569592,1.66557503556,1.78916164631,1.91431679143,2.04118169905,2.16970110959,2.29633259774
15.9,1.07844906772,1.19503046091,1.31320030619,1.43295860354,1.55430535297,1.67724055448,1.80176420807,1.92787631373,2.05571829751,2.18523441412,2.31287666794
16.0,1.08573442108,1.2031545881,1.32218325056,1.44282040846,1.56506606179,1.68892021057,1.81438285478,1.94145399444,2.07027525349,2.20078729922,2.32944568708
16.1,1.09302605763,1.21128631794,1.33117524272,1.45269283196,1.57583908566,1.70061400382,1.82701758645,1.95430959281,2.08499647103,2.21636572595,2.34603655386
16.2,1.10032397736,1.21942565044,1.34017628266,1.46257587404,1.58662442457,1.71232193425,1.83966840308,1.9679226023,2.09959423133,2.23196670359,2.36265531026
16.3,1.10762818028,1.22757258559,1.34918637039,1.4724695347,1.59742207852,1.72404400184,1.85233530466,1.98155377019,2.11421229953,2.24759022339,2.37929893516
16.4,1.11493866639,1.23572712339,1.35820550591,1.48237381395,1.60823204751,1.73578020659,1.86501829119,1.99520309649,2.12885067142,2.26323627662,2.39596741502
16.5,1.12225543568,1.24388926385,1.36723368921,1.49228871178,1.61905433155,1.74753054851,1.87771736268,2.00887058119,2.14350934278,2.27890485457,2.41266073634
16.6,1.12957848815,1.25205900696,1.3762709203,1.50221422819,1.62988893063,1.7592950276,1.89043251912,2.0225562243,2.15818830943,2.29459594856,2.42937888565
16.7,1.13690782381,1.26023635272,1.38531719918,1.51215036319,1.64073584475,1.77107364386,1.90316376052,2.03626002581,2.17288756719,2.31030954994,2.44612184953
16.8,1.14424344266,1.26842130114,1.39437252585,1.52209711677,1.65159507392,1.78286639728,1.91591108687,2.04998198573,2.18760711189,2.3260425766,2.4628865245
16.9,1.15158534469,1.27661385222,1.4034369003,1.53205448893,1.66246661813,1.79467328787,1.92867449818,2.06372210405,2.20234384619,2.34180105219,2.47967894696
17.0,1.15893352991,1.28481400595,1.41251032254,1.54202247968,1.67335047738,1.80649431563,1.94145399444,2.07762428589,2.21710383468,2.35758195901,2.49649609118
17.1,1.16628799831,1.29302176233,1.42159279256,1.55200108901,1.68424665167,1.81832948055,1.95422957001,2.09140081386,2.23188404817,2.37338528416,2.51333793936
17.2,1.1736487499,1.30123712137,1.43068431037,1.56199031692,1.69515514101,1.83017878265,1.96704121104,2.10519545333,2.24668447836,2.38921101476,2.53020447376
17.3,1.18101578467,1.30946008306,1.43978487597,1.57199016342,1.7060759454,1.8420422219,1.97986893703,2.11900820033,2.26150511698,2.40505913798,2.54709567671
17.4,1.18838910263,1.3176906474,1.44889448936,1.5820006285,1.71700906482,1.85391979833,1.99271274798,2.13283905085,2.27634595578,2.42092964102,2.56400850315
17.5,1.19576870377,1.3259288144,1.45801315053,1.59202171216,1.72795449929,1.86581151192,2.00557264388,2.14668800095,2.29120698655,2.43681943934,2.58094889662
17.6,1.2031545881,1.33417458406,1.46714085949,1.60205341441,1.7389122488,1.87771736268,2.01844862473,2.16055504666,2.30608514342,2.45273455174,2.59791385675
17.7,1.21054675562,1.34242795636,1.47627761624,1.61209573523,1.74988231336,1.88963735061,2.03134069054,2.17444018404,2.32098643708,2.46867195593,2.61490336158
17.8,1.21794520631,1.35068893133,1.48542342077,1.62214867465,1.76086469296,1.9015714757,2.0442488413,2.18834032829,2.3359078508,2.48463163495,2.6319173892
17.9,1.2253499402,1.35895750894,1.49457827309,1.63221223264,1.7718593876,1.91351973796,2.05717307702,2.20226153435,2.3508493723,2.50061357187,2.64895591777
18.0,1.23276095727,1.36723368921,1.5037421732,1.64228640922,1.78286639728,1.92548213739,2.07025729193,2.21620077348,2.36581098936,2.51661774983,2.66601892549
18.1,1.24017825752,1.37551747214,1.51291512109,1.65237120438,1.79388572201,1.93745867398,2.08321379817,2.23015803783,2.38079268975,2.53264415199,2.68310331433
18.2,1.24760184096,1.38380885772,1.52209711677,1.66246661813,1.80491736178,1.94944934774,2.09618634556,2.24413331956,2.39579446132,2.54868967329,2.70021509519
18.3,1.25503170759,1.39210784595,1.53128816024,1.67257265045,1.8159613166,1.95414954783,2.10917493035,2.25812661086,2.41081324259,2.56476035454,2.71735123888
18.4,1.2624678574,1.40041443684,1.54048825149,1.68268930136,1.82701758645,1.96615989582,2.12217954879,2.27213790394,2.42585503053,2.58085315957,2.73451171943
18.5,1.2699102904,1.40872863038,1.54969739053,1.69281657086,1.83808617135,1.97818438097,2.13520019713,2.28616414633,2.44091680682,2.59696806745,2.75169651092
18.6,1.27735900658,1.41705042658,1.55891557736,1.70295445894,1.8491670713,1.99022300329,2.14823687164,2.30021134102,2.45599855531,2.61310505734,2.76890558753
18.7,1.28481400595,1.42537982543,1.56814281198,1.7131029656,1.86026028629,2.00227576277,2.1612895686,2.31427646981,2.4711002599,2.62926410843,2.78613585786
18.8,1.2922752885,1.43371682693,1.57737909438,1.72326209084,1.87136581632,2.01434265942,2.17435522232,2.32835952108,2.48622190453,2.64544215463,2.80339331462
18.9,1.29974285424,1.44206143109,1.58662442457,1.73343183467,1.88248366139,2.02642369324,2.18743986922,2.34246048323,2.50136347318,2.66164517268,2.82067492894
19.0,1.30721670316,1.4504136379,1.59587880254,1.74361219708,1.89361382151,2.03851886423,2.20054048372,2.35657934468,2.51652188767,2.6778701422,2.83798067087
19.1,1.31469683527,1.45877344737,1.6051422283,1.75380317807,1.90475629667,2.05062817238,2.21365705839,2.3707160939,2.53170316024,2.69411703839,2.85531051052
19.2,1.32218325056,1.46714085949,1.61441470185,1.76400477765,1.91591108687,2.06289551279,2.22678958583,2.38486768608,2.54690426215,2.71038583647,2.87266441812
19.3,1.32967594904,1.47551587427,1.62369622319,1.7742169958,1.92707819212,2.07503319918,2.23993805868,2.39904010814,2.56212517347,2.72667651178,2.89003929965
19.4,1.3371749307,1.4838984917,1.63298679231,1.78443983255,1.93825761241,2.08718498165,2.25310246957,2.41323034028,2.57736587434,2.74298600816,2.90744114347
19.5,1.34468019555,1.49228871178,1.64228640922,1.79467328787,1.94944934774,2.09935085667,2.26627977663,2.42743836719,2.59262634496,2.75932028188,2.92486691626
19.6,1.35219174359,1.50068653452,1.65159507392,1.80491736178,1.95406952628,2.1115308207,2.27947598026,2.44166417359,2.60790354061,2.77567631273,2.94231658419
19.7,1.35970957481,1.50909195991,1.6609127864,1.81517205427,1.96527865661,2.12372487025,2.29268805846,2.45590774426,2.62320342337,2.79205407207,2.95979011351
19.8,1.36723368921,1.51750498796,1.67023954667,1.82543736535,1.97650010199,2.13593300178,2.30591600025,2.47016906399,2.63852297268,2.80845353134,2.97728747054
19.9,1.3747640868,1.52592561866,1.67957535473,1.83571329501,1.98773386241,2.14815521182,2.31915979466,2.48444508018,2.65386216489,2.82487466206,2.99480553109
20.0,1.38230076758,1.53435385201,1.68892021057,1.84599984325,1.99897993787,2.16038844591,2.33241943078,2.49874178224,2.66922097642,2.8413144048,3.01235031996
20.1,1.38984373154,1.54278968802,1.6982741142,1.85629701007,2.01023832837,2.17263873325,2.34569489769,2.51305614476,2.68459938373,2.85777871291,3.02991878511
20.2,1.39739297869,1.55123312669,1.70763706562,1.86660479548,2.02150903392,2.18490304756,2.35898315802,2.52738814883,2.69999736338,2.87426456139,3.04751088889
20.3,1.40494850902,1.559684168,1.71700906482,1.87692319947,2.03279205451,2.1971813819,2.3722902022,2.54173777559,2.71541182529,2.89077191787,3.06512659375
20.4,1.41251032254,1.56814281198,1.72639011181,1.88725222205,2.04408739014,2.20947372929,2.3856130042,2.55610500624,2.73084878293,2.90730075005,3.08276282342
20.5,1.42007841924,1.5766090586,1.73578020659,1.8975918632,2.05553893676,2.2217800828,2.39895154954,2.57048982201,2.74630519633,2.92385102572,3.10042552563
20.6,1.42765279913,1.58508290788,1.74517934916,1.90794212295,2.06685900969,2.23410043553,2.41230582379,2.58488914503,2.76178103825,2.94041967634,3.11811166884
20.7,1.4352334622,1.59356435982,1.75458753951,1.91830300127,2.07819135928,2.24643175343,2.42567581254,2.59930898973,2.77727628152,2.95701265982,3.13582121157
20.8,1.44282040846,1.60205341441,1.76400477765,1.92867449818,2.08953598223,2.25878003933,2.43906150142,2.61374631911,2.79279089906,2.97362694454,3.15355411246
20.9,1.4504136379,1.61055007165,1.77343106357,1.93905661367,2.10089287525,2.27114226515,2.45245985003,2.62820111077,2.80832180574,2.99026249446,3.17131033023
21.0,1.45801315053,1.61905433155,1.78286639728,1.94944934774,2.11226203504,2.28351842055,2.46587684622,2.64267334235,2.82387500062,3.00691927363,3.18908674591
21.1,1.46561894635,1.6275661941,1.79231077878,1.95398950536,2.12364345833,2.29590849521,2.47930945954,2.65716299155,2.83944744309,3.02359724621,3.20688936005
21.2,1.47323102535,1.6360856593,1.80176420807,1.96439749344,2.13503714184,2.30831247885,2.49275767212,2.67166700026,2.85503910235,3.04029332089,3.22471511808
21.3,1.48084938753,1.64461272716,1.81122668514,1.9748161001,2.14644004589,2.3207303612,2.50622146612,2.68619135129,2.87064994765,3.05701347863,3.24256397487
21.4,1.4884740329,1.65314739768,1.82069821,1.98524532534,2.15785818912,2.33316213203,2.51970082374,2.7007330108,2.88627994835,3.07375467572,3.26043588541
21.5,1.49610496146,1.66168967085,1.83017878265,1.99568516917,2.16928854474,2.34560472838,2.53319572724,2.71529195292,2.90192601707,3.09051687252,3.27832775309
21.6,1.5037421732,1.67023954667,1.83966840308,2.00613563158,2.18073110623,2.35806417618,2.54670312272,2.72986815181,2.91759414856,3.10730002951,3.29624553836
21.7,1.51138566812,1.67879702515,1.8491670713,2.01659671257,2.19218586708,2.37053744113,2.56022900493,2.74446158173,2.93328129848,3.12410108295,3.31418619477
21.8,1.51903544623,1.68736210628,1.85867478731,2.02706841214,2.20365282081,2.38302450964,2.57377033912,2.75906919011,2.9489874325,3.14092597127,3.3321496735
21.9,1.52669150753,1.69593479006,1.8681915511,2.0375507303,2.21513196093,2.39552536814,2.58732710409,2.7736969479,2.96471251639,3.15777165711,3.35013592581
22.0,1.53435385201,1.7045150765,1.87771736268,2.04818756383,2.22662025857,2.4080400031,2.60089927869,2.78834181828,2.980456516,3.17463809725,3.36814185954
22.1,1.54202247968,1.7131029656,1.88725222205,2.05869122967,2.23812372391,2.42056840102,2.61448684179,2.80300377193,2.99621632021,3.19152524852,3.38617342144
22.2,1.54969739053,1.72169845734,1.8967961292,2.06920547843,2.24963932049,2.43310749727,2.62808977233,2.81768277964,3.0119979494,3.20843306789,3.40422756401
22.3,1.55737858457,1.73030155175,1.90634908414,2.07973030703,2.26116703864,2.4456633131,2.64170498969,2.83237881224,3.02779834602,3.22535845196,3.42230423476
22.4,1.56506606179,1.7389122488,1.91591108687,2.09026571241,2.27270686869,2.45823281112,2.65533851397,2.84708881424,3.04361747233,3.24230738335,3.44040338134
22.5,1.5727598222,1.74753054851,1.92548213739,2.10081169151,2.28425880101,2.47081597453,2.66898730043,2.86181875378,3.05945529064,3.25927680752,3.45852191531
22.6,1.5804598658,1.75615645088,1.93506223569,2.11136824128,2.29582282599,2.48341278654,2.6826513246,2.87656558988,3.07530873133,3.27626667776,3.4766657711
22.7,1.58816619258,1.7647899559,1.94465138178,2.12193535866,2.30739893402,2.49602323044,2.69633056208,2.8913292899,3.09118375291,3.29327694746,3.49483189961
22.8,1.59587880254,1.77343106357,1.95390948507,2.13251001395,2.31898408152,2.50864426606,2.71002498849,2.90610982125,3.10707731074,3.31030453055,3.51302024475
22.9,1.60359769569,1.7820797739,1.96351640629,2.14309822092,2.33058427928,2.52128188735,2.7237315368,2.92090715143,3.1229893636,3.32735537914,3.53123075057
23.0,1.61132287203,1.79073608688,1.9731323753,2.15369695101,2.34219649395,2.53393305313,2.73745620371,2.9357182184,3.13891987035,3.34442644274,3.54946031921
23.1,1.61905433155,1.79940000252,1.98275739209,2.16430619816,2.35382071281,2.54659774339,2.75119594582,2.95054899092,3.15486878994,3.36151767111,3.56771489021
23.2,1.62679207425,1.80807152081,1.99239145667,2.17492595632,2.36545692313,2.55927593818,2.76495073542,2.96539642384,3.1708330149,3.37862901414,3.58599140789
23.3,1.63453610014,1.81675064175,2.00203456904,2.18555621943,2.37710511222,2.57196761759,2.77872054488,2.98026048124,3.1868185454,3.3957573886,3.60428981261
23.4,1.64228640922,1.82543736535,2.01168672919,2.19619698145,2.38876526741,2.58467276174,2.79250534658,2.99514112722,3.20282232084,3.41290873614,3.62261004485
23.5,1.65004300148,1.8341316916,2.02134793713,2.20684521608,2.40043434592,2.59738831806,2.8063020794,3.010038326,3.21884429663,3.43008000404,3.64094899723
23.6,1.65780587693,1.84283362051,2.03101819286,2.21750694558,2.41211835279,2.6101202829,2.82011672776,3.02494899993,3.23488442833,3.44727113861,3.65931261474
23.7,1.66557503556,1.85154315207,2.04084139401,2.22817912298,2.42381425106,2.62286561464,2.83394624594,3.03987912861,3.25093963088,3.46448208626,3.67769783501
23.8,1.67335047738,1.86026028629,2.05052985914,2.23886173925,2.43552202495,2.63562429018,2.84779060304,3.05482566099,3.26701586786,3.48170976597,3.6961045949
23.9,1.68113220238,1.86898502316,2.06022733911,2.2495547854,2.44724165873,2.64839628649,2.86164976823,3.06978855788,3.28311008443,3.4989601102,3.71453283139
24.0,1.68892021057,1.87771736268,2.06993383107,2.26025825244,2.45897313669,2.66118158059,2.87552371072,3.08476778017,3.29922223262,3.51623006348,3.73297941993
24.1,1.69671450194,1.88645730486,2.0796493322,2.2709721314,2.47071644316,2.67397712691,2.8894093633,3.09976328881,3.31535226461,3.53351956871,3.75145032174
24.2,1.7045150765,1.89520484969,2.08937383966,2.28169641334,2.48246853077,2.68678891417,2.90331271056,3.11477198182,3.33149710659,3.55082856886,3.76994246432
24.3,1.71232193425,1.90395999718,2.09910735062,2.29242806762,2.49423540262,2.69961389364,2.91723070308,3.12979986291,3.34766270316,3.56815397501,3.78845578105
24.4,1.72013507518,1.91272274732,2.10884986227,2.30317310167,2.5060140192,2.71245203915,2.93116330682,3.14484387037,3.3638459985,3.58550172224,3.80698718265
24.5,1.72795449929,1.92149310011,2.11859835544,2.3139284777,2.5178043618,2.72530332458,2.94511048778,3.15990396181,3.38004694132,3.60286874997,3.8255425768
24.6,1.73578020659,1.93027105556,2.12835884105,2.32469418382,2.52960641171,2.73816772389,2.95907221206,3.17498009493,3.39626548045,3.62025499765,3.8441189012
24.7,1.74361219708,1.93905661367,2.1381282865,2.33547020817,2.54142015027,2.75104521105,2.97304540629,3.19006919193,3.41249854294,3.6376604049,3.86271608566
24.8,1.75145047075,1.94784977442,2.14790668618,2.3462565389,2.55324253847,2.76393271898,2.98703605551,3.20517721995,3.42875206689,3.65508187478,3.8813340601
24.9,1.7592950276,1.95382946541,2.15769403446,2.3570531642,2.5650795789,2.77683624638,3.00104110652,3.22030112195,3.44502299276,3.6725253453,3.89996970916
25.0,1.76714586764,1.96263539517,2.16749032575,2.36785705219,2.57692821774,2.78975274493,3.01506052218,3.23544085231,3.46131126594,3.68998775064,3.91862896627
25.1,1.77500299087,1.97144892758,2.17729555447,2.37867420869,2.58878843331,2.80268218549,3.0290942654,3.25059636547,3.47761683196,3.70746902691,3.93730875777
25.2,1.78286639728,1.98027006265,2.18710971504,2.38950159072,2.60066020398,2.81562453898,3.0431422992,3.26576459478,3.49393963644,3.72496911035,3.95600901005
25.3,1.79073608688,1.98909880038,2.19692978424,2.40033918354,2.61254350813,2.82857977636,3.05720153443,3.28095149208,3.51027655726,3.74248488993,3.97472964965
25.4,1.79861205966,1.99793514075,2.20676176469,2.41118697248,2.62443832419,2.8415448324,3.07127796809,3.29615399649,3.52663358552,3.76002231454,3.99346752929
25.5,1.80649431563,2.00677908379,2.21660262728,2.42204494286,2.63634160544,2.85452569809,3.08536854073,3.31137205919,3.54300764508,3.77757831096,4.01222861934
25.6,1.81438285478,2.01563062947,2.22645236367,2.43291308005,2.64825934563,2.8675193225,3.09947321215,3.32660563142,3.55939867817,3.79515281197,4.03100982949
25.7,1.82227767712,2.02448977781,2.23631096554,2.44378835004,2.66018849748,2.88052567351,3.11359194223,3.34185466452,3.57580662715,3.81274575049,4.04981108275
25.8,1.83017878265,2.03350042729,2.24617842457,2.45467675568,2.67212903644,2.89354471905,3.12772166347,3.35711606221,3.59222836803,3.83035399316,4.06862926462
25.9,1.83808617135,2.04237489809,2.25605473247,2.46557525088,2.684080938,2.90657642712,3.14186834434,3.37239580021,3.60866988719,3.84798351179,4.08747029287
26.0,1.84599984325,2.05125694131,2.26593686598,2.47648381813,2.6960441777,2.91961772705,3.15602892524,3.38769081175,3.62512810552,3.86563122163,4.10633108873
26.1,1.85391979833,2.06014655435,2.27583083631,2.48740243998,2.70801571045,2.93267460932,3.17020336286,3.40300104492,3.64160296202,3.88329705215,4.12521157171
26.2,1.86184603659,2.06904373461,2.2857335993,2.49833109898,2.7200015293,2.94574401991,3.184391614,3.41832644788,3.65809137503,3.9009779033,4.14411166146
26.3,1.86977855804,2.07794847948,2.29564514392,2.50926977773,2.73199857851,2.95882592377,3.19859363551,3.4336639271,3.67459927406,3.91867969673,4.16302819817
26.4,1.87771736268,2.08686078637,2.30556545919,2.52021543861,2.74400683068,2.97192028587,3.21280633477,3.44901944847,3.69112358811,3.93639935683,4.18196715467
26.5,1.8856624505,2.09578065269,2.31549453412,2.53117407811,2.75602625845,2.98502405143,3.22703569991,3.46438994336,3.70766425284,3.95413680969,4.20092543015
26.6,1.89361382151,2.10470506798,2.32543235775,2.54214265144,2.76805683448,2.99814319968,3.24127866589,3.47977535673,3.72422120404,3.97189198149,4.21990294078
26.7,1.9015714757,2.11364004064,2.33537590191,2.55312113838,2.78009551207,3.01127466584,3.25553518644,3.4951756336,3.74079135026,3.98966174785,4.23889654745
26.8,1.90953541308,2.12258253522,2.34533118953,2.56410951873,2.79214828655,3.02441841186,3.26980521536,3.51058768263,3.75738062417,4.00745205359,4.25791218578
26.9,1.91750563364,2.13153254655,2.35529516269,2.57510777232,2.80421209382,3.03757439976,3.28408567443,3.52601746096,3.7739859512,4.02525981308,4.27694676244
27.0,1.92548213739,2.14049006949,2.36526780774,2.58611286002,2.81628690361,3.05074259163,3.29838253016,3.54146189767,3.79060726384,4.04308494911,4.29600019013
27.1,1.93346492432,2.14945509889,2.37524911104,2.597130793,2.82837268576,3.06391992627,3.31269271715,3.55692093457,3.80724449466,4.06092436437,4.31506935151
27.2,1.94145399444,2.1584276296,2.38523905898,2.60815850703,2.84046941011,3.0771123777,3.32701618607,3.57239451359,3.8238945413,4.07878396527,4.33416014669
27.3,1.94944934774,2.1674076565,2.39523763798,2.61919597914,2.85257704659,3.09031688326,3.3413528877,3.58787954112,3.84056334178,4.09666066987,4.3532694875
27.34375,1.95374944637,2.17639216881,2.405241816,2.63024318641,2.86469253369,3.10353340201,3.35569974972,3.60338197054,3.85724781696,4.1145543976,4.37239728318
27.44375,1.96175446007,2.18538716331,2.4152576197,2.64130010596,2.87682185888,3.11676189311,3.37006272977,3.61889872779,3.87394789613,4.13246506804,4.39154042301
27.54375,1.96976575696,2.19438960856,2.42528198392,2.65236671494,2.8889619698,3.13000231575,3.38443875753,3.63442975159,3.89066350872,4.15038955206,4.41070479285
27.64375,1.97778333703,2.20339949692,2.4353148924,2.66343997275,2.90111283348,3.14325159998,3.39882778066,3.64997498076,3.9073915349,4.1683337862,4.42988730278
27.74375,1.98580720029,2.21241682071,2.44535632893,2.67452587092,2.91327441699,3.15651571922,3.41322974692,3.66553131943,3.92413792695,4.18629467831,4.44908785861
27.84375,1.99383734673,2.22144157229,2.45540627731,2.68562135703,2.92544366868,3.16979161077,3.42764460414,3.68110471724,3.94089959845,4.20427214458,4.46830636629
27.94375,2.00187377636,2.23047374402,2.46546472136,2.69672640545,2.93762657889,3.18307923084,3.44206925442,3.69669209704,3.95767647555,4.22226307809,4.48753967245
28.04375,2.00991648917,2.23951031531,2.47552862843,2.7078409906,2.94982007701,3.19637853573,3.45650967283,3.71229339444,3.97446546221,4.2402733825,4.50679370943
28.14375,2.01796548517,2.24855731284,2.48560401677,2.71896508697,2.96202412724,3.20968646225,3.47096278622,3.72790854518,3.99127247816,4.25829996835,4.52606537093
28.24375,2.02616466369,2.25761167935,2.49568782243,2.73009565208,2.97423869385,3.22300897989,3.48542853935,3.74353444706,4.00809443832,4.27634274848,4.54535455947
28.34375,2.03422634652,2.26667340469,2.5057800266,2.74123868349,2.98646374115,3.23634301616,3.49990687705,3.7591770503,4.02493126556,4.29440163587,4.56465813245
28.44375,2.04229428504,2.27574247873,2.51588061051,2.75239111762,2.99869621515,3.2496885244,3.5143947039,3.77483327406,4.04178288287,4.31247349062,4.58398200004
28.54375,2.05036847687,2.28481889136,2.52598955542,2.76355292619,3.01094210033,3.26304545798,3.52889798587,3.79050305091,4.05864617604,4.33056424886,4.60332305798
28.64375,2.05844891964,2.29390263249,2.53610684262,2.77472408098,3.02319832588,3.27641377039,3.54341364799,3.80618631351,4.07552707692,4.3486708098,4.62268120537
28.74375,2.06653561098,2.30299369202,2.54622944091,2.7859045538,3.03546485328,3.28979038502,3.55794163202,3.82187994839,4.09242249571,4.36679308306,4.64205330286
28.84375,2.07462854852,2.31208905607,2.55636335021,2.79709129845,3.04774164405,3.30318126981,3.57248187982,3.83758991227,4.10933235214,4.38492794298,4.66144524899
28.94375,2.08272772991,2.32119471487,2.56650551518,2.80829031894,3.06002865977,3.31658335698,3.58703129791,3.85331311933,4.12625656605,4.40308130059,4.68085393811
29.04375,2.09083015108,2.33030763223,2.5766559145,2.81949854178,3.07232284274,3.32999659707,3.60159584421,3.86904949908,4.14319199964,4.42125005722,4.70027926589
29.14375,2.09894182515,2.33942779557,2.58681452687,2.83071593605,3.08463016784,3.34342094065,3.61617244141,3.88479596295,4.16014460722,4.43943411914,4.71971810071
29.24375,2.10705970915,2.34855519235,2.59698133105,2.84194247088,3.09694756863,3.35685331756,3.63076102835,3.90055843957,4.17711128936,4.45763037447,4.73917632464
29.34375,2.11518379837,2.35768981005,2.60715630582,2.85317811547,3.10927500388,3.37029968914,3.64536154392,3.91633383985,4.19409196265,4.47584471358,4.75865083141
29.44375,2.12331408812,2.36683163617,2.61733641937,2.86442283905,3.1216124324,3.38375698062,3.6599708926,3.93212209013,4.21108351236,4.49407403632,4.77814151325
29.54375,2.13145057369,2.37597765325,2.62752765438,2.8756735917,3.13395981306,3.39722513965,3.67459502838,3.94792311686,4.22809185793,4.51231824561,4.79764524021
29.64375,2.1395932504,2.38513385796,2.63772696492,2.88693635,3.14631408216,3.41070411396,3.68923087119,3.96373382437,4.24511390397,4.53057724453,4.81716788566
29.74375,2.14774211358,2.39429720464,2.6479343272,2.89820806142,3.1586812094,3.42419083371,3.70387835689,3.97956013984,4.26214956381,4.54884787995,4.83670634059
29.84375,2.15589416199,2.40346767835,2.65814971745,2.90948869251,3.17105813065,3.43769126191,3.71853742141,3.99539897299,4.27919875089,4.56713608322,4.85626049377
29.94375,2.16405539186,2.41264526414,2.66837311195,2.92077820983,3.18344480198,3.45120231432,3.73320496725,4.01125024714,4.29625832326,4.58543874182,4.87582721639
30.04375,2.17222276703,2.4218299471,2.67860147572,2.93207658003,3.19584117951,3.46472393574,3.74788694443,4.02711388569,4.31333422622,4.60375575547,4.89541237409
30.14375,2.1803962805,2.43102171233,2.68884080298,2.94338075166,3.20824420236,3.47825607105,3.76258027011,4.04298678137,4.3304233546,4.6220839858,4.91501285465
30.24375,2.18857592529,2.44021754072,2.69908803316,2.95469669749,3.22065984355,3.49179866519,3.77728487721,4.05887486498,4.34752561861,4.64042933793,4.9346285434
30.34375,2.19676169442,2.44942342599,2.70934313997,2.96602136269,3.23308502623,3.50534863313,3.79200069873,4.07477504416,4.36463789853,4.65878870203,4.95425630848
30.44375,2.20495358091,2.4586363201,2.71960609716,2.97735471122,3.24551970373,3.51891193334,3.80672463151,4.09068723915,4.38176610624,4.67716197447,4.97390201199
30.54375,2.21314856111,2.46785620575,2.72987687852,2.98869670708,3.25796382942,3.53248549057,3.82146262514,4.1066113703,4.39890713995,4.69554602765,4.99356253805
30.64375,2.22135268765,2.47708306561,2.74015244089,3.00004429846,3.27041735677,3.54606924684,3.83621159381,4.12254431118,4.41606090663,4.71394674795,5.01323776853
30.74375,2.22956288534,2.48631688243,2.75043879956,3.01140347661,3.28287721994,3.55966314425,3.85097146749,4.13849200721,4.43322429652,4.73236102471,5.03292758542
30.84375,2.23777914493,2.49555763896,2.76073287485,3.02277116314,3.29534938166,3.57326410094,3.86574217622,4.15445136014,4.4504032078,4.7507887509,5.05262880416
30.94375,2.24600145716,2.50480231679,2.77103463802,3.0341473194,3.30783077123,3.58687806839,3.88052061103,4.17042228717,4.46759453424,4.76922680302,5.0723473451
31.04375,2.2542298128,2.51405689643,2.78134406033,3.04553190676,3.32032133931,3.60050196742,3.89531272141,4.18640168503,4.48479817953,4.78768105776,5.09208007334
31.14375,2.26246420263,2.52331833494,2.79166111312,3.05692488665,3.33282103662,3.61413573722,3.91011541843,4.20239547063,4.50201404743,4.80614840083,5.1118271433
31.24375,2.27070461742,2.53258661267,2.80198576774,3.06832320675,3.34532679794,3.62777931706,3.92492862909,4.21840054418,4.51923900925,4.82462872185,5.13158624473
31.34375,2.27894804796,2.54186170998,2.81231498777,3.07973284644,3.35784459032,3.641429625,3.93974926424,4.23441681976,4.53647897321,4.84312191052,5.15136330273
31.44375,2.2872004997,2.55114360727,2.82265474555,3.0911507316,3.37037133128,3.65509260838,3.95458325763,4.25044421149,4.55373083078,4.86162480437,5.17115518602
31.54375,2.29545892247,2.56042927135,2.83300198834,3.10257682101,3.38290696877,3.66876518416,3.9694275103,4.26647960162,4.57099448248,4.88014331669,5.19096177727
31.64375,2.30372330479,2.56972472496,2.843356685,3.11401107352,3.39545145081,3.68244728871,3.98428194623,4.2825289127,4.58826681053,4.89867432278,5.21077990068
31.74375,2.31199363519,2.57902689257,2.8537188044,3.12545344801,3.40800472545,3.69613885846,3.99914648947,4.29858904333,4.60555370748,4.91721781897,5.23061546688
31.84375,2.32026990223,2.58833575217,2.86408831547,3.13690089075,3.42056372011,3.70983681092,4.014018046,4.31465990448,4.62285206127,4.93577155716,5.2504653446
31.94375,2.32855209447,2.59765128181,2.87446218002,3.14835937091,3.43313438984,3.72354709016,4.02890254424,4.33073839157,4.64016173522,4.95434152297,5.27032941304
32.04375,2.33683719502,2.60697345954,2.88484637032,3.1598258179,3.44571366189,3.73726660889,4.043796886,4.34683041404,4.65748336497,4.9729245989,5.29020449391
32.14375,2.34513122373,2.61630226347,2.89523782855,3.17130018796,3.45830148155,3.75099530065,4.05870099231,4.36293286314,4.67481413568,4.99152067526,5.31009649323
32.24375,2.35343111765,2.62563466789,2.90563652112,3.18278243738,3.47089779415,3.76473309902,4.07361478429,4.37904564667,4.69215997223,5.01012661168,5.33000227656
32.34375,2.36173686309,2.63497666379,2.91604241449,3.19427252251,3.48349952916,3.77847691935,4.08853516191,4.39516867255,4.70951776307,5.02874829661,5.34992171964
32.44375,2.3700484464,2.64432519212,2.92645547515,3.20576738569,3.49611264001,3.79223270223,4.10346805032,4.41129882483,4.7268874093,5.0473826116,5.36985164164
32.54375,2.37836585392,2.65368022863,2.93687266332,3.21727298461,3.5087340464,3.80599735762,4.11841035112,4.42744201253,4.74426578459,5.06602944358,5.38979794397
32.64375,2.38668907203,2.66304174905,2.94729994795,3.22878625545,3.52136369091,3.81977081621,4.13336198239,4.4435951281,4.7616587902,5.08468565739,5.40975748901
32.74375,2.39501507501,2.67240972917,2.95773426899,3.24030715194,3.53400151618,3.83355300875,4.14832286225,4.45975804165,4.77906331487,5.10335712954,5.42973014899
32.84375,2.40334989936,2.68178112892,2.96817559045,3.25183562782,3.54664445053,3.84734084952,4.16328988365,4.47593105159,4.79647925643,5.12204073904,5.44971274053
32.94375,2.41169046833,2.69116197494,2.97862387636,3.26336862484,3.55929845174,3.86114027673,4.17826897042,4.49211164832,4.81390349733,5.14073636944,5.46971116039
33.04375,2.42003676606,2.70054918136,2.9890790908,3.27491211333,3.57196042917,3.87494819567,4.19325702304,4.50830575887,4.8313419272,5.15944088904,5.48972226775
33.14375,2.42838877672,2.7099427216,2.9995381924,3.2864630115,3.58463032269,3.88876453418,4.20825395657,4.52451027815,4.84879142939,5.17816016561,5.50974593134
33.24375,2.43674648448,2.71934256912,3.01000714677,3.29802127049,3.59730807223,3.90258922018,4.22325968615,4.54072511459,4.86625189845,5.1968910741,5.52977896517
33.34375,2.44510987356,2.72874869742,3.02048289169,3.30958684147,3.60999361777,3.91641916571,4.23827109652,4.55694715572,4.88372322906,5.21563349465,5.54982726131
33.44375,2.45347592012,2.73816108001,3.03096538875,3.32115967569,3.62268387964,3.9302603055,4.25329411237,4.5731823099,4.90120227763,5.23438730747,5.56988767574
33.54375,2.46185064864,2.74757669137,3.04145459957,3.33273671368,3.63538480168,3.94410954209,4.26832563197,4.58942746885,4.91869495022,5.25314934428,5.58996007364
33.64375,2.4702309859,2.75700150446,3.05195048584,3.34432390908,3.6480933052,3.95796680047,4.28336556737,4.60568253782,4.93619812772,5.2719255049,5.61004126638
33.74375,2.4786169139,2.76643246415,3.062450005,3.35591818938,3.66080932741,3.97183200567,4.29841078444,4.62194742211,4.95371170148,5.2907126559,5.63013714131
33.84375,2.48700841465,2.77586954163,3.0729591156,3.36751950319,3.67353280559,3.9857020675,4.31346792463,4.63821899459,4.97123254072,5.30951067405,5.6502445512
33.94375,2.49540547019,2.7853127081,3.0834747563,3.37912779916,3.68626066139,3.99958291719,4.32853411456,4.65450316959,4.98876653205,5.32831639912,5.67036335763
34.04375,2.50380806258,2.79476193481,3.09399688629,3.39074001413,3.69899883505,4.01347145451,4.34360926974,4.67079683698,5.00631055463,5.34713571326,5.69049036929
34.14375,2.5122131698,2.80421418899,3.10452546481,3.40236211711,3.71174424268,4.02736760158,4.35869330574,4.68709989889,5.02386449651,5.36596548315,5.71063146878
34.24375,2.52062680451,2.81367545997,3.11505743639,3.41399101769,3.72449681877,4.04127128056,4.37378312047,4.70340923997,5.04142523164,5.38480558208,5.7307835056
34.34375,2.52904589696,2.82314267753,3.12559880128,3.4256266619,3.73725649785,4.05517939805,4.3888846324,4.71973076037,5.05899863886,5.40365285178,5.75094633775
34.44375,2.53747042702,2.83261581057,3.13614646424,3.4372689958,3.75002020143,4.06909788027,4.40399473598,4.7360613446,5.07658159153,5.42251316466,5.77111677734
34.54375,2.54590037458,2.84209482806,3.14670038205,3.44891796553,3.76279386892,4.08302362633,4.41911334373,4.7524008916,5.09417397436,5.44138338518,5.79130069403
34.64375,2.55433571955,2.85157969895,3.1572605115,3.46057050816,3.7755744099,4.09695655544,4.43424036822,4.76874930038,5.11177567209,5.46026338316,5.8114949364
34.74375,2.56277644187,2.86106738364,3.16782680945,3.4722325702,3.78836175612,4.11089658687,4.44937270133,4.78510344263,5.12938353803,5.47915000562,5.83169935878
34.84375,2.57121952729,2.87056388418,3.17839622297,3.48390107457,3.80115583937,4.12484059873,4.46451625824,4.80146922101,5.14700346049,5.49804911226,5.85191078447
34.94375,2.57967095982,2.88006611829,3.18897473512,3.49557596478,3.81395357957,4.13879478299,4.47966793316,4.81784351973,5.16463231204,5.51695756524,5.87213607259
35.04375,2.58812768367,2.88957405262,3.19955925769,3.50725718435,3.82676091796,4.15275666911,4.49482763561,4.83422623458,5.18226997408,5.53587523082,5.89237299198
35.14375,2.59658967659,2.89908765385,3.21014974507,3.51894166609,3.83957475633,4.16672617963,4.50999527514,4.85061424668,5.19991331041,5.55479895963,5.91262186997
35.24375,2.60505691635,2.9086068887,3.22074615164,3.53063537284,3.85239502368,4.18070323711,4.52516773344,4.86701344877,5.21756819383,5.57373460177,5.9328795267
35.34375,2.61352938076,2.91812871277,3.23134843187,3.54233520919,3.86522164903,4.19468474892,4.54035092689,4.88342071766,5.23523149325,5.59267901556,5.9531518418
35.44375,2.62200403287,2.92765913406,3.24195353457,3.55404111604,3.87805154931,4.20867664193,4.55554174871,4.89983594588,5.25290308666,5.6116320637,5.97343567128
35.54375,2.6304869108,2.93719506269,3.25256742716,3.56575303434,3.89089067018,4.22267581524,4.57074010538,4.91625902604,5.27058285205,5.63059381755,5.99373087792
35.64375,2.63897492242,2.94673646309,3.26318702772,3.57747090505,3.90373590439,4.23668218848,4.58594289034,4.93268682794,5.28826762397,5.64956215625,6.01403428479
35.74375,2.64746804337,2.95628329967,3.27381228822,3.58919166143,3.91658717816,4.25069568134,4.60115601546,4.94912524343,5.30596329732,5.66854297935,6.03435175976
35.84375,2.65596624932,2.96583553691,3.28444316066,3.6009212403,3.92944441776,4.26471319897,4.61637636012,4.96557115055,5.32366673557,5.68753374356,6.05468015745
35.94375,2.66446951596,2.9753901253,3.2950795971,3.61265656256,3.94230754948,4.27874066456,4.63160382768,4.98202443862,5.34137781329,5.70653473196,6.07501932253
36.04375,2.672977819,2.98495307937,3.30571854812,3.62439756654,3.95517348467,4.29277497451,4.64683832154,4.99848198459,5.35909346076,5.72554278378,6.09536646072
36.14375,2.68148813826,2.9945213014,3.31636596247,3.63614419061,3.96804809747,4.30681604555,4.66207672993,5.01494967446,5.37682034564,5.74456376418,6.11572758252
36.24375,2.69000646064,3.00409475356,3.32701876723,3.64789336557,3.98092894061,4.32086379447,4.67732495627,5.03142437689,5.39455537441,5.76359469164,6.13609954273
36.34375,2.69852972117,3.01367339805,3.33767691195,3.6596510379,3.99381616947,4.33491512311,4.69257988343,5.04790597787,5.41229842546,5.78263577273,6.15648220086
36.44375,2.70705789339,3.02325719708,3.34834034624,3.67141411464,4.00670971347,4.34897594974,4.70784141168,5.06439436341,5.43004636479,5.8016838595,6.1768723829
36.54375,2.71559095089,3.03284309929,3.35900600675,3.6831825315,4.01960648944,4.36304316999,4.72310944132,5.08088640079,5.44780506048,5.82074481779,6.19727594609
36.64375,2.72412886728,3.04243711665,3.36967988268,3.69495622423,4.03251242633,4.37711669767,4.73838085479,5.09738797178,5.46557137592,5.83981551341,6.21768974333
36.74375,2.73266860212,3.05203614921,3.38035886916,3.70673211629,4.04542443317,4.39119644663,4.75366155127,5.11389594771,5.48334518606,5.85889581752,6.23811363048
36.84375,2.74121618896,3.06164015687,3.39104291331,3.71851617303,4.05834243658,4.4052793165,4.7689484137,5.13041021126,5.50112636587,5.87798258549,6.25854459001
36.94375,2.74976853134,3.07124909957,3.4017319623,3.73030528325,4.07126636319,4.41937122165,4.78424133918,5.1469306451,5.51891176186,5.89708167421,6.27898937119
37.04375,2.75832560072,3.08086293729,3.41242596329,3.74209938003,4.08419312918,4.43346905505,4.79954022487,5.16345418939,5.5367072489,5.91618994546,6.29944486877
37.14375,2.76688736857,3.09047861685,3.42312185977,3.75389839646,4.09712866341,4.44757272756,4.81484194624,5.17998749865,5.55450969064,5.93530726687,6.3199109428
37.24375,2.77545380641,3.10010214761,3.4338256096,3.76570226569,4.11006986802,4.46168215004,4.83015240035,5.19652746712,5.57231895855,5.9544335061,6.34038508103
37.34375,2.78402488578,3.10973042736,3.44453412418,3.7775079153,4.12301666682,4.47579421989,4.84546846911,5.21307398115,5.59013191084,5.97356548774,6.360875138
37.44375,2.79259758667,3.11936341376,3.4552473482,3.78932128044,4.13596898368,4.48991484751,4.86079004645,5.22962391434,5.60795440751,5.99270909297,6.3813780013
37.54375,2.80117788178,3.12900106453,3.46596522638,3.80113926678,4.14892373268,4.50404092319,4.87611702629,5.24618314815,5.62578330663,6.01186117297,6.40189354279
37.64375,2.80976270758,3.13864333736,3.47668770348,3.81296183473,4.16188684517,4.51817235481,4.89144627595,5.26274855002,5.64361847615,6.03102242851,6.42241861277
37.74375,2.81835203347,3.14828717728,3.48741172514,3.82478961753,4.17485521514,4.53230905022,4.90678369251,5.27932000295,5.66145978396,6.0501899127,6.4429592516
37.84375,2.82694582886,3.15793859095,3.49814322962,3.83661957569,4.18782876361,4.54644790453,4.92212615577,5.29589738992,5.67930420594,6.06936948237,6.46351281561
37.94375,2.8355440632,3.16759447398,3.5088791377,3.84845766894,4.20080741162,4.56059482409,4.9374735564,5.31247757638,5.69715861079,6.08855846202,6.48407917698
38.04375,2.84414370489,3.17725478177,3.51961939163,3.86030079027,4.2137880698,4.57474669654,4.95282277462,5.3290664398,5.71502094692,6.10775787513,6.50465518981
38.14375,2.85275075127,3.18691946977,3.53036393369,3.87214887305,4.22677667447,4.58890342669,4.96817976703,5.34566084867,5.73289118484,6.12696552507,6.52524671092
38.24375,2.86136212026,3.19658849342,3.54110969726,3.8840018507,4.23977011028,4.60306491936,4.98354214624,5.36226068257,5.75076618972,6.14618728801,6.54585060567
38.34375,2.86997777914,3.20625879943,3.55186265465,3.89585965664,4.2527682954,4.61722806731,4.99890982482,5.37886582106,5.76865182702,6.16542042826,6.5664667428
38.44375,2.87859769525,3.21593638225,3.56261969901,3.9077192198,4.26577114802,4.6313987728,5.01428269695,5.39547311853,5.7865454181,6.18466509268,6.58709197648
38.54375,2.88722183594,3.22561814106,3.5733807701,3.91958646833,4.27877858635,4.64557392076,5.0296576457,5.41208845378,5.80444699857,6.20392116459,6.60773215748
38.64375,2.8958471557,3.23530402898,3.58414580769,3.93145831407,4.29178751828,4.6597534129,5.04504056571,5.42870869372,5.82235640627,6.22318547771,6.62838414723
38.74375,2.90447968089,3.24499399919,3.59491475157,3.94333468776,4.30480385569,4.67393715095,5.06042832686,5.44533375367,5.8402712047,6.24246393925,6.64904781101
38.84375,2.91311630879,3.25468800487,3.60568453977,3.95521552017,4.31782449985,4.68812202617,5.07582082009,5.46196463127,5.85819879084,6.26175341651,6.66972301416
38.94375,2.9217570046,3.26438299424,3.61646112012,3.96709773439,4.33084936607,4.70231393818,5.09121793629,5.47859921923,5.87613626054,6.28105378948,6.69040656746
39.04375,2.93040173356,3.2740849498,3.62724139742,3.9789872774,4.34387836967,4.71650976704,5.10661655519,5.4952433965,5.89408350431,6.30036190427,6.71110432527
39.14375,2.93905046094,3.28379077415,3.63802530893,3.99088104147,4.35690841804,4.73070941136,5.12202256529,5.51189432152,5.91203739881,6.31968364575,6.73181386141
39.24375,2.94770315201,3.29350041814,3.6488127527,4.00277895469,4.36994542213,4.7449127697,5.13743283581,5.52855219688,5.93000382901,6.33901588223,6.75253681189
39.34375,2.95635678838,3.30321383265,3.65960388601,4.01468094512,4.38298627657,4.75911673159,5.15284725436,5.54521390017,5.9479796676,6.35835849032,6.77327020502
39.44375,2.96501731739,3.31293096858,3.67039618233,4.02658694087,4.39603089375,4.77332723939,5.16826570849,5.56188531874,5.96596480178,6.37770832787,6.79401993924
39.54375,2.9736816803,3.32264877551,3.68119557629,4.03849386712,4.40907918603,4.78754189242,5.18368507524,5.57856359625,5.98395911882,6.39707126206,6.81478287708
39.64375,2.98234984025,3.33237322423,3.69199898675,4.05040764436,4.42212805802,4.80176061101,5.19911123881,5.59524953833,6.00195948374,6.41644411708,6.835558892
39.74375,2.9910217604,3.34210122062,3.70280635372,4.06232517987,4.43518343017,4.81598329704,5.21454096459,5.61194302542,6.01997178105,6.4358274201,6.85634481406
39.84375,2.99969740394,3.35183271323,3.71361761722,4.07424639902,4.44824218277,4.83020684299,5.22997535976,5.62864123275,6.03799288447,6.45522160147,6.87714653019
39.94375,3.00837374525,3.36156765064,3.72442970631,4.08617122719,4.46130422524,4.84443715665,5.24541530512,5.64535086984,6.05602278976,6.4746240436,6.89796090169
40.04375,3.01705674516,3.37130598145,3.73524859882,4.09809658329,4.47436946698,4.85867111016,5.26085813717,5.6620688195,6.07406231993,6.49404147989,6.91878790503
40.14375,3.02574333289,3.38104465641,3.74607118038,4.11002840718,4.48743775511,4.87290860224,5.27630983267,5.67879497964,6.0921084143,6.51347078136,6.93962547674
40.24375,3.03443346947,3.39078963485,3.75689738848,4.12196358628,4.50050659994,4.8871495316,5.29176726745,5.6955292482,6.11016697596,6.53291183244,6.96048031933
40.34375,3.04312711597,3.40053782579,3.76772716064,4.13390204319,4.51358209579,4.90139379693,5.30723033965,5.71226850185,6.12823488109,6.55236148386,6.98134930577
40.44375,3.05182423346,3.41028917548,3.77856043436,4.14584370055,4.52666114364,4.91563828272,5.32269911286,5.72901863855,6.14631201748,6.57182562613,7.0022323175
40.54375,3.060521788,3.42004363015,3.78939414434,4.15778848095,4.53974365603,4.92988888059,5.3381713969,5.74577654022,6.16439535492,6.59130113105,7.02312618956
40.64375,3.06922575596,3.42980113607,3.80023424198,4.1697333057,4.55282954545,4.94414247505,5.35365314102,5.76254210161,6.18249182608,6.61078787975,7.04403696579
40.74375,3.07793305353,3.43955864233,3.81107762545,4.18168408731,4.56591571813,4.95839896157,5.36914122123,5.77931533293,6.20059846065,6.63028273425,7.06496184832
40.84375,3.08664363962,3.44932210494,3.8219242297,4.19363772848,4.579008083,4.97265823559,5.38463553923,5.79609400244,6.21871515017,6.64979153971,7.08590071888
40.94375,3.0953574732,3.45908843093,3.83277398972,4.20559414904,4.59210352984,4.98691709072,5.40013596899,5.81288407585,6.23684178621,6.66931184071,7.10685043017
41.04375,3.10407451323,3.46885756419,3.84362684049,4.2175532688,4.60520196819,5.00118303077,5.41564319981,5.82968243874,6.25497523169,6.6888444785,7.12781686239
41.14375,3.11279172044,3.47862944861,3.85447971865,4.22951200062,4.61830330757,5.01545390708,5.43115440248,5.84648898952,6.27312138226,6.70838967675,7.14879688729
41.24375,3.12151507822,3.48840402808,3.86533855894,4.24147628318,4.63140444855,5.02972962829,5.44667549075,5.86330362661,6.29127711525,6.7279442796,7.16979038329
41.34375,3.13024149498,3.49817817887,3.87620026611,4.25344299469,4.64451131777,5.04401010305,5.46220335718,5.88012321875,6.30944231929,6.74751422559,7.19079420421
41.44375,3.13897092753,3.5079582688,3.88706477254,4.26541205212,4.65762078537,5.05829222987,5.47773790699,5.89695367127,6.32761541379,6.76709677945,7.21181422258
41.54375,3.14770333268,3.51774151976,3.89793201065,4.27738337244,4.67073275786,5.07258193433,5.49327904541,5.913792014,6.34580260128,6.78669187287,7.23284730718
41.64375,3.15643866728,3.52752787817,3.90880191282,4.28935687259,4.68384712703,5.08687696402,5.50882384307,5.93063915251,6.36400076332,6.80629636478,7.25389333311
41.74375,3.16517388213,3.53731729047,3.91967141673,4.30132939059,4.69696392966,5.10117741334,5.52437903187,5.94749507619,6.38220979884,6.82591615476,7.27494915481
41.84375,3.17391497905,3.54710970308,3.9305464421,4.31330739478,4.71008074447,5.11548319428,5.53994150697,5.96435665341,6.40042958429,6.84554812159,7.29602063798
41.94375,3.18265885203,3.55690206828,3.9414238994,4.32528799729,4.72320348316,5.12979421888,5.55551117703,5.9812297978,6.41865731876,6.86519215442,7.31710462997
42.04375,3.19140545575,3.56670033425,3.95230371841,4.33727111799,4.73632903285,5.14410738498,5.57108795078,5.99811139519,6.43689903547,6.88484512021,7.33820190579
42.14375,3.20015474487,3.57650141309,3.96318582893,4.34925667675,4.74945730313,5.15842860152,5.58666871837,6.01500134449,6.45515165925,6.90451290482,7.35930974297
42.24375,3.20890667408,3.58630524886,3.9740701607,4.36124459343,4.76258816962,5.17275476308,5.60225938909,6.03189653154,6.47341576847,6.92419238415,7.38043401024
42.34375,3.21766119808,3.59611178565,3.98495365063,4.37323178759,4.77572239857,5.18708577866,5.61785685379,6.04880278569,6.49169145315,6.94388344411,7.40157160016
42.44375,3.22641529452,3.60592096753,3.99584220957,4.38522417061,4.78885804483,5.20142155729,5.63346101808,6.06571763961,6.50997557919,6.96358317789,7.42272312685
42.54375,3.23517488649,3.61572974511,4.00673274947,4.39721864006,4.80200110779,5.21575899798,5.64907178766,6.08264216799,6.52827406339,6.98329843638,7.44388553818
42.64375,3.24393691171,3.62554406313,4.01762519746,4.40921511294,4.81514849222,5.23010392682,5.66468613766,6.0995762799,6.54658376779,7.00302616455,7.46506470762
42.74375,3.25270132268,3.63536083173,4.02851948062,4.42121350623,4.82830011713,5.24445431781,5.6803109566,6.11651685618,6.56490504247,7.0227666213,7.48625750673
42.84375,3.26146807193,3.64517999259,4.03941552605,4.43321373687,4.84145590152,5.25881104557,5.69594325662,6.13346992569,6.58323551528,7.04251971711,7.50746381515
42.94375,3.27023711198,3.65500148739,4.05031026962,4.44521272288,4.85461275533,5.2731740287,5.71158294682,6.15043267723,6.60158109363,7.06228230846,7.52868049726
43.04375,3.27900541328,3.66482525784,4.06120961359,4.45721636428,4.8677766125,5.28754318578,5.72722993634,6.1674050075,6.6199386449,7.0820603002,7.54991342161
43.14375,3.28777891198,3.67464825006,4.07211047119,4.46922156221,4.88094435501,5.30191541898,5.74288112106,6.18438730932,6.63830839341,7.1018505708,7.57115945555
43.24375,3.29655453385,3.68447641339,4.08301276681,4.48122818753,4.89411589898,5.31629664562,5.75854241444,6.20137687557,6.65669033693,7.12165301029,7.59241847543
43.34375,3.30533222923,3.69430665089,4.09391642482,4.49323682966,4.90729110297,5.33068376725,5.77421070016,6.21837962281,6.67508135284,7.1414644839,7.61368734271
43.44375,3.31411194844,3.70413890184,4.10482136954,4.50524751623,4.9204705102,5.34507669952,5.78988588432,6.23539244072,6.69348735522,7.16129088143,7.63497195724
43.54375,3.3228936418,3.71397310549,4.11572445883,4.51725716784,4.93365135091,5.35947535811,5.80556776483,6.25241523883,6.71190523392,7.18112907917,7.65627012371
43.64375,3.33167427154,3.7238092011,4.12663195996,4.52927168515,4.94683954981,5.37387664789,5.82125429669,6.26944792671,6.73033489234,7.20097896393,7.67758190819
43.74375,3.34045978869,3.73364413003,4.13754114256,4.54128792803,4.9600320018,5.38828648881,5.83695212279,6.2864873946,6.74877321729,7.2208374061,7.698907191
43.84375,3.34924702221,3.74348384665,4.14845193372,4.55330731533,4.97322858659,5.40270176987,5.85265811532,6.30353955494,6.76722611341,7.24071028714,7.72024280195
43.94375,3.35803637204,3.75332524669,4.15936426051,4.56533024552,4.98642994807,5.41712240378,5.8683725212,6.32060129762,6.78569046313,7.26059447796,7.74159504702
44.04375,3.36682802468,3.76316826697,4.17027804997,4.57735664728,4.99963629162,5.43154830327,5.8840953224,6.33767252919,6.80416616675,7.28048986216,7.76296199972
44.14375,3.37562193279,3.77301284428,4.18119023776,4.58938344829,5.01284453475,5.4459793811,5.89982653627,6.35475315624,6.82265312469,7.30039632336,7.78434370494
44.24375,3.38441504865,3.78285891538,4.19210672963,4.60141656458,5.02606060021,5.46041253684,5.91556370962,6.37184006469,6.84114820972,7.3203106943,7.80573711404
44.34375,3.39321335728,3.792703413,4.20302443568,4.61345290714,5.03928139105,5.47485367966,5.93131285337,6.38893916377,6.85965732813,7.34023913432,7.82714855792
44.44375,3.40201375532,3.80255230654,4.21394328027,4.62549240191,5.05250682971,5.48929968609,5.94707087149,6.40604734169,6.87817736407,7.36017891862,7.84857490631
44.54375,3.41081619324,3.81240247838,4.22486318769,4.63753497484,5.06573683864,5.50375106728,5.96283768321,6.423164502,6.89670821482,7.3801299213,7.87001604356
44.64375,3.41962062146,3.82225386279,4.2357840822,4.64958055184,5.07897134026,5.51820821383,5.97861320781,6.44029054829,6.91524674367,7.4000895906,7.89146880884
44.74375,3.42842699046,3.83210639407,4.24670289332,4.66162607484,5.09220724902,5.5326684433,5.99439434565,6.4574223619,6.93379917173,7.42006426939,7.91293910654
44.84375,3.43723525067,3.84196000645,4.25762553925,4.67367820218,5.10545047958,5.54713769024,6.01018701957,6.47456584923,6.95236267105,7.44005083074,7.93442380521
44.94375,3.44604237471,3.85181463415,4.26854883454,4.68573390763,5.11869793719,5.56161281922,6.02598812897,6.49171789661,6.97093735614,7.46004915883,7.95592278602
45.04375,3.45485428648,3.86166722798,4.27947317843,4.69779312007,5.13194954145,5.57609407808,6.04179759019,6.50887840454,6.98952332954,7.48005611938,7.97743288577
45.14375,3.4636679155,3.87152369594,4.29039878758,4.70985576839,5.14520521196,5.59058157063,6.05761531966,6.52604727359,7.00811746801,7.50007759297,7.99896000464
45.24375,3.47248320998,3.88138095433,4.30132558896,4.72192178146,5.15846486832,5.60507521917,6.07343821839,6.54322151345,7.02672567617,7.52011049045,8.02050100826
45.34375,3.48130011814,3.89123893484,4.31225050797,4.73398808705,5.17172536316,5.61957198154,6.0892722065,6.56040748159,7.04534483795,7.54015512708,8.04205577458
45.44375,3.49011858821,3.90109756913,4.32317963447,4.74606060816,5.18499282642,5.63407840184,6.10511417747,6.57760206536,7.06397485122,7.56021142831,8.06362113802
45.54375,3.49893558131,3.91095678881,4.3341114416,4.7581363817,5.19826515884,5.6485915084,6.12096404475,6.59480516553,7.08261259936,7.580276236,8.08520299454
45.64375,3.507757045,3.9208135329,4.3450459261,4.77021611479,5.21154250549,5.66311122367,6.13682172183,6.61201668291,7.10126398268,7.60035545369,8.10679820682
45.74375,3.51657989057,3.93067370538,4.35598302333,4.78229973926,5.22482476834,5.67763747018,6.15268410838,6.62923345863,7.11992587531,7.62044594939,8.12840664959
45.84375,3.52540406398,3.94053428935,4.3669226686,4.79438718694,5.23810917154,5.69217017046,6.1685572029,6.64646207099,7.13859818588,7.64054760441,8.15002515486
45.94375,3.53422951118,3.95039576014,4.37786479725,4.80647538624,5.25140184769,5.70670623,6.18443833946,6.66369953846,7.15728122236,7.66065726692,8.17165961433
46.04375,3.54305617811,3.96025805191,4.38880635076,4.81857027374,5.26469968498,5.72125157003,6.20032744989,6.6809457653,7.17597192142,7.68078082644,8.19330688772
46.14375,3.5518810031,3.97012109879,4.39975325106,4.8306687499,5.27800261207,5.7358030973,6.21622444788,6.69819764247,7.19467653982,7.70091514983,8.21496689686
46.24375,3.56070998421,3.97998483486,4.4107023618,4.84277074387,5.29131055766,5.75036128667,6.23212623412,6.71546108107,7.21339202597,7.72106011515,8.2366375701
46.34375,3.56953999929,3.98984621334,4.42165391891,4.85487618479,5.30462345042,5.76492629728,6.24803873214,6.73273299107,7.23211827826,7.74121257822
46.44375,3.57837099201,3.99971113462,4.43260835976,4.86698500179,5.31793822457,5.77949504041,6.26395882536,6.75001361931,7.25085217966,7.76137841536
46.54375,3.58720290603,4.00957651955,4.44356562242,4.8790941183,5.3312612171,5.7940734461,6.27988636421,6.7673028703,7.26959961718,7.78155449038
46.64375,3.59603568496,4.01944229968,4.45452264113,4.89120947881,5.3445893606,5.80865840563,6.29582183026,6.78459763484,7.28835758931,7.8017406781
46.74375,3.6048692724,4.0293084065,4.46548537428,4.90332797332,5.35792258388,5.82325024189,6.31176535355,6.80190382214,7.30712629952,7.82193383849
46.84375,3.61370062256,4.03917477146,4.47645071565,4.91544952824,5.37126081577,5.83784897976,6.32771382773,6.8192183109,7.32590564649,7.84213984115
46.94375,3.62253568581,4.04903832748,4.48741860072,4.92757406997,5.38460398515,5.8524545422,6.34367317419,6.83654100256,7.34469250355,7.86235554378
47.04375,3.63137136389,4.05890498268,4.49838896498,4.93970139137,5.39794901109,5.8670638395,6.35964029321,6.85387178532,7.3634927739
47.14375,3.64020759811,4.0687717786,4.50936174392,4.95183242471,5.41130189932,5.88168279521,6.37561509892,6.87120770162,7.38230333956
47.24375,3.64904432972,4.07863916575,4.52033687299,4.96396450756,5.42466054445,5.89630831074,6.39159752996,6.88855499122,7.40112409611
47.34375,3.65788149996,4.08850707817,4.53131129289,4.97610356592,5.43802532283,5.91094030618,6.40758481758,6.90591053508,7.41995192431
47.44375,3.66671905004,4.09837538003,4.54229093084,4.98824651873,5.4513961664,5.92557870165,6.42358288092,6.92327423484,7.43879272141
47.54375,3.6755539434,4.10824470351,4.55327269652,5.00039333664,5.46477300711,5.94022033473,6.43958861872,6.94064599219,7.45764336041
47.64375,3.68439209778,4.11811300295,4.5642565228,5.01254466331,5.47815276602,5.95487158906,6.45560194529,6.95802269399,7.47650373377
47.74375,3.69323043041,4.12798625721,4.57524234251,5.02470053429,5.49154139597,5.9695296597,6.47162277502,6.97541024311,7.49537369876
47.84375,3.70206888013,4.13786136658,4.58623008849,5.03685788591,5.50493578843,5.98419446991,6.48764800749,6.9928055196
47.94375,3.71090738575,4.1477382729,4.59721969355,5.04902266534,5.51833587264,5.99886594297,6.50368355865,7.01020842206
48.04375,3.71974588605,4.15761691799,4.60820809925,5.06119178048,5.53174157787,6.01354400219,6.51972632153,7.02761884911
48.14375,3.72858431974,4.16749724366,4.61920121785,5.07336516909,5.54515283341,6.02822556009,6.53577620754,7.0450336838
48.24375,3.73741965483,4.17737912053,4.63019596463,5.08554276898,5.55856655819,6.04291654734,6.5518331281,7.06245882447
48.34375,3.74625778785,4.18726007046,4.64119215518,5.09772450543,5.57198870174,6.05761387245,6.56789398222,7.07989115002
48.44375,3.75509554715,4.19714623287,4.6521903315,5.10990758688,5.58541615299,6.07231778279,6.58396466297,7.09733062186
48.54375,3.76393341918,4.20703451551,4.66319110199,5.12209841144,5.59884883848,6.08702820183,6.60004226198,7.11477783961
48.64375,3.77277144764,4.21692486276,4.67419139826,5.13429390535,5.61228661109,6.10174505309,6.61612696104,7.13222982188
48.74375,3.78160957354,4.22681721898,4.68519719791,5.14649457248,5.62572980823,6.11646524768,6.63221867176
48.84375,3.79044773786,4.23671152853,4.69620535462,5.15870047363,5.63917565293,6.13119470739,6.64831429352
48.94375,3.79928291064,4.24660773577,4.70721600098,5.17091154953,5.65263009837,6.14593033618,6.66441975151
49.04375,3.80812099109,4.25650278735,4.71822928019,5.18312774093,5.66609003607,6.16067205469,6.68053192318
49.14375,3.81695890725,4.26640264316,4.72924513307,5.1953459861,5.67955539559,6.17541978361,6.69665071716
49.24375,3.82579659773,4.27630420358,4.74026350046,5.20757222423,5.6930261065,6.19017043181,6.71277604211
49.34375,3.83463400107,4.28620741054,4.75128131719,5.21980336991,5.70650209842,6.2049299394,6.72890780673
49.44375,3.84347105578,4.29611220594,4.76230455227,5.23203936131,5.71998028941,6.21969518788,6.74504296119
49.54375,3.85230770032,4.30601853169,4.77333009695,5.24428013659,5.73346662419,6.23446606654,6.76118808724
49.64375,3.86114080124,4.31592632966,4.78435788951,5.25652563395,5.74695830285,6.24924278273,6.77734021401
49.74375,3.86997681855,4.32583253777,4.79538786818,5.26877278247,5.76045527231,6.26402542962
49.84375,3.87881280034,4.33574313115,4.806420081,5.28102754673,5.77395746232,6.27881091794
49.94375,3.88764864375,4.34565499673,4.81745495464,5.29328681888,5.78746480261,6.29360517891
50.04375,3.89648526177,4.35556807392,4.82848967475,5.3055505345,5.80097421156,6.30840510106
50.14375,3.9053231984,4.36548230214,4.83953043935,5.31781862921,5.81449164526,6.32321060237
50.24375,3.91416240403,4.37539762074,4.85057413631,5.33009103863,5.82801398849,6.33802160082
50.34375,3.92299983483,4.38531396909,4.86162068803,5.34236769839,5.84154116823,6.3528380144
50.44375,3.93184145996,4.39523128649,4.87267045234,5.35464554327,5.85507311152,6.36765699984
50.54375,3.94068418114,4.40514641649,4.88372365388,5.36693048876,5.86860974535,6.38248505047
50.64375,3.94952793178,4.41506569018,4.89478023644,5.37922005834,5.88215099678,6.39731906333
50.74375,3.95837329945,4.42498666314,4.90584014381,5.39151419043,5.89569381012,6.41215895663
50.84375,3.96722023688,4.43490974434,4.91690046993,5.40381282349,5.90924447231,6.42700464859
50.94375,3.97606869683,4.44483488304,4.92796791876,5.41611589596,5.92279991559
51.04375,3.98491863203,4.45476202853,4.93903942207,5.42842033759,5.93636006711
51.14375,3.99376701547,4.46469113008,4.95011492634,5.44073211312,5.94992485404
51.24375,4.00261978032,4.47461913927,4.96119437808,5.45304811475,5.96349420355
51.34375,4.0114738536,4.48455202131,4.97227772381,5.46536827833,5.97706503804
51.44375,4.0203291858,4.49448668117,4.98336491005,5.47769253971,5.99064327784
51.54375,4.02918572741,4.50442306573,4.99445288867,5.49002082053,6.00422584492
51.64375,4.03804342889,4.51436117772,5.00554759624,5.50235310926,6.01781324533
51.74375,4.0469022407,4.52430145955,5.01664595528,5.51468660726,6.03140556441
51.84375,4.05575910585,4.53424390618,5.02774790986,5.52702724931,6.04500301069
51.94375,4.064620027,4.54418846702,5.03885340403,5.53937194834,6.05860281707
52.04375,4.07348188635,4.55413210485,5.04996232369,5.55172064029,6.07221091557
52.14375,4.08234463206,4.56408075296,5.06107519103,5.56407326116,6.08582420943
52.24375,4.09120821232,4.57403133656,5.07218899117,5.57642974691
52.34375,4.10007257526,4.58398377035,5.08330967586,5.58878702316
52.44375,4.108937669,4.59393827708,5.09443416171,5.60115105892
52.54375,4.11780344164,4.60389525609,5.10556239542,5.61351873914
52.64375,4.12666682877,4.61385499339,5.11669432373,5.62588999718
52.74375,4.13553384339,4.62381443123,5.12782989337,5.6382647801
52.84375,4.14440164543,4.63377956923,5.13896905108,5.65064338032
52.94375,4.15327018305,4.64374729634,5.15010873916,5.66302573928
53.04375,4.16213940436,4.6537175622,5.16125492811,5.67540908905
53.14375,4.17100925745,4.66369031647,5.1724045181,5.68780024634
53.24375,4.1798796904,4.6736655088,5.18355741257,5.70019621915
53.34375,4.18875065124,4.68364308884,5.19471382051,5.71259694646
53.44375,4.19761908633,4.69362300623,5.20587374858,5.72500236725
53.54375,4.20649096871,4.70360220542,5.21703714362,5.73741242054
53.64375,4.21536387529,4.71358667254,5.2282039525,5.74982704536
53.74375,4.22423779359,4.72357330056,5.2393711312
53.84375,4.23311268809,4.73356200169,5.25054460464
53.94375,4.24198896529,4.74355303181,5.26172130347
54.04375,4.25086665371,4.753547205,5.27290117208
54.14375,4.25974562103,4.76354447584,5.28408415482
54.24375,4.26862627788,4.77354479892,5.29527019608
54.34375,4.27750584151,4.78354512622,5.30645920582
54.44375,4.28639024253,4.79355144123,5.3176483991
54.54375,4.29527641716,4.80356064669,5.32884430217
54.64375,4.30416432059,4.81357269487,5.34004385532
54.74375,4.31305390803,4.82358753803,5.35124736368
54.84375,4.32194513465,4.83360512844,5.36245512246
54.94375,4.33083794195,4.84362541837,5.37366708129
55.04375,4.33973249802,4.85364836011,5.38488318985
55.14375,4.34862615494,4.86367090401,5.39610038977
55.24375,4.35752488174,4.87369901581,5.40732466497
55.34375,4.36642559175,4.88372962509,5.41855291205
55.44375,4.37532824031,4.89376293233
55.54375,4.38423278273,4.90379888986
55.64375,4.39313917434,4.91383745003
55.74375,4.40204737045,4.92387856516
55.84375,4.41095732639,4.93392218762
55.94375,4.41986899746,4.94396526434
56.04375,4.42877944521,4.95401378529
56.14375,4.43769501708,4.96406464535
56.24375,4.44661278545,4.97411779454
56.34375,4.45553310805,4.98417318284
56.44375,4.46445594473,4.99423076026
56.54375,4.4733812554,5.00429047677
56.64375,4.48230899993,5.01435222112
56.74375,4.49123913822,5.02441637314
56.84375,4.50016862987,5.03448034182
56.94375,4.5091034688,5.04455056146
57.04375,4.51804055753,5.05462408821
57.14375,4.52697985378,5.06470087702
57.24375,4.53592131531,5.07478088285
57.34375,4.54486489984,5.08486406066
57.44375,4.55381056512,5.09495036544
57.54375,4.56275826888
57.64375,4.57170796886
57.74375,4.5806566318
57.84375,4.58961022672
57.94375,4.59856566704
58.04375,4.60752290831
58.14375,4.61648190609
58.24375,4.62544261595
58.34375,4.63440499342
58.44375,4.64336899405
58.54375,4.65233455899
58.64375,4.66130173265
58.74375,4.67027076841
58.84375,4.67924162406
58.94375,4.68821425739
59.04375,4.69718859996
59.14375,4.70616527777
59.24375,4.7151443314
59.34375,4.7241257231
59.44375,4.73310931605
59.54375,4.74209546377
59.64375,4.75108432303
59.74375,4.76007586046
59.84375,4.76907004273
59.94375,4.77806687862
