0.0,0.0,0.0,0.0,0.0,0.0,0.0,0.0,0.0
0.1,0.0103168069637,0.0103168069637,0.0103168069637,0.0103168069637,0.0103168069637,0.0103168069637,0.0103168069637,0.0103168069637
0.2,0.0206505260656,0.0206505260656,0.0206505260656,0.0206505260656,0.0206505260656,0.0206505260656,0.0206505260656,0.0206505260656
0.3,0.0310011573056,0.0310011573056,0.0310011573056,0.0310011573056,0.0310011573056,0.0310011573056,0.0310011573056,0.0310011573056
0.4,0.0413687006839,0.0413687006839,0.0413687006839,0.0413687006839,0.0413687006839,0.0413687006839,0.0413687006839,0.0413687006839
0.5,0.0517531562003,0.0517531562003,0.0517531562003,0.0517531562003,0.0517531562003,0.0517531562003,0.0517531562003,0.0517531562003
0.6,0.0621545238549,0.0621545238549,0.0621545238549,0.0621545238549,0.0621545238549,0.0621545238549,0.0621545238549,0.0621545238549
0.7,0.0725728036477,0.0725728036477,0.0725728036477,0.0725728036477,0.0725728036477,0.0725728036477,0.0725728036477,0.0725728036477
0.8,0.0830079955787,0.0830079955787,0.0830079955787,0.0830079955787,0.0830079955787,0.0830079955787,0.0830079955787,0.0830079955787
0.9,0.0934600996479,0.0934600996479,0.0934600996479,0.0934600996479,0.0934600996479,0.0934600996479,0.0934600996479,0.0934600996479
1.0,0.103929115855,0.103929115855,0.103929115855,0.103929115855,0.103929115855,0.103929115855,0.103929115855,0.103929115855
1.1,0.114415044201,0.114415044201,0.114415044201,0.114415044201,0.114415044201,0.114415044201,0.114415044201,0.114415044201
1.2,0.124917884685,0.124917884685,0.124917884685,0.124917884685,0.124917884685,0.124917884685,0.124917884685,0.124917884685
1.3,0.135437637306,0.135437637306,0.135437637306,0.135437637306,0.135437637306,0.135437637306,0.135437637306,0.135437637306
1.4,0.145974302067,0.145974302067,0.145974302067,0.145974302067,0.145974302067,0.145974302067,0.145974302067,0.145974302067
1.5,0.156527878965,0.156527878965,0.156527878965,0.156527878965,0.156527878965,0.156527878965,0.156527878965,0.156527878965
1.6,0.167098368001,0.167098368001,0.167098368001,0.167098368001,0.167098368001,0.167098368001,0.167098368001,0.167098368001
1.7,0.177685769176,0.177685769176,0.177685769176,0.177685769176,0.177685769176,0.177685769176,0.177685769176,0.177685769176
1.8,0.188290082489,0.188290082489,0.188290082489,0.188290082489,0.188290082489,0.188290082489,0.188290082489,0.188290082489
1.9,0.19891130794,0.19891130794,0.19891130794,0.19891130794,0.19891130794,0.19891130794,0.19891130794,0.19891130794
2.0,0.209549445529,0.209549445529,0.209549445529,0.209549445529,0.209549445529,0.209549445529,0.209549445529,0.209549445529
2.1,0.220204495257,0.220204495257,0.220204495257,0.220204495257,0.220204495257,0.220204495257,0.220204495257,0.220204495257
2.2,0.230876457122,0.230876457122,0.230876457122,0.230876457122,0.230876457122,0.230876457122,0.230876457122,0.230876457122
2.3,0.241565331126,0.241565331126,0.241565331126,0.241565331126,0.241565331126,0.241565331126,0.241565331126,0.241565331126
2.4,0.252271117268,0.252271117268,0.252271117268,0.252271117268,0.252271117268,0.252271117268,0.252271117268,0.252271117268
2.5,0.262993815548,0.262993815548,0.262993815548,0.262993815548,0.262993815548,0.262993815548,0.262993815548,0.262993815548
2.6,0.273733425966,0.273733425966,0.273733425966,0.273733425966,0.273733425966,0.273733425966,0.273733425966,0.273733425966
2.7,0.284489948523,0.284489948523,0.284489948523,0.284489948523,0.284489948523,0.284489948523,0.284489948523,0.284489948523
2.8,0.295263383218,0.295263383218,0.295263383218,0.295263383218,0.295263383218,0.295263383218,0.295263383218,0.295263383218
2.9,0.306053730051,0.306053730051,0.306053730051,0.306053730051,0.306053730051,0.306053730051,0.306053730051,0.306053730051
3.0,0.316860989022,0.316860989022,0.316860989022,0.316860989022,0.316860989022,0.316860989022,0.316860989022,0.316860989022
3.1,0.327685160131,0.327685160131,0.327685160131,0.327685160131,0.327685160131,0.327685160131,0.327685160131,0.327685160131
3.2,0.338526243378,0.338526243378,0.338526243378,0.338526243378,0.338526243378,0.338526243378,0.338526243378,0.338526243378
3.3,0.349384238764,0.349384238764,0.349384238764,0.349384238764,0.349384238764,0.349384238764,0.349384238764,0.349384238764
3.4,0.360259146288,0.360259146288,0.360259146288,0.360259146288,0.360259146288,0.360259146288,0.360259146288,0.360259146288
3.5,0.37115096595,0.37115096595,0.37115096595,0.37115096595,0.37115096595,0.37115096595,0.37115096595,0.37115096595
3.6,0.38205969775,0.38205969775,0.38205969775,0.38205969775,0.38205969775,0.38205969775,0.38205969775,0.38205969775
3.7,0.392985341689,0.392985341689,0.392985341689,0.392985341689,0.392985341689,0.392985341689,0.392985341689,0.392985341689
3.8,0.403927897765,0.403927897765,0.403927897765,0.403927897765,0.403927897765,0.403927897765,0.403927897765,0.403927897765
3.9,0.41488736598,0.41488736598,0.41488736598,0.41488736598,0.41488736598,0.41488736598,0.41488736598,0.41488736598
4.0,0.425863746333,0.425863746333,0.425863746333,0.425863746333,0.425863746333,0.425863746333,0.425863746333,0.425863746333
4.1,0.436857038824,0.436857038824,0.436857038824,0.436857038824,0.436857038824,0.436857038824,0.436857038824,0.436857038824
4.2,0.447867243453,0.447867243453,0.447867243453,0.447867243453,0.447867243453,0.447867243453,0.447867243453,0.447867243453
4.3,0.458894360221,0.458894360221,0.458894360221,0.458894360221,0.458894360221,0.458894360221,0.458894360221,0.458894360221
4.4,0.469938389126,0.469938389126,0.469938389126,0.469938389126,0.469938389126,0.469938389126,0.469938389126,0.469938389126
4.5,0.48099933017,0.48099933017,0.48099933017,0.48099933017,0.48099933017,0.48099933017,0.48099933017,0.48099933017
4.6,0.492077183352,0.492077183352,0.492077183352,0.492077183352,0.492077183352,0.492077183352,0.492077183352,0.492077183352
4.7,0.503171948673,0.503171948673,0.503171948673,0.503171948673,0.503171948673,0.503171948673,0.503171948673,0.503171948673
4.8,0.514283626131,0.514283626131,0.514283626131,0.514283626131,0.514283626131,0.514283626131,0.514283626131,0.514283626131
4.9,0.525412215728,0.525412215728,0.525412215728,0.525412215728,0.525412215728,0.525412215728,0.525412215728,0.525412215728
5.0,0.536557717463,0.536557717463,0.536557717463,0.536557717463,0.536557717463,0.536557717463,0.536557717463,0.536557717463
5.1,0.547720131336,0.547720131336,0.547720131336,0.547720131336,0.547720131336,0.547720131336,0.547720131336,0.547720131336
5.2,0.558899457347,0.558899457347,0.558899457347,0.558899457347,0.558899457347,0.558899457347,0.558899457347,0.558899457347
5.3,0.570095695496,0.570095695496,0.570095695496,0.570095695496,0.570095695496,0.570095695496,0.570095695496,0.570095695496
5.4,0.581308845784,0.581308845784,0.581308845784,0.581308845784,0.581308845784,0.581308845784,0.581308845784,0.581308845784
5.5,0.59253890821,0.59253890821,0.59253890821,0.59253890821,0.59253890821,0.59253890821,0.59253890821,0.59253890821
5.6,0.603785882773,0.603785882773,0.603785882773,0.603785882773,0.603785882773,0.603785882773,0.603785882773,0.603785882773
5.7,0.615049769476,0.615049769476,0.615049769476,0.615049769476,0.615049769476,0.615049769476,0.615049769476,0.615049769476
5.8,0.626330568316,0.626330568316,0.626330568316,0.626330568316,0.626330568316,0.626330568316,0.626330568316,0.626330568316
5.9,0.637628279294,0.637628279294,0.637628279294,0.637628279294,0.637628279294,0.637628279294,0.637628279294,0.637628279294
6.0,0.648942902411,0.648942902411,0.648942902411,0.648942902411,0.648942902411,0.648942902411,0.648942902411,0.648942902411
6.1,0.660274437666,0.660274437666,0.660274437666,0.660274437666,0.660274437666,0.660274437666,0.660274437666,0.660274437666
6.2,0.671622885059,0.671622885059,0.671622885059,0.671622885059,0.671622885059,0.671622885059,0.671622885059,0.671622885059
6.3,0.68298824459,0.68298824459,0.68298824459,0.68298824459,0.68298824459,0.68298824459,0.68298824459,0.68298824459
6.4,0.69437051626,0.69437051626,0.69437051626,0.69437051626,0.69437051626,0.69437051626,0.69437051626,0.69437051626
6.5,0.705769700067,0.705769700067,0.705769700067,0.705769700067,0.705769700067,0.705769700067,0.705769700067,0.705769700067
6.6,0.717185796013,0.717185796013,0.717185796013,0.717185796013,0.717185796013,0.717185796013,0.717185796013,0.717185796013
6.7,0.728618804097,0.728618804097,0.728618804097,0.728618804097,0.728618804097,0.728618804097,0.728618804097,0.728618804097
6.8,0.740068724319,0.740068724319,0.740068724319,0.740068724319,0.740068724319,0.740068724319,0.740068724319,0.740068724319
6.9,0.75153555668,0.75153555668,0.75153555668,0.75153555668,0.75153555668,0.75153555668,0.75153555668,0.75153555668
7.0,0.763019301178,0.763019301178,0.763019301178,0.763019301178,0.763019301178,0.763019301178,0.763019301178,0.763019301178
7.1,0.774519957815,0.774519957815,0.774519957815,0.774519957815,0.774519957815,0.774519957815,0.774519957815,0.774519957815
7.2,0.78603752659,0.78603752659,0.78603752659,0.78603752659,0.78603752659,0.78603752659,0.78603752659,0.78603752659
7.3,0.797572007503,0.797572007503,0.797572007503,0.797572007503,0.797572007503,0.797572007503,0.797572007503,0.797572007503
7.4,0.809123400554,0.809123400554,0.809123400554,0.809123400554,0.809123400554,0.809123400554,0.809123400554,0.809123400554
7.5,0.820691705744,0.820691705744,0.820691705744,0.820691705744,0.820691705744,0.820691705744,0.820691705744,0.820691705744
7.6,0.832276923071,0.832276923071,0.832276923071,0.832276923071,0.832276923071,0.832276923071,0.832276923071,0.832276923071
7.7,0.843879052537,0.843879052537,0.843879052537,0.843879052537,0.843879052537,0.843879052537,0.843879052537,0.843879052537
7.8,0.855498094141,0.855498094141,0.855498094141,0.855498094141,0.855498094141,0.855498094141,0.855498094141,0.855498094141
7.9,0.867134047884,0.867134047884,0.867134047884,0.867134047884,0.867134047884,0.867134047884,0.867134047884,0.867134047884
8.0,0.878786913764,0.878786913764,0.878786913764,0.878786913764,0.878786913764,0.878786913764,0.878786913764,0.878786913764
8.1,0.890456691783,0.890456691783,0.890456691783,0.890456691783,0.890456691783,0.890456691783,0.890456691783,0.890456691783
8.2,0.902143381939,0.902143381939,0.902143381939,0.902143381939,0.902143381939,0.902143381939,0.902143381939,0.902143381939
8.3,0.913846984234,0.913846984234,0.913846984234,0.913846984234,0.913846984234,0.913846984234,0.913846984234,0.913846984234
8.4,0.925567498667,0.925567498667,0.925567498667,0.925567498667,0.925567498667,0.925567498667,0.925567498667,0.925567498667
8.5,0.937304925239,0.937304925239,0.937304925239,0.937304925239,0.937304925239,0.937304925239,0.937304925239,0.937304925239
8.6,0.949059263948,0.949059263948,0.949059263948,0.949059263948,0.949059263948,0.949059263948,0.949059263948,0.949059263948
8.7,0.960830514796,0.960830514796,0.960830514796,0.960830514796,0.960830514796,0.960830514796,0.960830514796,0.960830514796
8.8,0.972618677782,0.972618677782,0.972618677782,0.972618677782,0.972618677782,0.972618677782,0.972618677782,0.972618677782
8.9,0.984423752906,0.984423752906,0.984423752906,0.984423752906,0.984423752906,0.984423752906,0.984423752906,0.984423752906
9.0,0.996245740168,0.996245740168,0.996245740168,0.996245740168,0.996245740168,0.996245740168,0.996245740168,0.996245740168
9.1,1.00808463957,1.00808463957,1.00808463957,1.00808463957,1.00808463957,1.00808463957,1.00808463957,1.00808463957
9.2,1.01994045111,1.01994045111,1.01994045111,1.01994045111,1.01994045111,1.01994045111,1.01994045111,1.01994045111
9.3,1.03181317478,1.03181317478,1.03181317478,1.03181317478,1.03181317478,1.03181317478,1.03181317478,1.03181317478
9.4,1.0437028106,1.0437028106,1.0437028106,1.0437028106,1.0437028106,1.0437028106,1.0437028106,1.0437028106
9.5,1.05560935855,1.05560935855,1.05560935855,1.05560935855,1.05560935855,1.05560935855,1.05560935855,1.05560935855
9.6,1.06753281864,1.06753281864,1.06753281864,1.06753281864,1.06753281864,1.06753281864,1.06753281864,1.06753281864
9.7,1.07947319087,1.07947319087,1.07947319087,1.07947319087,1.07947319087,1.07947319087,1.07947319087,1.07947319087
9.8,1.09143047524,1.09143047524,1.09143047524,1.09143047524,1.09143047524,1.09143047524,1.09143047524,1.09143047524
9.9,1.10340467175,1.10340467175,1.10340467175,1.10340467175,1.10340467175,1.10340467175,1.10340467175,1.10340467175
10.0,1.11539578039,1.11539578039,1.11539578039,1.11539578039,1.11539578039,1.11539578039,1.11539578039,1.11539578039
10.1,1.12740380117,1.12740380117,1.12740380117,1.12740380117,1.12740380117,1.12740380117,1.12740380117,1.12740380117
10.2,1.13942873409,1.13942873409,1.13942873409,1.13942873409,1.13942873409,1.13942873409,1.13942873409,1.13942873409
10.3,1.15147057915,1.15147057915,1.15147057915,1.15147057915,1.15147057915,1.15147057915,1.15147057915,1.15147057915
10.4,1.16352933635,1.16352933635,1.16352933635,1.16352933635,1.16352933635,1.16352933635,1.16352933635,1.16352933635
10.5,1.17560500568,1.17560500568,1.17560500568,1.17560500568,1.17560500568,1.17560500568,1.17560500568,1.17560500568
10.6,1.18769758716,1.18769758716,1.18769758716,1.18769758716,1.18769758716,1.18769758716,1.18769758716,1.18769758716
10.7,1.19980708077,1.19980708077,1.19980708077,1.19980708077,1.19980708077,1.19980708077,1.19980708077,1.19980708077
10.8,1.21193348652,1.21193348652,1.21193348652,1.21193348652,1.21193348652,1.21193348652,1.21193348652,1.21193348652
10.9,1.22407680441,1.22407680441,1.22407680441,1.22407680441,1.22407680441,1.22407680441,1.22407680441,1.22407680441
11.0,1.23623703443,1.23623703443,1.23623703443,1.23623703443,1.23623703443,1.23623703443,1.23623703443,1.23623703443
11.1,1.2484141766,1.2484141766,1.2484141766,1.2484141766,1.2484141766,1.2484141766,1.2484141766,1.2484141766
11.2,1.2606082309,1.2606082309,1.2606082309,1.2606082309,1.2606082309,1.2606082309,1.2606082309,1.2606082309
11.3,1.27281919734,1.27281919734,1.27281919734,1.27281919734,1.27281919734,1.27281919734,1.27281919734,1.27281919734
11.4,1.28504707592,1.28504707592,1.28504707592,1.28504707592,1.28504707592,1.28504707592,1.28504707592,1.28504707592
11.5,1.29729186664,1.29729186664,1.29729186664,1.29729186664,1.29729186664,1.29729186664,1.29729186664,1.29729186664
11.6,1.30955356949,1.30955356949,1.30955356949,1.30955356949,1.30955356949,1.30955356949,1.30955356949,1.30955356949
11.7,1.32183218448,1.32183218448,1.32183218448,1.32183218448,1.32183218448,1.32183218448,1.32183218448,1.32183218448
11.8,1.33412771162,1.33412771162,1.33412771162,1.33412771162,1.33412771162,1.33412771162,1.33412771162,1.33412771162
11.9,1.34644015089,1.34644015089,1.34644015089,1.34644015089,1.34644015089,1.34644015089,1.34644015089,1.34644015089
12.0,1.35876950229,1.35876950229,1.35876950229,1.35876950229,1.35876950229,1.35876950229,1.35876950229,1.35876950229
12.1,1.37111576584,1.37111576584,1.37111576584,1.37111576584,1.37111576584,1.37111576584,1.37111576584,1.37111576584
12.2,1.38347894152,1.38347894152,1.38347894152,1.38347894152,1.38347894152,1.38347894152,1.38347894152,1.38347894152
12.3,1.39585902935,1.39585902935,1.39585902935,1.39585902935,1.39585902935,1.39585902935,1.39585902935,1.39585902935
12.4,1.40825602931,1.40825602931,1.40825602931,1.40825602931,1.40825602931,1.40825602931,1.40825602931,1.40825602931
12.5,1.42066994141,1.42066994141,1.42066994141,1.42066994141,1.42066994141,1.42066994141,1.42066994141,1.42066994141
12.6,1.43310076564,1.43310076564,1.43310076564,1.43310076564,1.43310076564,1.43310076564,1.43310076564,1.43310076564
12.7,1.44554850202,1.44554850202,1.44554850202,1.44554850202,1.44554850202,1.44554850202,1.44554850202,1.44554850202
12.8,1.45801315053,1.45801315053,1.45801315053,1.45801315053,1.45801315053,1.45801315053,1.45801315053,1.45801315053
12.9,1.47049471118,1.47049471118,1.47049471118,1.47049471118,1.47049471118,1.47049471118,1.47049471118,1.47049471118
13.0,1.48299318397,1.48299318397,1.48299318397,1.48299318397,1.48299318397,1.48299318397,1.48299318397,1.48299318397
13.1,1.4955085689,1.4955085689,1.4955085689,1.4955085689,1.4955085689,1.4955085689,1.4955085689,1.4955085689
13.2,1.50804086597,1.50804086597,1.50804086597,1.50804086597,1.50804086597,1.50804086597,1.50804086597,1.50804086597
13.3,1.52059007517,1.52059007517,1.52059007517,1.52059007517,1.52059007517,1.52059007517,1.52059007517,1.52059007517
13.4,1.53315619651,1.53315619651,1.53315619651,1.53315619651,1.53315619651,1.53315619651,1.53315619651,1.53315619651
13.5,1.54573922999,1.54573922999,1.54573922999,1.54573922999,1.54573922999,1.54573922999,1.54573922999,1.54573922999
13.6,1.55833917561,1.55833917561,1.55833917561,1.55833917561,1.55833917561,1.55833917561,1.55833917561,1.55833917561
13.7,1.57095603337,1.57095603337,1.57095603337,1.57095603337,1.57095603337,1.57095603337,1.57095603337,1.57095603337
13.8,1.58358980326,1.58358980326,1.58358980326,1.58358980326,1.58358980326,1.58358980326,1.58358980326,1.58358980326
13.9,1.5962404853,1.5962404853,1.5962404853,1.5962404853,1.5962404853,1.5962404853,1.5962404853,1.5962404853
14.0,1.60890807947,1.60890807947,1.60890807947,1.60890807947,1.60890807947,1.60890807947,1.60890807947,1.60890807947
14.1,1.62159258578,1.62159258578,1.62159258578,1.62159258578,1.62159258578,1.62159258578,1.62159258578,1.62159258578
14.2,1.63429400423,1.63429400423,1.63429400423,1.63429400423,1.63429400423,1.63429400423,1.63429400423,1.63429400423
14.3,1.64701233481,1.64701233481,1.64701233481,1.64701233481,1.64701233481,1.64701233481,1.64701233481,1.64701233481
14.4,1.65974757754,1.65974757754,1.65974757754,1.65974757754,1.65974757754,1.65974757754,1.65974757754,1.65974757754
14.5,1.6724997324,1.6724997324,1.6724997324,1.6724997324,1.6724997324,1.6724997324,1.6724997324,1.6724997324
14.6,1.6852687994,1.6852687994,1.6852687994,1.6852687994,1.6852687994,1.6852687994,1.6852687994,1.6852687994
14.7,1.69805477854,1.69805477854,1.69805477854,1.69805477854,1.69805477854,1.69805477854,1.69805477854,1.69805477854
14.8,1.71085766982,1.71085766982,1.71085766982,1.71085766982,1.71085766982,1.71085766982,1.71085766982,1.71085766982
14.9,1.72367747323,1.72367747323,1.72367747323,1.72367747323,1.72367747323,1.72367747323,1.72367747323,1.72367747323
15.0,1.73651418879,1.73651418879,1.73651418879,1.73651418879,1.73651418879,1.73651418879,1.73651418879,1.73651418879
15.1,1.74936781648,1.74936781648,1.74936781648,1.74936781648,1.74936781648,1.74936781648,1.74936781648,1.74936781648
15.2,1.76223835631,1.76223835631,1.76223835631,1.76223835631,1.76223835631,1.76223835631,1.76223835631,1.76223835631
15.3,1.77512580828,1.77512580828,1.77512580828,1.77512580828,1.77512580828,1.77512580828,1.77512580828,1.77512580828
15.4,1.78803017238,1.78803017238,1.78803017238,1.78803017238,1.78803017238,1.78803017238,1.78803017238,1.78803017238
15.5,1.80095144863,1.80095144863,1.80095144863,1.80095144863,1.80095144863,1.80095144863,1.80095144863,1.80095144863
15.6,1.81388963701,1.81388963701,1.81388963701,1.81388963701,1.81388963701,1.81388963701,1.81388963701,1.81388963701
15.7,1.82684473753,1.82684473753,1.82684473753,1.82684473753,1.82684473753,1.82684473753,1.82684473753,1.82684473753
15.8,1.83981675019,1.83981675019,1.83981675019,1.83981675019,1.83981675019,1.83981675019,1.83981675019,1.83981675019
15.9,1.85280567499,1.85280567499,1.85280567499,1.85280567499,1.85280567499,1.85280567499,1.85280567499,1.85280567499
16.0,1.86581151192,1.86581151192,1.86581151192,1.86581151192,1.86581151192,1.86581151192,1.86581151192,1.86581151192
16.1,1.87883426099,1.87883426099,1.87883426099,1.87883426099,1.87883426099,1.87883426099,1.87883426099,1.87883426099
16.2,1.89187392221,1.89187392221,1.89187392221,1.89187392221,1.89187392221,1.89187392221,1.89187392221,1.89187392221
16.3,1.90493049556,1.90493049556,1.90493049556,1.90493049556,1.90493049556,1.90493049556,1.90493049556,1.90493049556
16.4,1.91800398104,1.91800398104,1.91800398104,1.91800398104,1.91800398104,1.91800398104,1.91800398104,1.91800398104
16.5,1.93109437867,1.93109437867,1.93109437867,1.93109437867,1.93109437867,1.93109437867,1.93109437867,1.93109437867
16.6,1.94420168843,1.94420168843,1.94420168843,1.94420168843,1.94420168843,1.94420168843,1.94420168843,1.94420168843
16.6666666667,1.9542620792,1.9542620792,1.9542620792,1.9542620792,1.9542620792,1.9542620792,1.9542620792,1.9542620792
16.7666666667,1.96739926707,1.96739926707,1.96739926707,1.96739926707,1.96739926707,1.96739926707,1.96739926707,1.96739926707
16.8666666667,1.98055336709,1.98055336709,1.98055336709,1.98055336709,1.98055336709,1.98055336709,1.98055336709,1.98055336709
16.9666666667,1.99372437924,1.99372437924,1.99372437924,1.99372437924,1.99372437924,1.99372437924,1.99372437924,1.99372437924
17.0666666667,2.00691230353,2.00691230353,2.00691230353,2.00691230353,2.00691230353,2.00691230353,2.00691230353,2.00691230353
17.1666666667,2.02011713995,2.02011713995,2.02011713995,2.02011713995,2.02011713995,2.02011713995,2.02011713995,2.02011713995
17.2666666667,2.03333888852,2.03333888852,2.03333888852,2.03333888852,2.03333888852,2.03333888852,2.03333888852,2.03333888852
17.3666666667,2.04657754923,2.04657754923,2.04657754923,2.04657754923,2.04657754923,2.04657754923,2.04657754923,2.04637776536
17.4666666667,2.05983312207,2.05983312207,2.05983312207,2.05983312207,2.05983312207,2.05983312207,2.05962681305,2.05956529617
17.5666666667,2.07310560705,2.07310560705,2.07310560705,2.07310560705,2.07310560705,2.07291228641,2.07283063595,2.0727635362
17.6666666667,2.08639500417,2.08639500417,2.08639500417,2.08639500417,2.08623916107,2.08613426173,2.08604516774,2.08597248158
17.7666666667,2.09970131342,2.09970131342,2.09970131342,2.09970131342,2.09948176817,2.09936694677,2.09927040455,2.09919212847
17.8666666667,2.11302453482,2.11302453482,2.11302453482,2.11302453482,2.11273508741,2.11261033767,2.11250634254,2.11242247301
17.9666666667,2.12636466835,2.12636466835,2.12636466835,2.12616488462,2.12599911492,2.12586443061,2.12575297787,2.12531675444
18.0666666667,2.13972171403,2.13972171403,2.13972171403,2.13945388871,2.13927384686,2.13912922174,2.13870762083,2.13850025503
18.1666666667,2.15309567184,2.15309567184,2.15309567184,2.15275360237,2.15255927941,2.15240470723,2.15191175156,2.15168823922
18.2666666667,2.16648654178,2.16648654178,2.16648654178,2.16606402175,2.16585540873,2.16569088328,2.16512036838,2.16488069938
18.3666666667,2.17989432387,2.17989432387,2.17968801509,2.17938514303,2.17916223102,2.17863444639,2.17833346365,2.17807762789
18.4666666667,2.19331901809,2.19331901809,2.19304404796,2.1927169624,2.19247974247,2.19187314549,2.19155102977,2.19127901714
18.5666666667,2.20676062446,2.20676062446,2.20641079023,2.20605947606,2.20580793928,2.20511632102,2.20477305912,2.20413156048
18.6666666667,2.22021914296,2.22021914296,2.21978823809,2.2194126802,2.21880006237,2.21836396538,2.21799954415,2.21727300249
18.7666666667,2.2336945736,2.2336945736,2.23317638772,2.23277657104,2.23208139295,2.23161607101,2.23090298109,2.23041267993
18.8666666667,2.24718691637,2.24718691637,2.24657523535,2.24615114481,2.24536719539,2.24487263034,2.24407198946,2.24355058147
18.9666666667,2.26069617129,2.26069617129,2.25998477717,2.25953639774,2.25865746213,2.25813363584,2.25723922992,2.2566866958
19.0666666667,2.27422233834,2.27405425069,2.27340500942,2.27261735937,2.27195218563,2.2710841134,2.27040469116,2.26950604514
19.1666666667,2.28776541753,2.28753238869,2.28683592832,2.28595883463,2.28525135837,2.28428886399,2.28356836191,2.28257342654
19.2666666667,2.30132540886,2.30102123879,2.30027753012,2.29930477776,2.29855497286,2.29749183822,2.29673023093,2.29563278694
19.3666666667,2.31490231233,2.31452079721,2.31372981107,2.31265518124,2.31186302159,2.31069302484,2.30958149233,2.30868411136
19.4666666667,2.32849612794,2.32803106016,2.32719276743,2.32601003759,2.3248788596,2.32389241262,2.32267522016,2.32172738485
19.5666666667,2.34210685568,2.3415520239,2.34066639547,2.33936933932,2.33813249014,2.33708999038,2.33576091319,2.33476259251
19.6666666667,2.35573449557,2.35508368465,2.35415069147,2.35273307897,2.35138433391,2.35028574694,2.3488385565,2.3474364234
19.7666666667,2.36937904759,2.36862603868,2.36734296663,2.3661012491,2.36463437974,2.36317698628,2.36190813522,2.36038661216
19.8666666667,2.38304051175,2.38217908223,2.38078470416,2.37947384228,2.37788261646,2.3763051838,2.37496963451,2.37332248855
19.9666666667,2.39671888804,2.3957428116,2.39423089962,2.39285085111,2.39112903296,2.38942532787,2.38772035488,2.38624403405
20.0666666667,2.41041417648,2.40931722305,2.40768154559,2.40623226821,2.40437361813,2.40253740368,2.40070176819,2.39915123017
20.1666666667,2.42412637705,2.42290231287,2.42113663464,2.41927781558,2.4176163609,2.41564139645,2.41366885895,2.41171020741
20.2666666667,2.43785548976,2.43649807737,2.43459615937,2.43260042592,2.43085725023,2.42873729144,2.42662160872,2.42452166825
20.3666666667,2.45160151461,2.45010451285,2.4480601124,2.44592122149,2.44376242415,2.44182507394,2.43955999909,2.43731252391
20.4666666667,2.4653644516,2.46372161562,2.46152848637,2.45924019123,2.45693259285,2.45459593552,2.4524840117,2.45008275235
20.5666666667,2.47914430073,2.47734938202,2.47500127391,2.47255732411,2.47009467464,2.46760294787,2.46508483468,2.46283233158
20.6666666667,2.49294106199,2.49098780838,2.4884784677,2.48587260914,2.48324865483,2.48059560487,2.47791553597,2.47523374668
20.7666666667,2.50675473539,2.50463689103,2.50196006043,2.49918603535,2.49639451879,2.49357388822,2.49072560579,2.48787560169
20.8666666667,2.52058532094,2.51829662635,2.5154460448,2.51249759179,2.50953225194,2.50653777967,2.50351502223,2.50049054182
20.9666666667,2.53443281861,2.53196701067,2.52893641354,2.52580726755,2.52266183969,2.51948726101,2.51628376343,2.51307854157
21.0666666667,2.54829722843,2.54564804038,2.54243115938,2.53911505172,2.53578326753,2.53242231407,2.52903180759,2.52563957548
21.1666666667,2.56199163143,2.55900586201,2.55559642535,2.55208708384,2.54856902848,2.54501542837,2.54143164072,2.53784612604
21.2666666667,2.57582306596,2.57264119317,2.56903292521,2.56532407379,2.56160773438,2.55785521188,2.5540718669,2.55028679349
21.3666666667,2.58966521256,2.5862809588,2.58246758041,2.57855293955,2.57463203726,2.57067431313,2.56668513119,2.56269421935
21.4666666667,2.60351806753,2.59992515161,2.59590038007,2.59177366662,2.58764191903,2.58347271044,2.57927140826,2.57506837471
21.5666666667,2.6173816272,2.61357376434,2.60933131333,2.60498624057,2.60063736165,2.59625038214,2.59183067289,2.58740923072
21.6666666667,2.63125588789,2.62722678973,2.62276036936,2.61819064697,2.6136183471,2.60900730666,2.60436289987,2.59938291044
21.7666666667,2.64514084595,2.64088422056,2.63618753735,2.63138687144,2.62658485744,2.62144077889,2.61651477359,2.61159010426
21.8666666667,2.65903649773,2.65454604961,2.64961280653,2.64457489963,2.63953687473,2.6340922662,2.62892401339,2.62375771268
21.9666666667,2.67294283957,2.66821226968,2.66303616614,2.65775471724,2.65212763356,2.64671674387,2.64129993938,2.63588570341
22.0666666667,2.68685986784,2.68188287359,2.67645760544,2.67062967332,2.66498239513,2.65931418684,2.65364252292,2.64797404426
22.1666666667,2.70078757893,2.69555785417,2.68987711375,2.68372976905,2.6778164097,2.67188457009,2.66595173543,2.65967595648
22.2666666667,2.7147259692,2.70923720428,2.70329468037,2.69681541403,2.69062965584,2.68442786865,2.67790005801,2.67161668566
22.3666666667,2.72867503505,2.72292091679,2.71671029465,2.70988659042,2.70342211219,2.69694405761,2.69007608719,2.68351146836
22.4666666667,2.74263477289,2.73660898459,2.72977065665,2.7229432804,2.71619375741,2.70908636592,2.70221246079,2.69536026901
22.5666666667,2.75660517911,2.75030140057,2.74311349989,2.73598546623,2.72894457025,2.72148004651,2.71430914683,2.70685426065
22.6666666667,2.77058625014,2.76399815767,2.75644815843,2.74901313018,2.74135333403,2.7338403429,2.7263661134,2.71854649474
22.7666666667,2.7845779824,2.7776992488,2.76977461809,2.76202625457,2.75399668344,2.74616722676,2.73807453722,2.73018644249
22.8666666667,2.79858037232,2.79140466693,2.7830928647,2.77502482177,2.76661293829,2.75846066983,2.74998747389,2.74177406496
22.9666666667,2.81259341634,2.80511440503,2.79640288413,2.78800881417,2.77920207386,2.7707206439,2.7618543979,2.7533093233
23.0666666667,2.82661711093,2.81847516804,2.80970466229,2.800631469,2.79176406548,2.78260685649,2.77367527396,2.76445833334
23.1666666667,2.84065145253,2.83212469225,2.82299818512,2.81351804614,2.80429888854,2.79473221488,2.78545006687,2.77582177361
23.2666666667,2.85469643761,2.8457723152,2.83628343858,2.82638379603,2.81680651847,2.80681782046,2.7968760593,2.78712653446
23.3666666667,2.86875206265,2.85941802632,2.84956040868,2.8392286976,2.8289781395,2.81886364163,2.80849470589,2.7983725737
23.4666666667,2.88281832413,2.87306181505,2.86282908145,2.85205272984,2.84136681574,2.83086964686,2.82006096688,2.80925716749
23.5666666667,2.89689521855,2.88670367089,2.87579280667,2.8648558718,2.85372202792,2.8428358047,2.83157480374,2.82032176309
23.6666666667,2.9109827424,2.90034358331,2.88898158865,2.87763810254,2.8660437481,2.85441534036,2.84303617801,2.83132131392
23.7666666667,2.92508089219,2.91398154185,2.90215583488,2.89039940119,2.87833194838,2.86623349779,2.85414841622,2.84225577451
23.8666666667,2.93918966444,2.92761753605,2.91531552789,2.90284311104,2.89058660092,2.87800551421,2.86544149624,2.85312509952
23.9666666667,2.95330905568,2.94125155549,2.92846065031,2.91549922938,2.90280767794,2.88973135484,2.87667580209,2.86358898175
24.0666666667,2.96743906243,2.95488358975,2.94159118477,2.92812815668,2.91468636108,2.90141098494,2.88785129202,2.8742603088
24.1666666667,2.98157968124,2.96851362846,2.95470711394,2.94072986866,2.92677571159,2.91274773471,2.89896792438,2.88486016555
24.2666666667,2.99573090865,2.98214166125,2.96780842054,2.95330434109,2.93882520634,2.92427158676,2.90972297623,2.89538850341
24.3666666667,3.00989274123,2.99576767779,2.98089508733,2.96585154979,2.95083481418,2.93574292803,2.9206578963,2.90553031399
24.4666666667,3.02406517553,3.00939166778,2.9939670971,2.97837147065,2.96280450407,2.94716172049,2.93152763744,2.91585035719
24.5666666667,3.03824820814,3.0230136209,3.00702443267,2.99086407958,2.974734245,2.95852792621,2.94233215474,2.9260925387
24.6666666667,3.05244183563,3.03663352692,3.02006707692,3.00332935256,2.98662400603,2.9698415073,2.95307140335,2.93625680668
24.7666666667,3.06629277026,3.04990463354,3.03275475107,3.01543342234,2.9981525637,2.98078746597,2.96343654921,2.94604042884
24.8666666667,3.08043874914,3.06345220617,3.04570037263,3.0277769824,3.00989654243,2.99193057407,2.97398063537,2.95598484325
24.9666666667,3.09458911332,3.07699150197,3.05862505298,3.04008693635,3.02159425115,3.00301474701,2.98445312185,2.96584499257
25.0666666667,3.10874385587,3.09052250724,3.07152877158,3.05236325684,3.0332456556,3.01403994367,2.99485396057,2.9756208218
25.1666666667,3.12290296987,3.10404520829,3.08441150794,3.06460591655,3.04485072162,3.02500612298,3.00518310356,2.98531227602
25.2666666667,3.13706644845,3.11755959146,3.09727324163,3.0768148882,3.05640941509,3.03591324395,3.01511931174,2.99457256132
25.3666666667,3.15123428472,3.13106564312,3.11011395224,3.08899014461,3.06792170198,3.04641452619,3.02523919073,3.0040268934
25.4666666667,3.16540647182,3.14456334969,3.12293361942,3.10113165862,3.07904080871,3.05713520054,3.03528103307,3.0133904873
25.5666666667,3.1795830029,3.15805269759,3.13573222284,3.11291821125,3.0903919736,3.06779049518,3.04524478757,3.02266328494
25.6666666667,3.19376387114,3.17153367329,3.14850974225,3.1249264312,3.10169043137,3.0783803659,3.05513040316,3.03150497008
25.7666666667,3.20794906971,3.18500626328,3.1612661574,3.13689463032,3.11293614471,3.08890476857,3.06459757047,3.04052841419
25.8666666667,3.22213859182,3.19847045409,3.17364816692,3.14882277815,3.12412907637,3.09904870048,3.07425916854,3.04945468987
25.9666666667,3.23633243069,3.21192623227,3.18629348756,3.1607108443,3.13526918921,3.10937692695,3.08383627658,3.05828373589
26.0666666667,3.25053057954,3.22537358439,3.19891144458,3.17255879843,3.14603525531,3.11963335655,3.09332884032,3.06668165161
26.1666666667,3.26473303163,3.23881249707,3.21150201442,3.18436661027,3.15700389227,3.12981794193,3.10243412596,3.07524908841
26.2666666667,3.2789397802,3.25224295695,3.22406517356,3.19613424962,3.16791340218,3.13993063586,3.11169357017,3.08371291445
26.3666666667,3.29315081854,3.26531167029,3.23660089854,3.20753420159,3.17876374466,3.14967475741,3.12086211175,3.09207306536
26.4666666667,3.30736613994,3.27865636049,3.24910916592,3.21915505973,3.18955487938,3.15958027842,3.12993969326,3.100001994
26.5666666667,3.32158573771,3.29198635931,3.26158995233,3.23072945775,3.20028676609,3.16940757108,3.1389262574,3.1080882558
26.6666666667,3.33580960516,3.30530165002,3.27404323446,3.24225736218,3.21065668449,3.17915658494,3.14749426397,3.11606445248
26.7666666667,3.35003773564,3.31860221593,3.28646898901,3.25373873959,3.22120608748,3.18882726967,3.15623227619,3.12393051654
26.8666666667,3.36427012248,3.33188804038,3.29853335264,3.26517355666,3.23168992632,3.198419575,3.16487290226,3.13135889843
26.9666666667,3.37850675907,3.34515910675,3.31083701831,3.27656178008,3.24210815756,3.20759319447,3.17341608174,3.13893814986
27.0666666667,3.39274763877,3.35841539846,3.3231068894,3.28790337666,3.25246073784,3.21696100659,3.18156512154,3.14640086946
27.1666666667,3.40699275498,3.37165689895,3.33534293937,3.2988515769,3.26274762385,3.22624409116,3.18984997946,3.15374698664
27.2666666667,3.42124210111,3.3848835917,3.3475451417,3.31003161752,3.27296877238,3.23544239475,3.19803101453,3.16064894942
27.3666666667,3.43549567059,3.39809546023,3.35971346992,3.32115873393,3.28277086335,3.24455586406,3.20610816318,3.16769530578
27.4666666667,3.44975345684,3.41129248809,3.37184789764,3.3322328897,3.29279158533,3.25325060811,3.21408136192,3.17461865131
27.5666666667,3.46401545333,3.42447465886,3.38394839849,3.34325404845,3.30274024222,3.26212728587,3.22162306593,3.18141891231
27.6666666667,3.47828165352,3.43764195616,3.39601494618,3.35422217388,3.31261678766,3.27091277253,3.22932183102,3.18776217878
27.7666666667,3.49223709186,3.45049772849,3.40804751444,3.36513722974,3.32242117533,3.27960701163,3.23691025928,3.19424908664
27.8666666667,3.50644657673,3.46357198467,3.41971223856,3.3756903923,3.332153359,3.28820994679,3.24438828412,3.20060649203
27.9666666667,3.52065404987,3.47662512352,3.43160980756,3.38643471646,3.34146001698,3.29639404045,3.25145316117,3.20683431816
28.0666666667,3.5348595014,3.48965712536,3.44346712166,3.39711966703,3.35097883334,3.30474785623,3.25864631465,3.21259223522
28.1666666667,3.54906292143,3.50266797055,3.45528415137,3.40774520459,3.36041910932,3.31300400266,3.26572267001,3.21849309064
28.2666666667,3.56326430009,3.51565763948,3.46706086725,3.41831128978,3.36978079554,3.32116242026,3.27268215756,3.22425793936
28.3666666667,3.57746362756,3.52862611261,3.47879723992,3.42881788331,3.37906384269,3.32922304963,3.2795247077,3.22988670147
28.4666666667,3.59166089401,3.5415733704,3.49049324006,3.43926494596,3.38826820156,3.33686464448,3.28590999816,3.23503256557
28.5666666667,3.60585608966,3.55449939337,3.50214883841,3.44965243858,3.39704054887,3.34466379726,3.29245088393,3.24032071417
28.6666666667,3.62004920473,3.56740416208,3.51376400574,3.45962704768,3.40601856424,3.35235878783,3.29886842664,3.24546633923
28.7666666667,3.63424022945,3.58028765712,3.52504207881,3.46982646394,3.41491154622,3.3599495537,3.30516255361,3.25046935776
28.8666666667,3.64842915411,3.59314985912,3.53651305328,3.47995999529,3.42371944247,3.36743603245,3.31101200648,3.2549764149
28.9666666667,3.66261596899,3.60599074876,3.54793731483,3.49002759943,3.43244220073,3.3744906821,3.31699336244,3.25962515188
29.0666666667,3.67680066439,3.61881030675,3.55931483105,3.50002923413,3.44077709067,3.3817020589,3.32284488891,3.26412483587
29.1666666667,3.69098323065,3.63160851383,3.57064556958,3.50996485722,3.44926555381,3.3888027654,3.32856651009,3.26817270492
29.2666666667,3.70516365812,3.64403207668,3.58192949814,3.51983442662,3.45766252769,3.39579273608,3.33385547381,3.27231016146
29.3666666667,3.71934193716,3.65671870719,3.59316658449,3.52929764759,3.46596795693,3.40267190553,3.33925319459,3.27629211186
29.4666666667,3.73351805816,3.66937773183,3.60435679647,3.53896740511,3.47418178626,3.4091063743,3.34451458824,3.28011846686
29.5666666667,3.74769201154,3.68200912814,3.61550010194,3.5485647862,3.48230396047,3.41569678599,3.3496395759,3.28347418474
29.6666666667,3.76186378773,3.69461287367,3.62659646886,3.55808974563,3.49001946987,3.42217000406,3.3546280788,3.28692398001
29.7666666667,3.77603337717,3.70718894603,3.63730561264,3.56754223826,3.49789306822,3.42852596002,3.35913328899,3.29021171684
29.8666666667,3.79020077033,3.71973732286,3.64824042919,3.57692221901,3.50566865085,3.43476458544,3.36378038812,3.29333730287
29.9666666667,3.80436595771,3.73225798186,3.65912201471,3.58622964289,3.51334615948,3.44054556165,3.36828456934,3.29597316914
30.0666666667,3.81852892982,3.74475090076,3.66995033399,3.59512421351,3.52092553589,3.44648174312,3.37264575083,3.29870783703
30.1666666667,3.83268967718,3.75721605733,3.68072535188,3.60421881183,3.52840672197,3.45229419248,3.37653637377,3.30127388116
30.2666666667,3.84684819034,3.7696534294,3.69144703328,3.61323452205,3.53545582626,3.45798283825,3.38054497149,3.30367120603
30.3666666667,3.86100445987,3.78206299482,3.70211534316,3.62217129608,3.54267350001,3.46354760904,3.3844041282,3.30555946797
30.4666666667,3.87485579598,3.79444473148,3.71273024656,3.63102908587,3.5497866132,3.46863516421,3.38811375896,3.30755149008
30.5666666667,3.88894369121,3.80647743033,3.72329170856,3.63980784348,3.55679510462,3.4738831549,3.39135882705,3.30936831003
30.6666666667,3.9030231205,3.81873772642,3.73346586018,3.64850752101,3.56369891316,3.4790008595,3.39470405185,3.31100982919
30.7666666667,3.91709407116,3.83096393249,3.74385337888,3.65678134161,3.57020134652,3.48398820354,3.39789330095,3.31212268161
30.8666666667,3.93115653055,3.84315602329,3.75418115585,3.66525452039,3.57683236572,3.48854243696,3.40092648633,3.31334448703
30.9666666667,3.94521048602,3.85531397358,3.76444915304,3.67364227913,3.58335232503,3.49320497673,3.40350084539,3.31438449874
31.0666666667,3.95925592497,3.86743775818,3.77465733248,3.68194456686,3.58976116026,3.49773073847,3.40615777922,3.31493994143
31.1666666667,3.97329283481,3.87952735195,3.78480565628,3.69016133269,3.5960588073,3.50211964462,3.40865219106,3.31555219995
31.2666666667,3.987321203,3.89158272981,3.79489408659,3.6982925258,3.60224520212,3.50637161771,3.41098398976,3.31597616499
31.3666666667,4.00134101699,3.90360386671,3.80492258563,3.70604146362,3.60799909715,3.51017162871,3.41315308426,3.31621173155
31.4666666667,4.01535226429,3.91559073765,3.81489111567,3.71393811996,3.61389707894,3.51408440567,3.41480611711,3.31593761385
31.5666666667,4.02935493241,3.92754331769,3.8244529109,3.72174285772,3.61967742158,3.51785382256,3.41658071525,3.31573035064
31.6666666667,4.0433490089,3.9394615819,3.83423319688,3.72945562301,3.62534005799,3.52147979882,3.41818613918,3.31532817872
31.7666666667,4.05733448133,3.95134550544,3.84394720475,3.73707636201,3.63088492116,3.52496225398,3.41962229471,3.31473098992
31.8666666667,4.07131133728,3.96286758507,3.85359489369,3.74460502099,3.63631194414,3.52796727775,3.42054884173,3.31360484783
31.9666666667,4.08527956439,3.97461641907,3.86317622296,3.75204154628,3.64126779343,3.53109549426,3.42157860278,3.3125503445
32.0666666667,4.09923915029,3.98632464299,3.87269115187,3.75907093162,3.64639012247,3.53407375275,3.42243261682,3.31129430383
32.1666666667,4.11319008265,3.99799222885,3.88213963982,3.766257933,3.65138821415,3.53690196965,3.42311078651,3.30983661446
32.2666666667,4.12713234917,4.0096191487,3.89152164625,3.77334644548,3.65626199848,3.53958006148,3.42327918621,3.30841098759
32.3666666667,4.14106593755,4.02120537465,3.90053445327,3.78033641236,3.66101140554,3.54176122032,3.42353842013,3.30818716403
32.4666666667,4.15499083554,4.03275087887,3.90971951899,3.78722777698,3.66531518336,3.54407061833,3.42361532208,3.30776842328
32.5666666667,4.16890703091,4.04425563356,3.91883178818,3.79402048276,3.66974991136,3.54622344471,3.42350979157,3.30685803041
32.6666666667,4.18281451144,4.05571961097,3.92787121722,3.80071447321,3.67405385779,3.54821961289,3.42290054829,3.30598589254
32.7666666667,4.19671326495,4.06714278341,3.93683776255,3.80696944519,3.67822694966,3.5497563627,3.42346300407,3.30491232041
32.8666666667,4.21060327927,4.07852512323,3.94573138069,3.81339826363,3.68226911408,3.55137509768,3.42446211581,3.30363720306
32.9666666667,4.22416335683,4.08986660282,3.9545520282,3.81972200189,3.68618027821,3.55283072107,3.42528546105,3.30184548121
33.0666666667,4.23797014464,4.10086451656,3.96329966172,3.82594060043,3.68960710496,3.55412314318,3.42562416273,3.30010184364
33.1666666667,4.25176196272,4.11206033862,3.97197423796,3.83205399976,3.69318723907,3.55525227439,3.42603120752,3.29815013321
33.2666666667,4.26553879576,4.12320902459,3.98023546699,3.8380621405,3.69662995831,3.55589684514,3.426256001,3.29599023571
33.3666666667,4.27930062846,4.13431054378,3.98869622848,3.84365618092,3.69993518679,3.55732677965,3.42629844313,3.29329456534
33.4666666667,4.29304744556,4.14536486558,3.99707760773,3.84938915205,3.70310284867,3.55963629623,3.42585576135,3.29065161597
33.5666666667,4.30677923184,4.15637195939,4.00537955839,3.85501049289,3.70580539488,3.56178923389,3.4254693437,3.28779394156
33.6666666667,4.3204959721,4.16733179468,4.0136020342,3.86052014098,3.70863136361,3.56378550659,3.42489408088,3.28472142464
33.7666666667,4.33419765115,4.17824434097,4.02174498895,3.86591803397,3.71131334363,3.56527830553,3.4241298697,3.28109370533
33.8666666667,4.34788425387,4.18910956782,4.02980837649,3.87120410955,3.71385125605,3.56689279872,3.42317660703,3.27752357745
33.9666666667,4.36155576514,4.19992744486,4.03779215073,3.8763783055,3.71624502204,3.56834417296,3.42168092771,3.27373205863
34.0666666667,4.37521216986,4.21069794175,4.04537508347,3.88110031517,3.7181918893,3.56963233911,3.42028044116,3.26971902813
34.1666666667,4.38885345299,4.22142102821,4.05313378195,3.88598299547,3.72023327125,3.57045453501,3.4186843973,3.26513110436
34.2666666667,4.4024795995,4.23179399662,4.06080653508,3.89074741447,3.72212407709,3.57135216207,3.41689268981,3.26060587604
34.3666666667,4.41609059438,4.24235831911,4.06839329373,3.89539350691,3.72386422492,3.57208012022,3.41456497015,3.25585257703
34.4666666667,4.42968642265,4.25286894767,4.07589400888,3.8999212076,3.72545363289,3.57263831721,3.41231404436,3.25057445841
34.5666666667,4.44326706939,4.26332584896,4.08330863154,3.9043304514,3.72689221924,3.57302666084,3.40986094025,3.24530140811
34.6666666667,4.45683251966,4.27372898971,4.0906371128,3.9083062235,3.72783318135,3.57292388004,3.40720554828,3.23979372109
34.7666666667,4.47038275858,4.28407833669,4.09787940381,3.91241326662,3.72890168992,3.57290652774,3.40402028863,3.2340512699
34.8666666667,4.48391777129,4.29437385675,4.10472667352,3.91639546396,3.73125253984,3.57271285119,3.4008936595,3.2277651506
34.9666666667,4.49743754295,4.30461551675,4.11173196627,3.92025274738,3.73381790041,3.57234275508,3.39755821887,3.22148831283
35.0666666667,4.51094205875,4.31480328363,4.11864472929,3.92398504878,3.73623912049,3.57179614415,3.39401385396,3.21519721386
35.1666666667,4.52443130392,4.32493712438,4.12546491072,3.92759230013,3.73819494238,3.5707262031,3.38994550576,3.20999583411
35.2666666667,4.53757778831,4.33501700602,4.13219245876,3.93107443348,3.74026193536,3.56975808719,3.38591786012,3.20425107628
35.3666666667,4.55097012138,4.34504289563,4.13882732169,3.93407812037,3.74217835895,3.56860697505,3.3816747575,3.19852761291
35.4666666667,4.56434094594,4.35469357853,4.14536944784,3.93724100726,3.74394413181,3.56727276829,3.37721608181,3.19256927474
35.5666666667,4.57769024413,4.36454567758,4.15181878559,3.9402723769,3.74555917262,3.56545269704,3.37223904704,3.18637593454
35.6666666667,4.59101799815,4.37433749261,4.15787260837,3.94317215829,3.74672072725,3.56368815188,3.36728502206,3.17962628928
35.7666666667,4.60432419021,4.38406898769,4.16407236364,3.9459402805,3.74797020716,3.56173402363,3.36210888214,3.17289684948
35.8666666667,4.61760880255,4.39374012696,4.1701729833,3.94857667264,3.74906251822,3.55959021072,3.35671050787,3.16592583095
35.9666666667,4.63087181745,4.4033508746,4.17617441276,3.95075379287,3.74999757607,3.5572566116,3.35225338311,3.158713103
36.0666666667,4.64411321722,4.41290119485,4.18207659746,3.95306018394,3.75077529639,3.55441194784,3.34763455791,3.15093735982
36.1666666667,4.6573329842,4.42239105199,4.18787948294,3.95522843838,3.75139559492,3.55163276056,3.34308483759,3.14317510747
36.2666666667,4.67053110076,4.43182041036,4.19358301478,3.9572584823,3.75151814658,3.54865728823,3.33831938531,3.13516455863
36.3666666667,4.68370754931,4.44118923435,4.19918713863,3.96083469044,3.75175578096,3.54548542612,3.33333808531,3.12690557912
36.4666666667,4.69686231229,4.4504974884,4.20438912572,3.96447234448,3.75182954598,3.54211706951,3.32780699895,3.11898811024
36.5666666667,4.70999537215,4.45944246096,4.20973042071,3.96767610108,3.75173935428,3.53821187444,3.32232670546,3.11184304486
36.6666666667,4.72310671139,4.46856561986,4.21496595243,3.97099898297,3.75148511857,3.53438264605,3.3166240217,3.1044561827
36.7666666667,4.73619631255,4.47762191019,4.22009566353,3.97419041982,3.75074557426,3.53035041381,3.31069882853,3.09682739327
36.8666666667,4.74926415818,4.48661129341,4.22511949673,3.97725034115,3.75009727934,3.52611506978,3.30423606227,3.0886353713
36.9666666667,4.76231023087,4.49553373103,4.2300373948,3.98017867654,3.74927848476,3.52137988092,3.29780040054,3.08045662273
37.0666666667,4.77533451323,4.50438918464,4.23484930058,3.98297535562,3.74828910013,3.51667475595,3.29113567783,3.07202936038
37.1666666667,4.78833698791,4.51317761585,4.23955515696,3.98564030808,3.74712903507,3.51176000245,3.28424177165,3.06335345026
37.2666666667,4.8013176376,4.52189898633,4.2438461267,3.98782020559,3.74549552801,3.50663550921,3.27711855948,3.05410758423
37.3666666667,4.81397376768,4.53055325782,4.24827524512,3.99015268989,3.74392997986,3.50130116501,3.26941266273,3.04486826366
37.4666666667,4.8268468691,4.53914039208,4.25259195047,3.99234704173,3.74218728751,3.49544808273,3.26234589676,3.03537369821
37.5666666667,4.83969190202,4.54766035095,4.25679618265,3.99440318778,3.74026735747,3.48962923151,3.25615421234,3.02562375029
37.6666666667,4.85250884609,4.55581646521,4.26088788163,3.99632105479,3.73817009629,3.48413937987,3.24973976378,3.01614129622
37.7666666667,4.86529768104,4.56413873083,4.26486698744,3.99810056953,3.73589541054,3.47947380413,3.24277496495,3.00790458164
37.8666666667,4.87805838662,4.57238751523,4.26873344016,3.99940141945,3.73310296863,3.47460478641,3.23584830096,2.99941932999
37.9666666667,4.8907909426,4.58056277726,4.27248717992,4.00083644549,3.73040558752,3.46920475171,3.22869232132,2.9906854075
38.0666666667,4.9034953288,4.58866447585,4.27580696922,4.00212670546,3.72752430695,3.4638621982,3.22130690374,2.98504170759
38.1666666667,4.91617152506,4.59669257001,4.27926939836,4.00327212312,3.72445903036,3.45830968531,3.21338925766,2.97990287203
38.2666666667,4.92881951128,4.60464701874,4.28261274211,4.0042726223,3.72120966119,3.45254710209,3.20548074416,2.97453566184
38.3666666667,4.94143926736,4.61252778115,4.28583693763,4.00512812685,3.71746115798,3.44657433759,3.19733623232,2.96893995422
38.4666666667,4.95403077325,4.62033481636,4.28894192211,4.00551738402,3.71377822552,3.44005746006,3.18895559643,2.96311562638
38.5666666667,4.96659400894,4.62806808357,4.29192763282,4.00601696481,3.70990471753,3.4335970524,3.18244993323,2.95677320829
38.6666666667,4.97912895445,4.63572754201,4.29479400707,4.00636512945,3.7071788227,3.42691993585,3.17731317053,2.95223378149
38.7666666667,4.99163558981,4.64301047626,4.29754098222,4.00656179878,3.70516514019,3.42002599612,3.17258362305,2.94747246857
38.8666666667,5.00411389512,4.65045834946,4.30183874301,4.00660689367,3.70267745645,3.41291511891,3.16763826754,2.94389393479
38.9666666667,5.01656385048,4.65782610024,4.3062972134,4.00650033503,3.70024569997,3.40524047584,3.16247698914,2.94170938198
39.0666666667,5.02898543604,4.66511368493,4.31064326284,4.00593326612,3.69763019021,3.39762719471,3.15679089692,2.93972410761
39.1666666667,5.04137863199,4.67232105987,4.31487683183,4.00545869603,3.69483083103,3.38979043776,3.15113295617,2.93837952566
39.2666666667,5.05374341853,4.67944818149,4.31899786095,4.00482604278,3.69184752633,3.3817300873,3.14659105054,2.93754131227
39.3666666667,5.0660797759,4.68649500624,4.32300629084,4.00403522423,3.68868018,3.37478612075,3.14241154799,2.93619283528
39.4666666667,5.07803442854,4.69346149064,4.32690206217,4.00308615829,3.68500122902,3.36995165307,3.13802269677,2.93491063679
39.5666666667,5.09024507254,4.70034759125,4.33068511568,4.00197876289,3.68139918519,3.36530883033,3.13309056348,2.93343295467
39.6666666667,5.10242103472,4.70715326468,4.33400213734,4.00071295602,3.67760661772,3.36140552494,3.12890995011,2.93175968387
39.7666666667,5.11456229239,4.7138784676,4.33749077813,3.99893540204,3.67362342736,3.35730535676,3.12589142795,2.92958804811
39.8666666667,5.12666882288,4.7202019793,4.34086032926,3.9972837252,3.66944951485,3.35300822217,3.12267034069,2.92745943105
39.9666666667,5.13874060359,4.72670041009,4.3441107285,3.99637338389,3.66597995158,3.34816076246,3.11894995518,2.92512871699
40.0666666667,5.15077761192,4.73311204832,4.34724191369,3.99666683155,3.66297895589,3.34457504089,3.11526018176,2.92296563382
40.1666666667,5.16277982532,4.73943684775,4.35025382272,3.99680875452,3.65979391456,3.34179037045,3.11136132771,2.92115965063
40.2666666667,5.17474722127,4.74567476217,4.35314639353,3.99679907422,3.65642473184,3.33881559299,3.10774791949,2.91929820724
40.3666666667,5.18667977731,4.75182574544,4.35561078562,3.99629747533,3.652871312,3.3356506085,3.10486025345,2.91802392539
40.4666666667,5.19857747097,4.75788975145,4.35820002961,3.99591679093,3.6497703306,3.33221169165,3.10144878694,2.9165541673
40.5666666667,5.21044027986,4.76386673416,4.36066355749,3.99537807378,3.64631621079,3.33062048753,3.09841506439,2.9148888284
40.6666666667,5.22226818159,4.76975664757,4.36300130423,3.99468124228,3.64295102147,3.32884596914,3.0964386606,2.91269398019
40.7666666667,5.23406115383,4.77555944571,4.36521320489,3.99382621486,3.6394016001,3.32688804001,3.09427257142,2.91057021656
40.8666666667,5.24581917426,4.78127508268,4.36729919454,3.99281290999,3.63566785114,3.32474660371,3.09191669631,2.90824436362
40.9666666667,5.25754222061,4.78655026009,4.3692592083,3.99132007139,3.63174967904,3.32206830811,3.08902421789,2.90571631363
41.0666666667,5.26923027065,4.79202264166,4.37109318135,3.9899242634,3.62734431871,3.31949076398,3.08622028296,2.90267101287
41.1666666667,5.28088330217,4.797401531,4.37246722852,3.98836374065,3.62299316557,3.3167232282,3.08390763726,2.89967315448
41.2666666667,5.29250129299,4.8026868793,4.37398198597,3.98663841856,3.6184511104,3.31463490642,3.08169895782,2.8964665821
41.3666666667,5.30375039884,4.80787863783,4.37536431541,3.98474821258,3.61569895105,3.31345773451,3.07899169521,2.89305118478
41.4666666667,5.3152313066,4.81297675785,4.37661414904,3.98269303819,3.61312294268,3.31175037282,3.07633883321,2.89004067443
41.5666666667,5.32667091527,4.81798119071,4.37773141913,3.98016403465,3.61036927842,3.3101504364,3.07348977156,2.88846008319
41.6666666667,5.3380691998,4.82289188779,4.37871605798,3.97771420506,3.60710404603,3.30836718518,3.07044440677,2.88759055254
41.7666666667,5.34942613516,4.82770880053,4.37956799793,3.9750929615,3.60456189185,3.30640052315,3.0672026354,2.88653192518
41.8666666667,5.36074169637,4.83243188038,4.37999054402,3.97230021637,3.60403953472,3.3042503543,3.0634305322,2.88528410045
41.9666666667,5.3720158585,4.83673361217,4.38051365861,3.96933588211,3.60335291076,3.30156332771,3.06011921654,2.88351315416
42.0666666667,5.38324859662,4.84120256327,4.38298896786,3.96619987119,3.60250193469,3.29897705403,3.05719545193,2.88181968448
42.1666666667,5.39443988587,4.84557134404,4.38557029989,3.96289209607,3.60118385028,3.2965121706,3.05407534791,2.87993052095
42.2666666667,5.4055897014,4.84983990307,4.38802589958,3.96059780927,3.59994006669,3.29585245614,3.05075880125,2.87784555976
42.3666666667,5.41669801843,4.85400818899,4.39035570254,3.95851889612,3.5985254832,3.29501608206,3.04689245336,2.87524975124
42.4666666667,5.42776481218,4.85807615047,4.39255964441,3.95627492215,3.59694001149,3.29365624026,3.04311390713,2.87270779341
42.5666666667,5.43879005793,4.86204373623,4.39463766088,3.9538658032,3.59518356327,3.29239808597,3.03913241321,2.86996353307
42.6666666667,5.44977373097,4.86591089504,4.39626851289,3.95129145518,3.59325605028,3.29095680007,3.03494786515,2.8670168633
42.7666666667,5.46071580666,4.8696775757,4.39802878572,3.94855179399,3.59082991785,3.28933228701,3.03025138046,2.86386767717
42.8666666667,5.47161626037,4.87334372707,4.39965674835,3.94531927059,3.5884936871,3.28752445127,3.0272984059,2.86016261171
42.9666666667,5.48247506751,4.87660052034,4.40115233354,3.9430060715,3.58702709539,3.28518648259,3.02569962418,2.85653926676
43.0666666667,5.49329220352,4.88000100045,4.4025154741,3.9420745457,3.58644010251,3.28331407918,3.02391752611,2.85270688927
43.1666666667,5.50376496913,4.88329460704,4.40374610288,3.9409847082,3.58568881111,3.2841474695,3.02195201545,2.84866536912
43.2666666667,5.51443485156,4.8864812861,4.40484415278,3.93973647834,3.58477313641,3.28481729998,3.01947552812,2.84550639696
43.3666666667,5.52505679932,4.88956098363,4.40580955675,3.93832977548,3.58333974061,3.285323485,3.01728494585,2.8425699885
43.4666666667,5.53563078504,4.89253364567,4.40629553686,3.93645574271,3.58202624499,3.28584816057,3.01539490349,2.83942491478
43.5666666667,5.54615678134,4.89660699635,4.40692727219,3.93466738851,3.58054191736,3.28671117122,3.01332139352,2.83633393279
43.6666666667,5.55663476092,4.90165031111,4.40741996736,3.93271412768,3.57888666987,3.28741063661,3.01106431987,2.83334294948
43.7666666667,5.56706469649,4.90659987742,4.40777355237,3.93059587655,3.5782162715,3.28957334993,3.0082833491,2.83039390367
43.8666666667,5.57744656081,4.91145564735,4.40798795725,3.92831255148,3.57952513941,3.29157935333,3.00559129526,2.82723618866
43.9666666667,5.58778032666,4.91592094408,4.40806311209,3.92586406887,3.58165932892,3.29309474191,3.00335466909,2.8238696948
44.0666666667,5.59806596687,4.92052575695,4.40799894699,3.92369210617,3.58364294111,3.29472013508,3.00190101268,2.82029431244
44.1666666667,5.60830345432,4.92503043967,4.40748661583,3.92167545376,3.58547589786,3.2961823781,2.99996749415,2.81616969476
44.2666666667,5.6184927619,4.92943494145,4.40707914086,3.91977864991,3.58715812109,3.29748138576,2.99808404031,2.81210864105
44.3666666667,5.62863386256,4.93373921151,4.40652594521,3.91834022736,3.58868953279,3.29861707291,2.99651473513,2.80783217536
44.4666666667,5.63872672925,4.93794319916,4.40582695605,3.9179274709,3.58972334086,3.2992555325,2.99593574572,2.80348709473
44.5666666667,5.648771335,4.94204685373,4.40498210058,3.91736282862,3.59088471575,3.29999738011,2.99517398044,2.80113148982
44.6666666667,5.65876765285,4.94605012458,4.40399130601,3.9166462235,3.59188885132,3.30056945832,2.99392056622,2.79933937291
44.7666666667,5.66871565587,4.94995296114,4.40285449961,3.91618985772,3.59273566661,3.300971679,2.99325815075,2.79734536155
44.8666666667,5.67861531718,4.95375531287,4.40157160866,3.91603342251,3.59342508068,3.30120395405,2.99276488078,2.79514934985
44.9666666667,5.68815783087,4.95745712927,4.3998023287,3.91572523196,3.59364823523,3.30093872803,2.99208888047,2.79275123196
45.0666666667,5.69789627396,4.96070511243,4.39815949569,3.9152652092,3.59395813992,3.30076452433,2.99123005445,2.78980418675
45.1666666667,5.70758010496,4.96413691646,4.39636416746,3.91465327741,3.59410420887,3.30041391771,2.98986713175,2.78693335473
45.2666666667,5.71720929421,4.96746184122,4.39441626835,3.9138893598,3.59408635819,3.2998868171,2.9885766625,2.78385390421
45.3666666667,5.72678381204,4.97067983334,4.39231572269,3.91267070913,3.59390450403,3.29918313146,2.9870968884,2.78056572619
45.4666666667,5.73630362885,4.97379083953,4.39006245486,3.9115387466,3.59355856257,3.29797530307,2.98542771103,2.7767537671
45.5666666667,5.74576871507,4.97679480652,4.38971339644,3.91024837679,3.59271463052,3.29728548538,2.98356903202,2.77298271964
45.6666666667,5.75517904115,4.97980787114,4.38986137957,3.90879951994,3.59197332306,3.29706776975,2.9811805165,2.76899642462
45.7666666667,5.76453457761,4.98502051575,4.39120526617,3.90883192889,3.59170520862,3.29667362917,2.97887497617,2.76491255991
45.8666666667,5.77383529498,4.99013946342,4.39241662282,3.90941995216,3.59249532726,3.29610297283,2.97637344507,2.76167706029
45.9666666667,5.78308116383,4.99516466679,4.39349538332,3.90986275535,3.59312801357,3.29503453516,2.97367582175,2.75802285264
46.0666666667,5.79227215477,4.99974936983,4.39444148147,3.90982003125,3.59330051583,3.29404487176,2.97078200476,2.75567673428
46.1666666667,5.80140823845,5.00451877247,4.39525485114,3.9099046172,3.59355425187,3.29287222759,2.96733863985,2.75312843711
46.2666666667,5.81048938555,5.00918809681,4.3959354262,3.90983756999,3.5949052363,3.29151650884,2.96398333025,2.75202299431
46.3666666667,5.81951556678,5.01375729268,4.39648314059,3.90961881326,3.59633080854,3.28997762173,2.96042532807,2.75194896076
46.4666666667,5.82848675291,5.01822630997,4.39657046439,3.90924827067,3.59760542965,3.28794052816,2.95681340924,2.75194243992
46.5666666667,5.8374029147,5.02259509857,4.39678594377,3.90872586591,3.59872902252,3.28726746062,2.95404908633,2.75174728422
46.6666666667,5.846264023,5.02686360845,4.39686217267,3.907736579,3.59937404385,3.28656132509,2.95132824943,2.7513633951
46.7666666667,5.85471680384,5.0310317896,4.39679908211,3.9076887604,3.60012902906,3.28567851484,2.94841121106,2.75079067405
46.8666666667,5.86339893326,5.03509959207,4.39659660313,3.9087574518,3.60072656235,3.28461893945,2.94529787013,2.74968878514
46.9666666667,5.8720197303,5.03906696595,4.39625466683,3.90968116318,3.6017959445,3.28306756414,2.94198812554,2.74867054134
47.0666666667,5.88057916303,5.04258061562,4.39577320434,3.91045982152,3.60287096183,3.28158910423,2.93817310039,2.74745697607
47.1666666667,5.88907719953,5.04627819462,4.3951521468,3.91109335382,3.60379484784,3.28021374628,2.93535541483,2.74604798778
47.2666666667,5.89751380794,5.04986900324,4.39403817923,3.91158168714,3.60457936216,3.27908912955,2.932578335,2.74413469796
47.3666666667,5.90588895642,5.05335298874,4.39306893404,3.91157149961,3.60696164462,3.27778762518,2.92960502828,2.74235315317
47.4666666667,5.91420261319,5.05673009845,4.39264518972,3.91170042223,3.60919345616,3.27600036664,2.92643539379,2.74112086371
47.5666666667,5.92245474647,5.0600002797,4.3925417578,3.91167773385,3.61127472005,3.27428035282,2.92275438687,2.73969314275
47.6666666667,5.93064532456,5.0631634799,4.39229891783,3.9115033586,3.6132053596,3.27237698908,2.92003586427,2.738069889
47.7666666667,5.93877431574,5.06621964647,4.39191660117,3.91117722064,3.6146641235,3.27029018223,2.91750996177,2.73691027839
47.8666666667,5.94684168839,5.06916872688,4.39139473918,3.91069924418,3.61622758457,3.26801983912,2.91734460137,2.73582848527
47.9666666667,5.95484741087,5.07171404077,4.39041832066,3.91047801017,3.61763399942,3.26608018592,2.91775710707,2.73455134013
48.0666666667,5.9627914516,5.07438557485,4.38955208609,3.91147506872,3.61888328848,3.26429270357,2.9193952924,2.73323858355
48.1666666667,5.97067377904,5.07694367601,4.38853990958,3.91232094947,3.61997537222,3.26232183899,2.92112596563,2.73287340684
48.2666666667,5.97849436166,5.07938828888,4.38794403107,3.91301557675,3.62091017114,3.26016749918,2.9226873769,2.73256454968
48.3666666667,5.98595653843,5.08171935819,4.38852273233,3.91355887495,3.62133435595,3.2578295912,2.92407943856,2.73206690138
48.4666666667,5.99359032438,5.08393682865,4.38896851981,3.91395076852,3.62188555203,3.25501139626,2.92530206304,2.73200678398
48.5666666667,6.00115608262,5.08604064504,4.38928132813,3.91388851124,3.62227303157,3.25224284828,2.9260276954,2.73301246312
48.6666666667,6.0086537789,5.08803075217,4.38946109196,3.91391352854,3.62249671216,3.24928426225,2.92684486057,2.73351488202
48.7666666667,6.01608337899,5.08990709488,4.38916751564,3.91443534766,3.62255651145,3.24613554219,2.92748613301,2.73410256161
48.8666666667,6.02344484873,5.09166961805,4.38901344298,3.91605231296,3.62213117378,3.24279659214,2.92795142221,2.73450807313
48.9666666667,6.03073815395,5.09301559612,4.39016611526,3.91752456567,3.62236964955,3.23926731613,2.92824063769,2.73527354198
49.0666666667,6.03796326057,5.09448648057,4.3921542032,3.91885203348,3.62301523956,3.23607104394,2.92801345323,2.73622343445
49.1666666667,6.04512013449,5.09583719079,4.39551127719,3.92003464412,3.62349715961,3.23383820345,2.92788268983,2.73664425058
49.2666666667,6.05220874169,5.09706766885,4.39912235151,3.92156901492,3.62381532755,3.23141560027,2.92756938792,2.73717360714
49.3666666667,6.05922904816,5.09817785684,4.40261431096,3.92393297382,3.62396966128,3.22880313869,2.92707345406,2.73752076487
49.4666666667,6.06618101993,5.0991676969,4.40567831945,3.92615874732,3.62361336904,3.22600072304,2.92639479485,2.73768562976
49.5666666667,6.07306462305,5.1000371312,4.40886741524,3.92824626631,3.62337161362,3.22266802499,2.9251866046,2.73735316251
49.6666666667,6.07987982364,5.10078610193,4.41193102827,3.93019546175,3.62295958489,3.21941785675,2.92407403582,2.73715247915
49.7666666667,6.08662658782,5.10141455133,4.41486909647,3.93200626462,3.62237719783,3.21597125434,2.92277226787,2.7380461551
49.8666666667,6.09330488176,5.10192242165,4.41768155781,3.93399814328,3.62162436746,3.21232811905,2.92128120437,2.73876397803
49.9666666667,6.09991467165,5.10199471363,4.42036835032,3.93627304572,3.62038606561,3.2095210369,2.91960074897,2.73930585731
50.0666666667,6.10613475279,5.10421663817,4.42292941206,3.93840971498,3.61922701519,3.20763048456,2.91737755469,2.73932498885
50.1666666667,6.11254174749,5.10682890486,4.42536468115,3.94040808218,3.61789107533,3.20741768357,2.91524922905,2.73944652948
50.2666666667,6.11887394757,5.10932769663,4.42734027988,3.94226807852,3.61637815813,3.20702846322,2.91292502857,2.73938566093
50.3666666667,6.12513131652,5.11171295874,4.42945684688,3.94398963521,3.61468817571,3.20646273453,2.91113811804,2.73914228962
50.4666666667,6.13131381785,5.1139846365,4.43144124436,3.94527605602,3.61282104024,3.20572040854,2.90917845251,2.73840754506
50.5666666667,6.13742141512,5.11614267524,4.4332934076,3.94665730734,3.61042995593,3.20593576042,2.90742710893,2.73871079249
50.6666666667,6.14345407191,5.11818702034,4.43501327195,3.94789372286,3.60821199318,3.20814186779,2.90751273187,2.73925458582
50.7666666667,6.14941175185,5.12019753821,4.43660077278,3.94898523096,3.60721721024,3.21026006031,2.90778488876,2.73962234508
50.8666666667,6.15529441858,5.12470697376,4.43805584551,3.94993176005,3.60605178044,3.21221532576,2.90788087192,2.7398139801
50.9666666667,6.16110203581,5.1287886866,4.43907575505,3.95073323859,3.60471561922,3.21400758156,2.90749792078,2.73948916538
51.0666666667,6.16683456723,5.13303124371,4.44108752086,3.95138959507,3.60289986671,3.21533407368,2.90717744382,2.73926072196
51.1666666667,6.17249197662,5.13716725217,4.44462306028,3.95156052725,3.6015120244,3.21673622044,2.90885804572,2.73884969049
51.2666666667,6.17807422775,5.14119666029,4.44884172747,3.95185887326,3.60136920544,3.21796891907,2.91208411177,2.73825597783
51.3666666667,6.18358128444,5.14511941643,4.45294155431,3.95200569084,3.60112900302,3.21903208412,2.91515397937,2.73806641911
51.4666666667,6.18901311054,5.14893546901,4.45692248217,3.95200090562,3.60193758723,3.22110133504,2.91775879023,2.73899343604
51.5666666667,6.19436966993,5.15264476646,4.4607844525,3.95184444326,3.60296090025,3.22379532521,2.92045155787,2.73997592166
51.6666666667,6.19934215116,5.15624725728,4.46452740678,3.95153622946,3.60348665407,3.22597958126,2.92298169514,2.74046757983
51.7666666667,6.20448362227,5.15974288998,4.46781747091,3.95075501846,3.60412768085,3.22829173006,2.92534911896,2.74104497209
