0.0,0,0,0,0,0,0,0,0,0,0
0.1,0,0,0,0,0,0,0,0,0,0
0.2,0,0,0,0,0,0,0,0,0,0
0.3,0,0,0,0,0,0,0,0,0,0
0.4,0,0,0,0,0,0,0,0,0,0
0.5,0,0,0,0,0,0,0,0,0,0
0.6,0,0,0,0,0,0,0,0,0,0
0.7,0,0,0,0,0,0,0,0,0,0
0.8,0,0,0,0,0,0,0,0,0,0
0.9,0,0,0,0,0,0,0,0,0,0
1.0,0,0,0,0,0,0,0,0,0,0
1.1,0,0,0,0,0,0,0,0,0,0
1.2,0,0,0,0,0,0,0,0,0,0
1.3,0,0,0,0,0,0,0,0,0,0
1.4,0,0,0,0,0,0,0,0,0,0
1.5,0,0,0,0,0,0,0,0,0,0
1.6,0,0,0,0,0,0,0,0,0,0
1.7,0,0,0,0,0,0,0,0,0,0
1.8,0,0,0,0,0,0,0,0,0,0
1.9,0,0,0,0,0,0,0,0,0,0
2.0,0,0,0,0,0,0,0,0,0,0
2.1,0,0,0,0,0,0,0,0,0,0
2.2,0,0,0,0,0,0,0,0,0,0
2.3,0,0,0,0,0,0,0,0,0,0
2.4,0,0,0,0,0,0,0,0,0,0
2.5,0,0,0,0,0,0,0,0,0,0
2.6,0,0,0,0,0,0,0,0,0,0
2.7,0,0,0,0,0,0,0,0,0,0
2.8,0,0,0,0,0,0,0,0,0,0
2.9,0,0,0,0,0,0,0,0,0,0
3.0,0,0,0,0,0,0,0,0,0,0
3.1,0,0,0,0,0,0,0,0,0,0
3.2,0,0,0,0,0,0,0,0,0,0
3.3,0,0,0,0,0,0,0,0,0,0
3.4,0,0,0,0,0,0,0,0,0,0
3.5,0,0,0,0,0,0,0,0,0,0
3.6,0,0,0,0,0,0,0,0,0,0
3.7,0,0,0,0,0,0,0,0,0,0
3.8,0,0,0,0,0,0,0,0,0,0
3.9,0,0,0,0,0,0,0,0,0,0
4.0,0,0,0,0,0,0,0,0,0,0
4.1,0,0,0,0,0,0,0,0,0,0
4.2,0,0,0,0,0,0,0,0,0,0
4.3,0,0,0,0,0,0,0,0,0,0
4.4,0,0,0,0,0,0,0,0,0,0
4.5,0,0,0,0,0,0,0,0,0,0
4.6,0,0,0,0,0,0,0,0,0,0
4.7,0,0,0,0,0,0,0,0,0,0
4.8,0,0,0,0,0,0,0,0,0,0
4.9,0,0,0,0,0,0,0,0,0,0
5.0,0,0,0,0,0,0,0,0,0,0
5.1,0,0,0,0,0,0,0,0,0,0
5.2,0,0,0,0,0,0,0,0,0,0
5.3,0,0,0,0,0,0,0,0,0,0
5.4,0,0,0,0,0,0,0,0,0,0
5.5,0,0,0,0,0,0,0,0,0,0
5.6,0,0,0,0,0,0,0,0,0,0
5.7,0,0,0,0,0,0,0,0,0,0
5.8,0,0,0,0,0,0,0,0,0,0
5.9,0,0,0,0,0,0,0,0,0,0
6.0,0,0,0,0,0,0,0,0,0,0
6.1,0,0,0,0,0,0,0,0,0,0
6.2,0,0,0,0,0,0,0,0,0,0
6.3,0,0,0,0,0,0,0,0,0,0
6.4,0,0,0,0,0,0,0,0,0,0
6.5,0,0,0,0,0,0,0,0,0,0
6.6,0,0,0,0,0,0,0,0,0,0
6.7,0,0,0,0,0,0,0,0,0,0
6.8,0,0,0,0,0,0,0,0,0,0
6.9,0,0,0,0,0,0,0,0,0,0
7.0,0,0,0,0,0,0,0,0,0,0
7.1,0,0,0,0,0,0,0,0,0,0
7.2,0,0,0,0,0,0,0,0,0,0
7.3,0,0,0,0,0,0,0,0,0,0
7.4,0,0,0,0,0,0,0,0,0,0
7.5,0,0,0,0,0,0,0,0,0,0
7.6,0,0,0,0,0,0,0,0,0,0
7.7,0,0,0,0,0,0,0,0,0,0
7.8,0,0,0,0,0,0,0,0,0,0
7.9,0,0,0,0,0,0,0,0,0,0
8.0,0,0,0,0,0,0,0,0,0,0
8.1,0,0,0,0,0,0,0,0,0,0
8.2,0,0,0,0,0,0,0,0,0,0
8.3,0,0,0,0,0,0,0,0,0,0
8.4,0,0,0,0,0,0,0,0,0,0
8.5,0,0,0,0,0,0,0,0,0,0
8.6,0,0,0,0,0,0,0,0,0,0
8.7,0,0,0,0,0,0,0,0,0,0
8.8,0,0,0,0,0,0,0,0,0,0
8.9,0,0,0,0,0,0,0,0,0,0
9.0,0,0,0,0,0,0,0,0,0,0
9.1,0,0,0,0,0,0,0,0,0,0
9.2,0,0,0,0,0,0,0,0,0,0
9.3,0,0,0,0,0,0,0,0,0,0
9.4,0,0,0,0,0,0,0,0,0,0
9.5,0,0,0,0,0,0,0,0,0,0
9.6,0,0,0,0,0,0,0,0,0,0
9.7,0,0,0,0,0,0,0,0,0,0
9.8,0,0,0,0,0,0,0,0,0,0
9.9,0,0,0,0,0,0,0,0,0,0
10.0,0,0,0,0,0,0,0,0,0,0
10.1,0,0,0,0,0,0,0,0,0,0
10.2,0,0,0,0,0,0,0,0,0,0
10.3,0,0,0,0,0,0,0,0,0,0
10.4,0,0,0,0,0,0,0,0,0,0
10.5,0,0,0,0,0,0,0,0,0,0
10.6,0,0,0,0,0,0,0,0,0,0
10.7,0,0,0,0,0,0,0,0,0,0
10.8,0,0,0,0,0,0,0,0,0,0
10.9,0,0,0,0,0,0,0,0,0,0
11.0,0,0,0,0,0,0,0,0,0,0
11.1,0,0,0,0,0,0,0,0,0,0
11.2,0,0,0,0,0,0,0,0,0,0
11.3,0,0,0,0,0,0,0,0,0,0
11.4,0,0,0,0,0,0,0,0,0,0
11.5,0,0,0,0,0,0,0,0,0,0
11.6,0,0,0,0,0,0,0,0,0,0
11.7,0,0,0,0,0,0,0,0,0,0
11.8,0,0,0,0,0,0,0,0,0,0
11.9,0,0,0,0,0,0,0,0,0,0
12.0,0,0,0,0,0,0,0,0,0,0
12.1,0,0,0,0,0,0,0,0,0,0
12.2,0,0,0,0,0,0,0,0,0,0
12.3,0,0,0,0,0,0,0,0,0,0
12.4,0,0,0,0,0,0,0,0,0,0
12.5,0,0,0,0,0,0,0,0,0,0
12.6,0,0,0,0,0,0,0,0,0,0
12.7,0,0,0,0,0,0,0,0,0,0
12.8,0,0,0,0,0,0,0,0,0,0
12.9,0,0,0,0,0,0,0,0,0,0
13.0,0,0,0,0,0,0,0,0,0,0
13.1,0,0,0,0,0,0,0,0,0,0
13.2,0,0,0,0,0,0,0,0,0,0
13.3,0,0,0,0,0,0,0,0,0,0
13.4,0,0,0,0,0,0,0,0,0,0
13.5,0,0,0,0,0,0,0,0,0,0
13.6,0,0,0,0,0,0,0,0,0,0
13.7,0,0,0,0,0,0,0,0,0,0
13.8,0,0,0,0,0,0,0,0,0,0
13.9,0,0,0,0,0,0,0,0,0,0
14.0,0,0,0,0,0,0,0,0,0,0
14.1,0,0,0,0,0,0,0,0,0,0
14.2,0,0,0,0,0,0,0,0,0,0
14.3,0,0,0,0,0,0,0,0,0,0
14.4,0,0,0,0,0,0,0,0,0,0
14.5,0,0,0,0,0,0,0,0,0,0
14.6,0,0,0,0,0,0,0,0,0,0
14.7,0,0,0,0,0,0,0,0,0,0
14.8,0,0,0,0,0,0,0,0,0,0
14.9,0,0,0,0,0,0,0,0,0,0
15.0,0,0,0,0,0,0,0,0,0,0
15.1,0,0,0,0,0,0,0,0,0,0
15.2,0,0,0,0,0,0,0,0,0,0
15.3,0,0,0,0,0,0,0,0,0,0
15.4,0,0,0,0,0,0,0,0,0,0
15.5,0,0,0,0,0,0,0,0,0,0
15.6,0,0,0,0,0,0,0,0,0,0
15.7,0,0,0,0,0,0,0,0,0,0
15.8,0,0,0,0,0,0,0,0,0,0
15.9,0,0,0,0,0,0,0,0,0,0
16.0,0,0,0,0,0,0,0,0,0,0
16.1,0,0,0,0,0,0,0,0,0,0
16.2,0,0,0,0,0,0,0,0,0,0
16.3,0,0,0,0,0,0,0,0,0,0
16.4,0,0,0,0,0,0,0,0,0,0
16.5,0,0,0,0,0,0,0,0,0,0
16.6,0,0,0,0,0,0,0,0,0,0
16.6666666667,0.0,0.0,0.0,0.0,0.0,0.0,0.0,0.0,0.0,0.0
16.7666666667,0.0,0.0,0.0,0.0,0.0,0.0,0.0,0.0,0.0,0.0
16.8666666667,0.0,0.0,0.0,0.0,0.0,0.0,0.0,0.0,0.0,0.0
16.9666666667,0.0,0.0,0.0,0.0,0.0,0.0,0.0,0.0,0.0,0.0
17.0666666667,0.0,0.0,0.0,0.0,0.0,0.0,0.0,0.0,0.0,0.0
17.1666666667,0.0,0.0,0.0,0.0,0.0,0.0,0.0,0.0,0.0,0.0
17.2666666667,0.0,0.0,0.0,0.0,0.0,0.0,0.0,0.0,0.0,0.0
17.3666666667,0.0,0.0,0.0,0.0,0.0,0.0,0.0,0.0,0.0,0.0
17.4666666667,0.0,0.0,0.0,0.0,0.0,0.0,0.0,0.0,0.0,0.0
17.5666666667,0.482368896883,0.482369706071,0.482370521404,0.482371342882,0.482372170506,0.482373004275,0.482373844189,0.482374690249,0.482375542454,0.482376400804
17.6666666667,0.479297424049,0.479299261214,0.479301137684,0.47930305346,0.479305008544,0.479307002935,0.479309036636,0.479311109647,0.47931322197,0.479315373604
17.7666666667,0.476260998195,0.476263881383,0.476266864775,0.476269948374,0.476273132185,0.476276416211,0.476279800456,0.476283284925,0.476286869622,0.476290554552
17.8666666667,0.473259030065,0.473262976402,0.473267110561,0.473271432552,0.473275942385,0.473280640072,0.473285525623,0.47329059905,0.473295860364,0.47330130958
17.9666666667,0.470290943519,0.470295969242,0.470301296144,0.470306924245,0.470312853566,0.470319084132,0.470325615964,0.470332449089,0.470339583532,0.470347019322
18.0666666667,0.46735617517,0.467362295664,0.467368855481,0.46737585466,0.467383293239,0.467391171261,0.467399488769,0.467408245811,0.467417442435,0.467427078694
18.1666666667,0.464454174035,0.46446140386,0.464469235028,0.4644776676,0.46448670164,0.464496337218,0.46450657441,0.464517413295,0.464528853956,0.464540896483
18.2666666667,0.461584401191,0.46159275412,0.461601893397,0.461611819116,0.461622531379,0.461634030294,0.461646315979,0.46165938856,0.46167324817,0.46168789495
18.3666666667,0.91755634991,0.917577168593,0.917599993756,0.9176248257,0.917651664749,0.917680511255,0.917711365596,0.917744228176,0.917779099427,0.917815979805
18.4666666667,0.911943701918,0.911968690871,0.911996213898,0.912026271458,0.912058864051,0.91209399222,0.912131656549,0.912171857667,0.912214596243,0.912259872989
18.5666666667,0.906392410383,0.906421626998,0.906453996424,0.906489519334,0.90652819647,0.906570028638,0.90661501671,0.906663161625,0.906714464386,0.906768926063
18.6666666667,0.900901487502,0.90093498617,0.900972344226,0.901013562629,0.901058642438,0.90110758481,0.901160391002,0.901217062371,0.901277600373,0.901342006563
18.7666666667,0.895469966527,0.895507798747,0.895550281583,0.89559741636,0.895649204543,0.895705647746,0.895766747726,0.895832506386,0.895902925776,0.895978008089
18.8666666667,0.890096901209,0.890139115692,0.890186853588,0.890240116674,0.890298906931,0.890363226546,0.890433077913,0.890508463633,0.890589386511,0.890675849563
18.9666666667,0.884781365255,0.884828008026,0.884881125594,0.884940720289,0.885006794726,0.885079351804,0.885158394708,0.885243926907,0.88533595216,0.885434474507
19.0666666667,1.31936989636,1.31944757873,1.31953651784,1.31963671825,1.31974818509,1.31987092406,1.32000494144,1.32015024409,1.32030683945,1.32047473555
19.1666666667,1.31156670895,1.3116536969,1.31175364671,1.31186656431,1.31199245638,1.3121313304,1.3122831946,1.31244805797,1.31262593031,1.31281682217
19.2666666667,1.30384581351,1.3039422154,1.30405345989,1.30417955458,1.30432050807,1.30447632998,1.30464703096,1.30483262267,1.3050331178,1.30524853007
19.3666666667,1.29620593256,1.29631185102,1.29643466216,1.29657437558,1.2967310022,1.29690455427,1.29709504535,1.29730249035,1.29752690551,1.2977683084
19.4666666667,1.28864581488,1.28876134698,1.28889598514,1.2890497413,1.28922262916,1.28941466408,1.28962586315,1.28985624517,1.29010583067,1.29037464188
19.5666666667,1.28116423483,1.28128947232,1.28143618663,1.2816043925,1.28179410685,1.28200534875,1.28223813946,1.28249250243,1.28276846326,1.28306604977
19.6666666667,1.2737599917,1.27389502117,1.27405404995,1.27423709601,1.27444418004,1.27467532544,1.27493055836,1.27520990769,1.27551340506,1.27584108487
19.7666666667,1.68868117014,1.68887501096,1.68910441393,1.68936940801,1.68967002669,1.69000630794,1.69037829429,1.69078603281,1.69122957513,1.69170897743
19.8666666667,1.67901238363,1.67922259074,1.6794721574,1.67976111866,1.68008951517,1.68045739311,1.6808648043,1.6813118061,1.68179846154,1.68232483929
19.9666666667,1.66944209564,1.66966883034,1.66993898998,1.6702526167,1.67060975944,1.67101047394,1.67145482282,1.67194287555,1.67247470849,1.67305040494
20.0666666667,1.65996882983,1.66021224468,1.66050340845,1.66084237137,1.66122919191,1.66166393687,1.66214668137,1.66267750889,1.66325651132,1.66388378897
20.1666666667,1.65059113914,1.65085137831,1.65116393979,1.65152888298,1.65194627729,1.65241620215,1.65293874705,1.6535140116,1.65414210557,1.65482314894
20.2666666667,1.64130760512,1.64158480464,1.6419191404,1.64231068219,1.64275951178,1.64326572297,1.64382942167,1.64445072589,1.64512976588,1.64586668414
20.3666666667,1.63211683716,1.63241112523,1.63276759544,1.6331863292,1.63366742224,1.63421098462,1.63481714079,1.63548602972,1.63621780489,1.63701263447
20.4666666667,2.02889380118,2.02928428261,2.02975909077,2.03031834399,2.03096218173,2.03169076469,2.03250427491,2.03340291588,2.03438691266,2.03545651201
20.5666666667,2.01763450723,2.01805023581,2.01855721886,2.01915559384,2.01984552314,2.02062719418,2.02150081953,2.02246663704,2.02352491004,2.02467592747
20.6666666667,2.00648615126,2.00692733729,2.00746706583,2.00810549581,2.00884281537,2.00967924201,2.01061502278,2.01165043442,2.01278578357,2.01402140705
20.7666666667,1.99544712582,1.99591396794,1.99648698836,1.9971663699,1.99795232948,1.99884511836,1.99984502227,2.00095236168,2.00216749208,2.00349080422
20.8666666667,1.98451585432,1.98500853988,1.98561537511,1.98633656928,1.98717237133,1.98812307012,1.98918899465,1.99037051433,1.99166803936,1.99308202103
20.9666666667,1.97369079024,1.97420949574,1.97485064601,1.97561447951,1.97650128063,1.97751137997,1.97864515462,1.97990302854,1.98128547293,1.98279300669
21.0666666667,1.96297041647,1.9635153079,1.96419125147,1.96499851772,1.96593743014,1.96700836543,1.96821175395,1.96954808012,1.97101788288,1.9726217563
21.1666666667,2.34296107503,2.34364941472,2.34450574824,2.34553044372,2.34672188076,2.34808426732,2.3496165523,2.35131939835,2.35319354339,2.35523980142
21.2666666667,2.33034519986,2.33106937609,2.33197271272,2.33305562611,2.33431643113,2.33575959284,2.3373840643,2.33919059901,2.34118003675,2.34335330457
21.3666666667,2.31784968975,2.31860995401,2.31956099255,2.32070327462,2.32203505878,2.32356107038,2.32528027658,2.32719353137,2.32930178736,2.33160609695
21.4666666667,2.30547285678,2.30626944615,2.3072688555,2.30847161189,2.30987592623,2.31148678786,2.31330318847,2.31532609279,2.31755657789,2.31999583465
21.5666666667,2.29321304436,2.29404618199,2.2950946021,2.2963588947,2.29783723206,2.29953487162,2.30145084054,2.30358622514,2.30594223933,2.30852022635
21.6666666667,2.28106862652,2.28193852208,2.28303656486,2.28436341323,2.28591720999,2.28770348543,2.28972131354,2.29197191366,2.29445664963,2.29717703181
21.7666666667,2.64735932877,2.64841785105,2.64975848864,2.65138164798,2.65328513947,2.65547574086,2.65795244076,2.66071333804,2.66376675997,2.66711162937
21.8666666667,2.63345746522,2.63456367838,2.63596798804,2.63767089495,2.63967020104,2.64197301864,2.64457842288,2.6474843281,2.65069991347,2.65422405721
21.9666666667,2.6196847399,2.62083894449,2.62230777148,2.62409182412,2.62618890868,2.62860648069,2.63134371827,2.63439837558,2.6377804912,2.64148892652
22.0666666667,2.60603939033,2.60724186942,2.60877602294,2.61064256506,2.61283931977,2.61537409504,2.61824618928,2.62145322148,2.62500609865,2.62890369414
22.1666666667,2.59251968589,2.59377070564,2.59537095989,2.59732128255,2.5996195291,2.60227386992,2.60528374173,2.60864665421,2.61237439309,2.61646587373
22.2666666667,2.57912392706,2.58042373731,2.58209083257,2.58412617575,2.58652766797,2.58930385275,2.59245432385,2.5959765083,2.59988308223,2.60417303423
22.3666666667,2.56585044481,2.56719927952,2.56893392325,2.5710554774,2.57356190334,2.57646212916,2.57975592519,2.58344066323,2.58752992286,2.59202279831
22.4666666667,2.91752966219,2.91913229214,2.92119765175,2.92372717436,2.92671862082,2.93017967205,2.93411571947,2.93852127731,2.94340832542,2.94878460973
22.5666666667,2.90263703743,2.90430094754,2.90644998093,2.90908575826,2.91220615057,2.91581909895,2.91993059741,2.92453502469,2.92964492743,2.93526914995
22.6666666667,2.88787863244,2.88960414585,2.89183779206,2.89458139257,2.89783294856,2.90160068291,2.90589121289,2.91069882144,2.91603665375,2.92191468142
22.7666666667,2.87325267086,2.87504009102,2.87735924845,2.88021217955,2.88359703619,2.88752234558,2.89199537014,2.89701033783,2.90258102586,2.90871856417
22.8666666667,2.85875740747,2.86060701873,2.86301254642,2.86597625628,2.86949647211,2.87358204886,2.87824091726,2.88346729225,2.88927561824,2.89567821669
22.9666666667,2.84439112748,2.84630319575,2.8487959145,2.85187179385,2.85552935135,2.85977779398,2.86462574518,2.87006745002,2.87611805693,2.88279111434
23.0666666667,3.18409159496,3.18631837771,3.18922696314,3.19281841535,3.19709489019,3.20206564878,3.20773750112,3.21410664921,3.22119574133,3.22901241366
23.1666666667,3.16821748198,3.17052012304,3.17353379153,3.17725977512,3.1817006389,3.18686605729,3.19276337021,3.19938903429,3.20676708805,3.21490564662
23.2666666667,3.15248288374,3.15486173917,3.15798154628,3.16184383853,3.16645161675,3.17181500281,3.1779419071,3.18482909489,3.19250203799,3.20096939937
23.3666666667,3.1368860004,3.13934140396,3.14256835946,3.14656866895,3.15134579643,3.15691034659,3.16327084236,3.17042441337,3.17839801036,3.18720091562
23.4666666667,3.12142506288,3.12395732672,3.12729239594,3.13143236456,3.13638118814,3.14214999073,3.14874795136,3.15617262157,3.16445247916,3.17359749985
23.5666666667,3.45139630201,3.45429592724,3.45812361489,3.46288151179,3.12155583873,3.12753187717,3.13437105321,3.14207139956,3.15066297176,3.16015651577
23.6666666667,3.43451742003,3.43750825854,3.44146336357,3.44638526715,3.45227681455,3.45915323973,3.46703023138,3.47589896561,3.48579796599,3.49674011062
23.7666666667,3.41778388887,3.42086634736,3.42495007912,3.43003803183,3.43613354712,3.44325258585,3.45141202452,3.46060311553,3.470866465,3.48221595117
23.8666666667,3.40119387187,3.40436833161,3.40858184747,3.41383781404,3.42014011087,3.42750547508,3.43595202554,3.44547117811,3.4561056886,3.46787053675
23.9666666667,3.38474556309,3.38801238076,3.39235678762,3.39778265727,3.40429444992,3.41190972986,3.42064791505,3.43050067415,3.44151298325,3.45370102863
24.0666666667,3.3684371867,3.37179669506,3.37627305087,3.38187063952,3.38859454578,3.3964632136,3.40549741891,3.41568917469,3.42708575139,3.43970465057
24.1666666667,3.68767794558,3.69147876014,3.69655056948,3.70289934559,3.71053414586,3.71947136281,3.72973760589,3.40103429975,3.41282144997,3.42587868708
24.2666666667,3.67004463568,3.67395353519,3.67917824372,3.68572534023,3.6936048081,3.70283383018,3.71344071736,3.725417724,3.7388167452,3.75367044982
24.3666666667,3.65255958308,3.65657699281,3.66195590042,3.66870353418,3.67683085694,3.68635591477,3.69730879594,3.70968241967,3.72353083844,3.73888957377
24.4666666667,3.63522095944,3.63934727717,3.64488162754,3.65183193156,3.66021018648,3.67003537645,3.68133944585,3.69411609649,3.70842165259,3.72429461754
24.5666666667,3.6180269663,3.62226256309,3.62795354532,3.63510857114,3.64374072866,3.65387001687,3.6655303177,3.67871623639,3.69348648744,3.70988269077
24.6666666667,3.60097583443,3.60532105544,3.61116980563,3.61853152567,3.62742045242,3.63785767842,3.64987910741,3.66348037183,3.67872269938,3.69565096662
24.7666666667,3.91008274235,3.91494783207,3.92150558648,3.92976949952,3.93975236831,3.95147669766,3.96499034768,3.98028690109,3.99743086479,3.68159668003
24.8666666667,3.89179149403,3.89678256296,3.90352065185,3.91202029019,3.92229547799,3.93436985294,3.94829406996,3.96406289987,3.98174320211,4.00139597486
24.9666666667,3.87365049026,3.87876797376,3.88568777101,3.8944255023,3.90499644683,3.91742547709,3.9317661442,3.94801456383,3.96624011535,3.98650812388
25.0666666667,3.85565792168,3.86090222572,3.86800504536,3.8769831482,3.8878531707,3.90064132445,3.9154041618,3.93213930383,3.95091882266,3.97181255411
25.1666666667,3.83781200778,3.84318350981,3.85047060772,3.85969127414,3.87086358268,3.88401519064,3.89920576024,3.91643458251,3.93577660048,3.95730635172
25.2666666667,4.13865053697,4.14461066806,4.15270785864,4.16296293929,4.1753971293,3.8675449116,3.88316862202,3.900897913,3.92081078207,3.94298666692
25.3666666667,4.11963365945,4.12573815647,4.1340435026,4.14457193334,4.1573463736,4.17239649116,4.18980083393,4.20955464425,4.2317497015,4.25647153998
25.4666666667,4.10077005504,4.10701938651,4.11553438406,4.12633875978,4.13945724288,4.1549211325,4.17281313834,4.19313015237,4.21596786548,4.24141664808
25.5666666667,4.08205791316,4.0884525157,4.09717859578,4.10826141526,4.12172760854,4.13761024418,4.15599632936,4.17688462252,4.20037495161,4.2265627875
25.6666666667,4.06349545152,4.07003573076,4.07897426154,4.09033793014,4.10415537916,4.12046158751,4.13934800016,4.16081546369,4.18496817573,4.21190698111
25.7666666667,4.35644180559,4.36364369476,4.37350030869,4.07256636778,4.0867384997,4.1034729644,4.12286578944,4.14492013626,4.16974481181,4.19744631767
25.8666666667,4.33677245978,4.34413796151,4.35423217518,4.36708777277,4.38273711699,4.40122427732,4.42265776487,4.44704374188,4.15470219045,4.18317795012
25.9666666667,4.317258731,4.32478834217,4.33512176447,4.34829364761,4.36433865093,4.38330335866,4.40530146299,4.43034203516,4.45854684913,4.49004858698
26.0666666667,4.29789881535,4.30559299858,4.31616716917,4.32965804731,4.34610271998,4.36555045916,4.38812032059,4.41382455804,4.44278997143,4.4751565469
26.1666666667,4.27869093663,4.28655012128,4.29736651242,4.31117899527,4.32802721799,4.34796331681,4.37111189903,4.39748868074,4.42722580226,4.46047091229
26.2666666667,4.56409797522,4.57269649253,4.27871794733,4.29285454759,4.31011007503,4.33053971023,4.3542738055,4.38133182544,4.41185157411,4.4459887333
26.3666666667,4.54384268464,4.55262489023,4.56474153003,4.58024230064,4.59917118058,4.62159260932,4.64764827432,4.36535146505,4.39666457711,4.43170712583
26.4666666667,4.52374475911,4.53271117278,4.54509811042,4.56095795519,4.58033763413,4.60330523203,4.63000853122,4.6604807165,4.69487678401,4.73339349091
26.5666666667,4.50380240794,4.51295351305,4.52561238814,4.54183421727,4.56166904227,4.58518880799,4.61254763612,4.64378374304,4.67905843061,4.71857939976
26.6666666667,4.4840138674,4.49335011195,4.50628249268,4.52286911092,4.54316329258,4.56724106156,4.59526312989,4.62727309366,4.66343897377,4.70397987165
26.7666666667,4.76221126859,4.47389919784,4.48710658292,4.50406069242,4.52481830855,4.54945975756,4.57815259935,4.61094616588,4.64801562151,4.68959194079
26.8666666667,4.74143058631,4.75179195382,4.76618037023,4.78466182461,4.80729879269,4.83418753466,4.56121367619,4.5948004083,4.63278564026,4.67541270846
26.9666666667,4.72080849861,4.73137492772,4.74606630263,4.76495197061,4.78809822164,4.81560662692,4.84765906594,4.88433386087,4.61774635339,4.66143934129
27.0666666667,4.70034323326,4.71111522301,4.72611128563,4.74540426923,4.7690644847,4.79719907456,4.82999706175,4.867544832,4.91003729394,4.95777990321
27.1666666667,4.68003304423,4.69101105635,4.70631346083,4.72601675154,4.75019547034,4.77896259672,4.8125146293,4.85094643932,4.89446060218,4.94337887249
27.2666666667,4.95133146083,4.96321594865,4.68667099861,4.70678748028,4.73148910258,4.76089495274,4.79520934498,4.83453606824,4.87908592306,4.92919756249
27.3666666667,4.93008057445,4.94219116205,4.95911057355,4.98092889305,5.00773168855,5.0396542537,4.77807882998,4.81831115544,4.86391051558,4.91523308227
27.4666666667,4.90898906092,4.92132629758,4.93858276266,4.96085282934,4.98822697678,5.02084751251,5.05894435982,5.10264641909,4.84893169626,4.90148260745
27.5666666667,4.88805517071,4.90061956556,4.91821489414,4.94093999204,4.96889050279,5.00221606686,5.04115548455,5.08584798239,5.13655221872,5.1936796011
27.6666666667,4.86727717974,4.88006920287,4.8980051265,4.9211884246,4.94972016221,4.98375763807,5.02354894809,5.06924417572,5.12111324762,5.17958700767
27.7666666667,5.13196805418,5.14575514252,4.87795164636,4.9015962016,4.93071388574,4.96546998733,5.00612232548,5.05283238404,5.10588204992,5.16572239565
27.8666666667,5.11029731093,5.1243327482,5.14405577277,5.16958627178,5.2010368401,4.94735091481,4.9888732364,5.0366100436,5.09085589315,5.15208290465
27.9666666667,5.08878632625,5.10307066826,5.12316626258,5.14919842405,5.18128584328,5.21962556282,5.26451256703,5.02057464077,5.07603210275,5.1386657419
28.0666666667,5.06743337675,5.08196713756,5.10243718291,5.12897446349,5.16170407472,5.20083256777,5.24666644409,5.29940441045,5.35939721805,5.12546818076
28.1666666667,5.04623676365,5.06102041673,5.08186671311,5.10891245047,5.14228944256,5.18221414353,5.22900508584,5.28287410647,5.34418797112,5.41351180849
28.2666666667,5.30459434934,5.32046675923,5.34287134419,5.0890104758,5.1230398894,5.16376805945,5.21152607425,5.26653958594,5.32919222673,5.40007376961
28.3666666667,5.28254972609,5.29869340011,5.32150547135,5.35113778659,5.38775071627,5.43158476208,5.19422703557,5.25039829564,5.31440727658,5.38686945558
28.4666666667,5.26066490592,5.27708040058,5.30030198689,5.33048805632,5.36780718593,5.41251078179,5.46497742323,5.23444773239,5.29983047071,5.37389612907
28.5666666667,5.23893819427,5.25562602292,5.2792590671,5.31000251422,5.348033511,5.39361484488,5.44713962427,5.50889833525,5.57934906343,5.36115112002
28.6666666667,5.21736792033,5.23432855437,5.2583749154,5.28967924128,5.32842761673,5.37489469584,5.42948874388,5.49251774612,5.56446022387,5.64604613099
28.7666666667,5.46964991606,5.487796213,5.51354855291,5.5470905025,5.30898746219,5.35634811798,5.41202237839,5.47633656289,5.54979069279,5.63314456102
28.8666666667,5.44727343316,5.46571451979,5.49191259388,5.52605886539,5.56837183199,5.61915882113,5.39473816803,5.46035225343,5.53533780204,5.6204858029
28.9666666667,5.42505650164,5.44379292974,5.4704388216,5.50519332566,5.54828543164,5.60003569804,5.66093193064,5.44456233545,5.52109894201,5.60806719982
29.0666666667,5.40299745783,5.42202973482,5.44912543983,5.48449195854,5.5283692007,5.58109153381,5.64316542943,5.71498556911,5.50707156039,5.59588616354
29.1666666667,5.65037597277,5.67067322824,5.42797067865,5.46395286886,5.50862108544,5.56232409249,5.62558778269,5.69882825371,5.78267800782,5.58394017284
29.2666666667,5.62754538001,5.64816096803,5.67756504693,5.71599488412,5.48903906526,5.54373117633,5.60819660815,5.68287390414,5.7684235034,5.86582422088
29.3666666667,5.60487548364,5.62580999222,5.65569929423,5.6947901157,5.74336769241,5.80182819906,5.59098956696,5.66712001949,5.75439170386,5.85382277233
29.4666666667,5.58236462997,5.60361860046,5.63399525651,5.67375112738,5.7231843957,5.78270775439,5.85293733022,5.6515641485,5.74058005602,5.84207133811
29.5666666667,5.56001118778,5.58158511614,5.61245116703,5.65287602155,5.70317131419,5.76376694352,5.8353020981,5.91830641927,5.72698606427,5.83056743903
29.6666666667,5.80175041934,5.82469315027,5.85754360195,5.63216292942,5.68332641846,5.74500355461,5.81785749998,5.90244453311,5.999587166,5.81930866457
29.7666666667,5.77866237459,5.80194813847,5.83532236296,5.87908514277,5.93359407779,5.72641541338,5.80060118149,5.88678918618,5.98583699839,6.09900618141
29.8666666667,5.75573426066,5.77936363071,5.81326389159,5.85774661482,5.91318492189,5.98007421269,5.78353083108,5.87133791892,5.97231593376,6.08777641943
29.9666666667,5.7329644583,5.75693796022,5.79136642706,5.83657330831,5.89294782782,5.96100515353,6.04153104178,5.85608832112,5.95902149215,6.07680742161
30.0666666667,5.97014444391,5.99556982032,5.76962823382,5.81556335492,5.87288076111,5.94211620929,6.02408450973,6.11948103904,5.94595125162,6.06609684784
30.1666666667,5.94667081132,5.97246382484,6.009571694,6.0583564301,5.85298171957,5.92340519625,6.00683029325,6.10398532044,6.21592399152,6.05564242862
30.2666666667,5.92335775623,5.94951901002,5.9871926977,6.03675424537,6.09866232885,5.90486996753,5.9897660719,6.08869981028,6.20276803148,6.33359566775
30.3666666667,5.90020367343,5.92673372112,5.96497552314,6.01531837892,6.0782398938,6.15435821576,5.97288956752,6.0736221004,6.18984803455,6.32325592873
30.4666666667,6.13296988205,5.9041063259,5.94291844279,5.99404696564,6.0579891054,6.13538684881,6.22723520116,6.05874983173,6.17612335219,6.31318881269
30.5666666667,6.10914112945,6.13760278501,6.17869933865,5.97293816822,6.0379079596,6.11659592321,6.21003319175,6.31911592372,6.16173377961,6.30339215207
30.6666666667,6.08547338262,6.1143284226,6.15603165336,6.21103678939,6.27989474867,6.09798328701,6.19302513265,6.3040562849,6.42728966813,6.29386385249
30.7666666667,6.06196505217,6.09121405555,6.13352638307,6.18937200346,6.25932353813,6.34413421089,6.17620874324,6.28921070248,6.41278967341,6.28460189148
30.8666666667,6.29045656973,6.06825806507,6.11118181034,6.16787255289,6.23892539616,6.32512199035,6.42765279523,6.2745768299,6.39852914865,6.5611834121
30.9666666667,6.26630122206,6.29759563516,6.34294486462,6.14653660581,6.21869831984,6.30629257234,6.41055159757,6.26015236947,6.38450554141,6.55214211622
31.0666666667,6.24230711089,6.27402052529,6.32001840808,6.38084197963,6.1986403376,6.28764380393,6.39364826995,6.51780770174,6.37071635835,6.54338470157
31.1666666667,6.21847266413,6.25060568178,6.2972547581,6.35897992868,6.43646616363,6.26917356822,6.37694053527,6.503253821,6.63384079203,6.53490928733
31.2666666667,6.19479632997,6.22734950095,6.2746522092,6.3372838989,6.41595535643,6.51161345397,6.36042615834,6.48891810799,6.62000861525,6.52671406792
31.3666666667,6.41836661888,6.45266253639,6.25220907957,6.31575206602,6.39561686354,6.4927852709,6.60871830647,6.47479828833,6.60642234869,6.80251461543
31.4666666667,6.39407267913,6.42881368779,6.47937910049,6.54640562036,6.37544871711,6.47413997945,6.59196704268,6.46089213629,6.59307953958,6.79463024422
31.5666666667,6.36993847458,6.40512519661,6.45638502855,6.5243761146,6.60992455615,6.45567546554,6.57541530136,6.71614692856,6.57997779468,6.787044851
31.6666666667,6.34596247153,6.38159547565,6.43355227931,6.50251313913,6.5893342559,6.6951427883,6.55906085699,6.70216885036,6.56711477914,6.77975681292
31.7666666667,6.56554259137,6.60301271356,6.41087918411,6.48081487921,6.56891736274,6.67635404654,6.5429015253,6.68710245865,6.8279414757,6.77276458666
31.8666666667,6.5409736972,6.5789154704,6.63432474342,6.45927954651,6.54867191505,6.65775034575,6.78831107201,6.67179211553,6.81511648879,6.76606670748
31.9666666667,6.51656444878,6.55497851252,6.61112642017,6.68578646948,6.52859598153,6.63932957825,6.77196220482,6.65669888369,6.80254215215,7.04164901226
32.0666666667,6.49231333155,6.53120027037,6.58808947773,6.66378463615,6.75930391358,6.62108967155,6.75581461709,6.90782181154,6.79021619136,7.03537645423
32.1666666667,6.70802345427,6.74884371635,6.56521226199,6.64194787835,6.73884004423,6.85727437736,6.73986614046,6.89264024872,6.77813639105,7.02941864665
32.2666666667,6.68320292771,6.72452184297,6.78506203147,6.62027441866,6.71854858577,6.83874941992,6.72411464718,6.87768425725,7.03729342718,7.02377436116
32.3666666667,6.65854181271,6.70036003524,6.76168419453,6.84342721018,6.69842761522,6.82040948321,6.96689387796,6.86295152169,7.02531952251,7.01844245368
32.4666666667,6.63403861477,6.67635674224,6.73846764677,6.82131318649,6.92609637154,6.80225250457,6.95099884096,6.84843977565,7.01360425582,7.01342186377
32.5666666667,6.84599458369,6.89034328701,6.71541074982,6.79936445428,6.90561548777,7.03581006547,6.9353070027,7.09733255379,7.00214549212,7.28944299428
32.6666666667,6.82094430602,6.865819075,6.93178426299,6.77757924867,6.8853078651,7.0173998413,6.9198162575,7.08278699388,6.99094115652,7.28496986098
32.7666666667,6.79605307506,6.84145457582,6.90825016686,6.99750257135,6.86517159102,6.99917668058,7.16052754709,7.06847111149,7.24878235548,7.28083043247
32.8666666667,6.77131941705,6.81724825799,6.88487713307,6.97530156711,7.08993833286,6.98113853387,7.14493078486,7.0543826803,7.23775306678,7.27702394921
32.9666666667,6.97963233607,7.0276928368,6.86166354004,6.95326594161,7.06946930947,6.96328338593,7.12954143004,7.0405195229,7.22699135435,7.27354974281
33.0666666667,6.95437284558,7.00298726895,7.07467549875,6.93139394384,7.04917429683,7.1939568732,7.11435740524,7.28748098152,7.21649524576,7.55035730855
33.1666666667,6.92927191903,6.97844094004,7.05100701451,7.14821070499,7.02905139491,7.17588544281,7.09937667338,7.27363931194,7.20626283015,7.54753463091
33.2666666667,6.904328104,6.95405233873,7.02749924387,7.12594673069,7.00909873255,7.15800106387,7.33791953074,7.26003189356,7.46313686651,7.54506875482
33.3666666667,7.1091038568,7.16106115695,7.00415058296,7.10384810598,7.23061585048,7.14030173751,7.32223730663,7.24665660068,7.45314949093,7.54295938068
33.4666666667,7.08365443326,7.13619390057,7.21391554028,7.08191309502,7.21036101915,7.36866916989,7.30580378045,7.23351135648,7.44343975673,7.54120630974
33.5666666667,7.05836298472,7.11148530053,7.1901334123,7.29573899138,7.19027897837,7.35078357666,7.28957844111,7.47882502065,7.43400588012,7.53980944406
33.6666666667,7.26034895966,7.08693386622,7.16651153747,7.27343480131,7.170367871,7.33308707608,7.27355916484,7.46575624083,7.42484614081,7.81578083328
33.7666666667,7.2345689976,7.29061306657,7.14304833035,7.25129582847,7.38926571718,7.31557768885,7.50833950923,7.45292685166,7.41595888106,7.81112778888
33.8666666667,7.20894775143,7.26560265692,7.34967020257,7.22932035324,7.36907780076,7.29825346894,7.49225019097,7.44033484045,7.6722709487,7.80681714213
33.9666666667,7.18348379571,7.24075022233,7.32579388716,7.44026684396,7.34906328526,7.52411810695,7.47637298273,7.68441115385,7.66371762632,7.80284814653
34.0666666667,7.38211334354,7.21605429333,7.30207726499,7.41794402608,7.32922032931,7.50664330258,7.46070579316,7.67194037871,7.65545176317,7.79922014509
34.1666666667,7.35617936441,7.41650169063,7.27851876972,7.39578620194,7.54561956839,7.48935769808,7.69371329564,7.65971673219,7.64747186003,7.79256183779
34.2666666667,7.33040330793,7.39136550945,7.48210166395,7.37379166915,7.5255243119,7.47225937008,7.67801113599,7.64773827821,7.63977648297,8.06444635706
34.3666666667,7.30478377151,7.36638653372,7.45814957503,7.58196922379,7.50560301195,7.69612762407,7.66252518576,7.63600313101,7.89591236129,8.05811609193
34.4666666667,7.50015211208,7.34156331551,7.43435652926,7.55964844326,7.48585384458,7.67890779698,7.6472533921,7.87896063275,7.88862715651,8.05212598546
34.5666666667,7.4740801846,7.53887567763,7.41072097998,7.53749235147,7.69987153169,7.66187930397,7.63219374252,7.86740320364,7.8816425814,8.04647491361
34.6666666667,7.44816530935,7.51363009248,7.61136303649,7.51549926412,7.67989378809,7.64504024759,7.86337825478,7.85609933989,7.8749573933,8.03831319484
34.7666666667,7.42240610669,7.48854086355,7.58735253581,7.7210118226,7.66009051592,7.62838876271,7.84832679455,7.84504724722,7.86857041828,8.02992171494
34.8666666667,7.6146040506,7.68337348681,7.56350034754,7.69871274175,7.64045991013,7.85011451213,7.83349384712,7.83424518232,8.12490072505,8.02130798665
34.9666666667,7.58840927474,7.6578770616,7.53980494513,7.67657797363,7.85221364612,7.8333760779,7.81887744506,8.07637484434,8.11900295137,8.2875126163
35.0666666667,7.56237061162,7.6325374929,7.73760290167,7.65460585281,7.83237773633,7.8168293133,7.80447566083,8.06580842076,8.11342080039,8.27711013672
35.1666666667,7.75206217897,7.60735335942,7.71355045184,7.85755684918,7.8127167831,7.80047238227,8.03407509541,8.05550287956,8.10675957215,8.26702288832
35.2666666667,7.72560229353,7.79921503041,7.68965551077,7.83529836327,7.79322900186,8.02049906965,8.01972537696,8.0454565855,8.09962883497,8.25724898874
35.3666666667,7.69929886855,7.77364013091,7.88519855251,7.81320375125,8.00282969932,8.00408380309,8.00559686438,8.03566795528,8.0927932446,8.24778662881
35.4666666667,7.6731505552,7.74822108031,7.8609615514,7.79127136728,7.98315923715,7.98786253135,7.99168768232,8.27726411413,8.34684732487,8.23863407162
35.5666666667,7.8598273422,7.72295647982,7.83688269491,7.99175808442,7.96366419998,7.9709997361,8.22005718771,8.26777091316,8.33728187531,8.50452028307
35.6666666667,7.83327323713,7.91193426651,7.81296047868,7.969558229,7.94434282514,8.18799845831,8.20623507294,8.25854692394,8.32716846313,8.49422781881
35.7666666667,7.80687451311,7.88629462488,8.00582325973,7.94752175506,7.9251933763,8.17051129008,8.19263912705,8.24959068998,8.31678277662,8.48320475096
35.8666666667,7.99116458357,7.86080976692,7.98157556724,7.92564703698,8.13241645347,8.15322195044,8.17926753409,8.24090080815,8.30668606648,8.47250368862
35.9666666667,7.96437329189,8.04750116851,7.95748507106,8.12376355925,8.11311031966,8.13612854565,8.16611851809,8.23247592802,8.55649689929,8.46212263459
36.0666666667,7.93773757005,8.02165466589,7.93355028826,8.10163957513,8.09397833579,8.11922921429,8.39331631438,8.47392242253,8.54676683097,8.44986032428
36.1666666667,7.91125610135,7.99596320032,8.12381827238,8.07967843516,8.07501878844,8.33434694739,8.38029843343,8.46586794269,8.53734060891,8.70947659162
36.2666666667,8.09267668867,7.97042540204,8.09957390132,8.05787853444,8.28032308463,8.31741197427,8.36751027972,8.45675868161,8.52821660855,8.69657421683
36.3666666667,8.06581683197,8.15437919428,8.07548572662,8.25371591872,8.26122831289,8.30067503427,8.35495014491,8.44734506803,8.51683146519,8.68399199454
36.4666666667,8.03911135071,8.12849420716,8.05155228694,8.23168431322,8.24230818814,8.28413430077,8.34261636058,8.43819495506,8.504172919,8.67172763151
36.5666666667,8.21825855608,8.1027630726,8.2393078899,8.20981497767,8.22356102122,8.49776082001,8.56887183796,8.67760481974,8.74811841484,8.65977890758
36.6666666667,8.1911869031,8.28454512368,8.21508009277,8.18810632842,8.42704880464,8.48121141078,8.55671406872,8.66880726816,8.7343640364,8.64814367457
36.7666666667,8.16426967732,8.25847919787,8.19100744681,8.38175600022,8.40818740386,8.46486225708,8.54479016548,8.66028526964,8.72089979639,8.63681985518
36.8666666667,8.13750559505,8.2325672395,8.3767677415,8.35983277168,8.38950116839,8.44871157033,8.53309853655,8.6520375338,8.70772348906,8.89577742032
36.9666666667,8.31391847527,8.20680790909,8.35241364502,8.3380712081,8.37098843464,8.66096485045,8.75866040217,8.64406282314,8.69483296919,8.88485239662
37.0666666667,8.28680126439,8.38599071928,8.32821504978,8.31646974749,8.57276394368,8.64483186053,8.74718130047,8.88348116661,8.68222615114,8.87425711872
37.1666666667,8.25983719254,8.35990994044,8.30417052021,8.50801753542,8.55415783023,8.62890149711,8.73594236566,8.87549643518,8.92530533112,8.86342720378
37.2666666667,8.43408137901,8.3339818463,8.48756207738,8.48621806131,8.5357274313,8.61317201302,8.72494209204,8.86535454713,8.91300600604,8.85067123739
37.3666666667,8.40677546907,8.51109896911,8.46325028663,8.46457962361,8.51747111018,8.59764169248,8.7141790148,8.85510394431,8.90100375996,8.83823544456
37.4666666667,8.37962263215,8.48486088667,8.43909285466,8.65445589054,8.71763267567,8.8084933483,8.93921335489,8.8442286391,8.88792345932,8.8261176012
37.5666666667,8.35262161805,8.45877548429,8.6205987858,8.63263322041,8.6993034723,8.79301343828,8.92870913351,9.07934974581,8.87422009338,9.08188224783
37.6666666667,8.52425946032,8.43284145357,8.59618607331,8.61097247777,8.6811505752,8.77773699171,8.91787980706,9.06880308701,8.86080672725,9.07016960127
37.7666666667,8.49692863473,8.60748908347,8.57192795578,8.58947212473,8.66317237588,8.76266233772,8.90621046598,9.05669796454,9.09936804785,9.05879281735
37.8666666667,8.46974951837,8.58125740267,8.54782302489,8.77739472843,8.86181643147,8.97240653512,8.89477724933,9.04452738084,9.08342062082,9.0477498254
37.9666666667,8.6393175467,8.55517703933,8.72709550333,8.75572575774,8.84378554097,8.95740866598,9.11770928558,9.03115209946,9.06776754162,9.03703863079
38.0666666667,8.61181907439,8.72785997717,8.70274855207,8.73421803445,8.82593160266,8.94261704193,9.1065250572,9.01678625371,9.05240632523,9.02665731395
38.1666666667,8.58447214392,8.70149260731,8.67855497525,8.71287004375,8.80825303759,8.92803004075,9.09558502827,9.24640661307,9.03733454766,9.28219160925
38.2666666667,8.75201198434,8.67527644681,8.85604745583,8.898921342,9.00547429395,9.1367913891,9.08488777316,9.23227158304,9.27354460084,9.27229367999
38.3666666667,8.72435579181,8.64921021887,8.83162309089,8.8774200621,8.98776297187,9.12230807939,9.07443190656,9.21840743154,9.25873838461,9.26132219566
38.4666666667,8.69685092334,8.81954405883,8.80735223848,8.85607934369,8.97022931361,9.10803401579,9.29699579719,9.20481216541,9.24080337928,9.24949418236
38.5666666667,8.86240305675,8.79320221882,8.78323351862,9.04063633811,8.95287177117,9.09396762879,9.28683430633,9.19148384154,9.22316416312,9.23787782534
38.6666666667,8.83459867316,8.76701016158,8.95861802944,9.01915494344,9.14762460958,9.08010737972,9.27692278864,9.41955079387,9.20581800424,9.22301687378
38.7666666667,8.80694534866,8.9354742865,8.93428086333,8.99783491179,9.12904853419,9.28792421486,9.26725996062,9.40386587826,9.18876223236,9.20791175615
38.8666666667,8.77944188795,8.90901652078,8.91009592793,8.97667475588,9.11065296222,9.27420065526,9.25784457977,9.38845270797,9.42026539773,9.45617651603
38.9666666667,8.94260648944,8.88270834064,9.0837979142,9.15949769706,9.09243628885,9.26068807734,9.48027564368,9.37330911254,9.40343508282,9.44135455992
39.0666666667,8.91481382042,9.04934251526,9.05940500654,9.13821142159,9.2857516544,9.2473849995,9.47120239581,9.35843297167,9.38690638441,9.42684204095
39.1666666667,8.88717071689,9.02277819533,9.03516438527,9.11708580501,9.26751716223,9.45448086549,9.46238575599,9.58376833759,9.37067671074,9.41246352372
39.2666666667,9.04843547459,8.99636321941,9.01107469959,9.0961193843,9.24946370994,9.44134199655,9.45382459657,9.56877640121,9.35474353214,9.395585025
39.3666666667,9.02051221158,8.97009635171,9.18278940933,9.27728529633,9.2315897251,9.42841769078,9.44406005725,9.55188275717,9.33910437996,9.37713990534
39.4666666667,8.99273817456,9.13454428139,9.15850335388,9.25620712211,9.42362483134,9.41570652839,9.66207353044,9.53525922593,9.5695194417,9.35899160007
39.5666666667,9.15214012273,9.1080314737,9.13436825633,9.23528891238,9.40575188124,9.40314274865,9.64955305308,9.51890353439,9.5541658907,9.6010566483
39.6666666667,9.12409467071,9.0816665005,9.30449492494,9.41512521704,9.38806059038,9.60818918195,9.63624070869,9.50281345882,9.53911823888,9.58312774087
39.7666666667,9.09619806662,9.24437163341,9.28017333617,9.39410691598,9.37054942001,9.59446413295,9.62317508627,9.72456573742,9.52437411411,9.56551034888
39.8666666667,9.2537740169,9.21776964655,9.25600269073,9.37324933403,9.56139743129,9.58095278818,9.61035455697,9.70870006301,9.5099312061,9.54820168549
39.9666666667,9.2256144567,9.19131518142,9.23198166761,9.35255103863,9.54390630977,9.56765369656,9.82669607678,9.6931088619,9.49578726539,9.53119902921
40.0666666667,9.1976033303,9.35231401162,9.40023317723,9.53085835334,9.52659755906,9.77205965015,9.81282822493,9.67588555995,9.7254898566,9.5144997228
40.1666666667,9.3533884002,9.32563116524,9.37603651602,9.51007371964,9.50946967538,9.75894667958,9.7980976003,9.65741270488,9.71169408954,9.49810117207
40.2666666667,9.32512249564,9.29909549134,9.35198943585,9.4894491221,9.69921401208,9.74605105719,9.78361500552,9.87298121562,9.69585764928,9.73872691424
40.3666666667,9.29700457703,9.4584235669,9.51874013037,9.4689831534,9.6821248048,9.7333713952,9.76937866023,9.8529911756,9.67988775547,9.72261905367
40.4666666667,9.45103296308,9.43166786169,9.4945266689,9.6458307102,9.66521878519,9.93725272774,9.98235444945,9.83328297761,9.66133948055,9.70682739875
40.5666666667,9.42266817424,9.40505894564,9.47046271612,9.62529187229,9.6484944859,9.92478607683,9.96607858863,9.81385395323,9.64274365603,9.69134942432
40.6666666667,9.39445089201,9.56275090014,9.63575230376,9.60491241268,9.83722166778,9.91254073615,9.95005343253,9.79470148741,9.86546878926,9.67618267037
40.7666666667,9.54675666427,9.53593003121,9.61153104847,9.78058770462,9.82055462513,9.90051538633,9.93427703626,9.77582301747,9.84707577797,9.66132474096
40.8666666667,9.51830016705,9.50925553628,9.58745920014,9.7601464591,9.80407170384,9.88870873873,9.91874749544,9.98995490398,9.82897149932,9.6446484455
40.9666666667,9.48999066767,9.66534665465,9.56353547573,9.73986533823,9.78777147439,10.0921977038,10.1289477804,9.97127123286,9.81115339483,9.87992337289
41.0666666667,9.6406062936,9.6384680613,9.72710389926,9.71974296777,9.97557183026,10.0806379091,10.1136415688,9.95286923067,9.79361896115,9.86136150919
41.1666666667,9.61206498479,9.61173539671,9.70303284765,9.89407890214,9.95934774406,10.0693024912,10.09858884,9.9347464027,9.77636574903,9.84311459469
41.2666666667,9.58367013763,9.58514749635,9.67910979932,9.87390774243,9.94330883994,10.0581902358,10.0828057541,9.91690030623,9.99787143306,9.82517979934
41.3666666667,9.73262725178,9.73932947398,9.84129807157,9.85389608814,9.92745372783,10.2614056845,10.0660375146,10.1299370891,9.98087325253,9.80647535116
41.4666666667,9.70400776056,9.71254577017,9.8172362374,10.027154142,10.1144080538,10.2505680285,10.2732460071,10.1123228396,9.96227812215,9.78453183439
41.5666666667,9.67553416922,9.68590636742,9.79332226151,10.0071043764,10.0986477149,10.2385062595,10.2566824402,10.0936854587,9.94190197476,9.7625155897
41.6666666667,9.8228636005,9.8385604159,9.95416507669,9.98721487553,10.0830737598,10.2265067749,10.240372517,10.0742318336,9.92150017266,9.99102371813
41.7666666667,9.79417229937,9.81173253598,9.93012062187,9.96748430019,10.2693465527,10.2147295668,10.2243142919,10.0550543903,10.1374934363,9.96918746469
41.8666666667,9.76562631259,9.78504846794,9.9062238582,10.1395224404,10.2538823749,10.4161054804,10.2085058598,10.2637440366,10.1172885575,9.94767168957
41.9666666667,9.91135887666,9.93620570773,10.0657551401,10.1193738641,10.2386072636,10.4045947635,10.4149422399,10.2428449031,10.0973840378,9.92647312161
42.0666666667,9.88260189897,9.90934025843,10.04173598,10.0988922966,10.2235198902,10.3933120682,10.3993728955,10.2222235666,10.0777770555,9.9055885582
42.1666666667,9.85398962795,9.88261810764,10.0178643239,10.0785713356,10.4090983181,10.382256208,10.3837027422,10.2014863587,10.058464848,9.8850148639
42.2666666667,9.99815387444,10.0323104616,9.9941389363,10.2485108952,10.3940847228,10.583428235,10.3660072826,10.180433488,10.0394447101,9.86474896912
42.3666666667,9.96933711013,10.005413841,10.1521335412,10.228164674,10.378150605,10.5710222099,10.3485641047,10.1596482209,10.254123197,10.0913729505
42.4666666667,9.9406644243,9.97865998275,10.1282947496,10.2079797283,10.3624048771,10.5582944059,10.5515931831,10.364851286,10.2353481693,10.070070122
42.5666666667,10.0832904536,10.1269155541,10.1046020293,10.3769250346,10.5461365938,10.5450881209,10.5343655323,10.3442330125,10.2168755337,10.0490818517
42.6666666667,10.0544195801,10.0999938869,10.261361183,10.3567250559,10.5305138312,10.531805259,10.5173961222,10.323889366,10.1987026486,10.0284050265
42.7666666667,10.0256921377,10.0732144249,10.2375627918,10.3366870312,10.5150821082,10.7294893612,10.5006829498,10.303817807,10.1808269303,10.0080365988
42.8666666667,10.1668070815,10.2200636741,10.2139102578,10.3168096329,10.4998401032,10.7153225871,10.4842240528,10.2840158442,10.163245852,9.98797358453
42.9666666667,10.1378875513,10.1931228961,10.3694656588,10.4844641798,10.6829274848,10.6995832931,10.686508751,10.4879980796,10.3769261204,9.96821306247
43.0666666667,10.1091107873,10.1663237466,10.3457149935,10.4637343488,10.6678267405,10.6829805903,10.6698678759,10.4683952894,10.3596398858,10.1918680606
43.1666666667,10.2487418391,10.3117965075,10.3221099568,10.4431676161,10.6529184896,10.6666040939,10.6501371885,10.44906942,10.3426591476,10.172360538
43.2666666667,10.2197788957,10.2848423748,10.4764926437,10.6091870162,10.6382014559,10.8596781256,10.6306577415,10.4300180365,10.3247617677,10.1489247949
43.3666666667,10.1909580372,10.2580292753,10.4527968299,10.5886153684,10.8207262044,10.8435012145,10.6114273766,10.4101122019,10.3046636051,10.1255179406
43.4666666667,10.3291324985,10.4021516223,10.4292464028,10.5682074176,10.8061689266,10.8275547792,10.8084069683,10.3901941917,10.2848617082,10.1024228966
43.5666666667,10.3001311918,10.3751896443,10.5824867779,10.5479618287,10.7918057786,10.8118371948,10.7884898414,10.5916202093,10.493861271,10.0796363723
43.6666666667,10.4371915455,10.3483680875,10.5588527512,10.7128987809,10.7776355318,11.0043281666,10.7688253594,10.5719129006,10.4743170534,10.0571551418
43.7666666667,10.4080150531,10.4911685339,10.5353638581,10.6926598851,10.9596793285,10.9888319498,10.7475315174,10.5524822258,10.4550789961,10.2743758508
43.8666666667,10.37898024,10.4642040575,10.5120189218,10.6725839757,10.945687581,10.9727140651,10.7264910443,10.5333257643,10.4361443857,10.2520990642
43.9666666667,10.5146290808,10.4373793744,10.6639287406,10.8366425033,10.9318917964,10.9557581184,10.9202094814,10.5144411429,10.4175105672,10.2301396994
44.0666666667,10.4854244881,10.5788827001,10.6405082234,10.8165828302,10.9182907959,10.9390312717,10.8993346023,10.714882496,10.3989364759,10.2060438948
44.1666666667,10.4563608402,10.5519208419,10.6172314088,10.796686786,11.0999354579,11.1290027189,10.8787179281,10.6962406044,10.6057455595,10.181206826
44.2666666667,10.5906230022,10.5250981347,10.7680651273,10.7769530754,11.0865319982,11.1124862106,10.8583571801,10.6778780918,10.5864885512,10.1566750562
44.3666666667,10.5613948144,10.6653316129,10.7447195619,10.9400334002,11.0733265464,11.096202981,10.8382501203,10.6597926498,10.5667621581,10.3684632564
44.4666666667,10.5323068253,10.6383773426,10.7215174371,10.920003434,11.0603179759,11.0801513921,11.0309140291,10.6419820175,10.5470010647,10.3440871713
44.5666666667,10.6652073234,10.7776326763,10.8713060356,10.8999984349,11.2411085491,11.2695757731,11.0110000123,10.8416388904,10.527533146,10.3200277852
44.6666666667,10.6359598808,10.7505519562,10.8480419347,11.0618039595,11.2269730138,11.2537555238,10.9913447526,10.8241047484,10.5083558081,10.2962817137
44.7666666667,10.7678165705,10.7236101041,10.8249210052,11.041830153,11.2130359229,11.2381713187,10.9719460694,10.8068533371,10.7130545465,10.2728456381
44.8666666667,10.7384144072,10.8616394206,10.9736925427,11.022020889,11.1992961009,11.2219602203,10.9528018221,10.7898824692,10.6941576341,10.2497163038
44.9666666667,10.7091518843,10.8345764297,10.9505162674,11.0023748877,11.1857523941,11.2054048456,11.1445646277,10.7721585701,10.6754234817,10.2268905193
45.0666666667,10.8396881716,10.8076516174,10.9274828887,11.1632689009,11.3654013034,11.3924290124,11.1256406619,10.7538561502,10.653797786,10.4365543821
45.1666666667,10.8102757301,10.9444790826,11.075264901,11.1436651874,11.3520707118,11.3738163689,11.1069764664,10.9509567023,10.6321274456,10.412675048
45.2666666667,10.7810021423,10.9174382888,11.0521826691,11.1242254047,11.3389394787,11.354022567,11.0885699626,10.9329194609,10.6099573377,10.3891056546
45.3666666667,10.910240761,10.8905349737,11.0292430549,11.2843747134,11.3260065033,11.3333563441,11.0704191117,10.9151578158,10.8090718494,10.3658429666
45.4666666667,10.8808219115,11.0261857867,11.1760625734,11.2649863126,11.5053938905,11.3129200318,11.2614481243,10.8976696051,10.7871185336,10.3428838111
45.5666666667,10.851541121,10.9991715379,11.1530804676,11.2457625391,11.4926931955,11.4947631338,11.2430385778,10.8795329997,10.765460138,10.3202250761
45.6666666667,10.9795042774,10.9722940585,11.1302406975,11.2267021558,11.4801941825,11.474489215,11.2241288287,11.0736228612,10.7421076615,10.2978637095
45.7666666667,10.950082742,11.1067913846,11.2761242681,11.3860387919,11.4678958059,11.4544484046,11.2054780425,11.0543648821,10.7170629087,10.5045745591
45.8666666667,11.0770666408,11.0798078765,11.2532482435,11.3670407822,11.6470977093,11.4346388114,11.1870841664,11.0352932241,10.6923105827,10.4824321686
45.9666666667,11.0475086281,11.0529604199,11.2305142715,11.3482069047,11.6350508651,11.6156763055,11.3761589084,11.0156339349,10.8859929383,10.4605988644
46.0666666667,11.0180879939,11.1863269103,11.3754904625,11.5068803662,11.6232082781,11.5960459014,11.3580174942,10.9962488064,10.8614277604,10.4390716115
46.1666666667,11.1438342667,11.1593781919,11.3527264543,11.4881180485,11.6115689611,11.5766500739,11.3401385244,11.1885891724,10.8371629811,10.4178474357
46.2666666667,11.1142814224,11.291868209,11.3301042146,11.4695206388,11.7906667309,11.5574869843,11.3225200138,11.1694674612,10.8131955336,10.3969234222
46.3666666667,11.2390763808,11.2648226066,11.4741962982,11.6275617706,11.779298673,11.538554825,11.3051600159,11.1506272487,10.7895224074,10.6022297711
46.4666666667,11.2093953883,11.2379125866,11.4515500292,11.6090448698,11.7660888986,11.7188483745,11.4936690373,11.1320662516,10.7661406472,10.5815636477
46.5666666667,11.1798510354,11.3693119155,11.4290452459,11.5906936913,11.7517019015,11.7001182129,11.4750637833,11.1137822323,10.9576367547,10.5612098434
46.6666666667,11.3034454945,11.3423095725,11.5722809122,11.5725070569,11.9263272834,11.6807224836,11.4565479182,11.0957729987,10.9314564907,10.5411654769
46.7666666667,11.2737770335,11.315442063,11.5497581006,11.7298784177,11.9107784985,11.659714591,11.4382886872,11.2869623885,10.9055758309,10.5175649687
46.8666666667,11.2442443673,11.4457705097,11.5273764936,11.71178344,11.8942113819,11.6389375669,11.420284134,11.2680089741,10.8799916108,10.4942661326
46.9666666667,11.36665837,11.4188150746,11.6697781652,11.6937201964,11.8778497328,11.815708719,11.6065247012,11.2483009867,10.8547007217,10.471265886
47.0666666667,11.3370055167,11.3919937188,11.6473843304,11.8496113195,12.0503308519,11.7951087152,11.5887868152,11.2281814807,11.0424188174,10.6712606351
47.1666666667,11.458510793,11.5212737446,11.6251314227,11.8308610993,12.0341739329,11.7747426592,11.5709730218,11.2083378063,11.0173176041,10.6484830908
47.2666666667,11.4287415258,11.4943687794,11.7667259767,11.8122778057,12.0182250685,11.7546086757,11.5529112409,11.3963382284,10.992517367,10.6260153713
47.3666666667,11.3991072448,11.6228338027,11.744466648,11.7938602597,12.002364587,11.9306440719,11.5351030675,11.3767680691,10.9680150247,10.60385441
47.4666666667,11.5194662783,11.5958492343,11.722347973,11.9491108812,12.1731066303,11.9107033474,11.7199780342,11.3574808438,10.9438075519,10.5819972003
47.5666666667,11.4897192907,11.5689981803,11.8631595478,11.9307924807,12.1547621792,11.8909979321,11.7024428879,11.3384742496,10.9198919776,10.5604407948
47.6666666667,11.6091949286,11.6964504747,11.8410401698,11.9126406545,12.1366256425,11.8713270342,11.6851670839,11.3197460296,11.1062059804,10.539182304
47.7666666667,11.5793388299,11.6695239191,11.8190611777,12.0673567605,12.1186955677,11.8514225893,11.6681487776,11.3012939716,11.0825161968,10.7359298675
47.8666666667,11.5496168639,11.6427301012,11.9591135448,12.0493127312,12.2874800566,12.0260888376,11.651386161,11.4886853493,11.0591261878,10.7114053436
47.9666666667,11.6679799419,11.7691894139,11.9371394844,12.0314361487,12.2697390558,12.0063846548,11.8348717989,11.4684050935,11.035456337,10.6866602205
48.0666666667,11.6381523784,11.7423240873,11.9153055483,12.0137258818,12.2515605956,11.9869139486,11.8173298449,11.4469832484,11.0115014609,10.6622076319
48.1666666667,11.7556564667,11.8680094871,12.0546221274,12.167295711,12.232942647,11.9676749426,11.8000473542,11.425844516,10.9878345963,10.6380445521
48.2666666667,11.7257267328,11.8410763857,12.0327986798,12.1489055271,12.2145297125,11.9486658898,11.7830224982,11.4049864246,11.1717527128,10.6120473734
48.3666666667,11.6959302379,11.8142753965,12.0111151026,12.1306823267,12.381494512,12.1225426553,11.7662534848,11.5880865784,11.1483198951,10.8009219833
48.4666666667,11.8123534589,11.9390015069,12.1497189762,12.2835475414,12.3632672263,12.101289843,11.949243189,11.5658955423,11.1251829454,10.7732414192
48.5666666667,11.7824581176,11.912136541,12.1280513711,12.2654397594,12.3448527492,12.0788770146,11.9327790432,11.5429158324,11.1023390116,10.7458624649
48.6666666667,11.89804586,11.8854028943,12.1065233913,12.2474998247,12.3262498938,12.0559373353,11.9165768003,11.5202193276,11.0797852941,10.7187817934
48.7666666667,11.8680549403,12.0091899664,12.244437319,12.2297266182,12.4916551671,12.2245980124,11.9006347389,11.4978034371,11.2626534435,10.6919961358
48.8666666667,11.8381963299,11.9823960822,12.2229307269,12.3820734485,12.4726942576,12.2018334164,11.8849511744,11.6773463192,11.2403602722,10.6655022802
48.9666666667,11.9527344869,12.1054481249,12.2012014972,12.3644261209,12.4539405627,12.1793090414,11.8695244577,11.6551842952,11.2183654621,10.63929707
49.0666666667,11.9227834509,12.0785974885,12.3377711799,12.346946452,12.4353926307,12.1570228665,12.0513059449,11.6333090333,11.1946030836,10.8260755412
49.1666666667,12.0365087999,12.051877496,12.3157605676,12.4988607563,12.5991902666,12.1349729025,12.0341487693,11.6117179988,11.1711249163,10.8000402501
49.2666666667,12.0064684555,12.1740224079,12.2938909728,12.4815156496,12.5789482546,12.3028101503,12.0172563846,11.5904087038,11.1479282224,10.7743033917
49.3666666667,11.9765594586,12.1472492258,12.4297889709,12.4643391846,12.5589164768,12.280953878,12.0006269936,11.5693787063,11.3276932013,10.7485426727
49.4666666667,12.0892646282,12.1206058826,12.4079465601,12.4473302919,12.5390933896,12.2593364858,11.984258836,11.7471130954,11.3047401407,10.7217973565
49.5666666667,12.059269307,12.2418613805,12.386244881,12.5988156025,12.7012775224,12.2379560354,12.1647589926,11.7237781681,11.2820764824,10.69534063
49.6666666667,12.1711842922,12.2151683208,12.5212700761,12.5819518894,12.6816372852,12.4047538227,12.1487276862,11.7007268817,11.2596995212,10.8787631917
49.7666666667,12.1411056289,12.3357272234,12.4989630356,12.5652568064,12.6622075479,12.3826912014,12.1329637438,11.6779566468,11.2376066014,10.8524761145
49.8666666667,12.2522395676,12.3089877457,12.476798106,12.7163803781,12.6429868126,12.3608683496,12.1174654834,11.6554649197,11.4164305781,10.826487195
49.9666666667,12.2220804812,12.2823773909,12.6107548458,12.6994218107,12.8046650617,12.3392833209,12.1010116483,11.8301735226,11.394606936,10.8007932601
50.0666666667,12.1920516579,12.4020771551,12.5886227292,12.682355377,12.7856400191,12.3179342001,12.2784136624,11.8064636908,11.3730755443,10.7753911925
50.1666666667,12.3022057235,12.3754236949,12.5666323949,12.8324269088,12.7668259105,12.4835064428,12.2586751392,11.7823759846,11.3518337895,10.7502779299
50.2666666667,12.2720992296,12.4944493514,12.6999531374,12.8155155295,12.7479070185,12.4623704391,12.2391998385,11.7585660586,11.3304206426,10.9320794488
50.3666666667,12.3814930212,12.4677559473,12.6780005805,12.7983013557,12.7288815274,12.4410044436,12.2199857659,11.7350313389,11.3082213798,10.9071685412
50.4666666667,12.3513116437,12.4411909239,12.6561894903,12.7806734368,12.8894670386,12.419562264,12.2010309641,11.9073146745,11.4847053606,10.8825561631
50.5666666667,12.4599546124,12.5593883041,12.7888979429,12.9293085947,12.8706437088,12.3983543524,12.3743502834,11.8840223922,11.4627836508,10.8582392505
50.6666666667,12.4297010879,12.5327865385,12.7671296476,12.9118331259,12.8520298818,12.56251217,12.3516815484,11.8597196102,11.441153163,10.8342147951
50.7666666667,12.3995766701,12.6503315992,12.7455025166,12.8945296255,12.8336241394,12.5415228971,12.3291887799,11.8356948715,11.4177293013,10.8104798429
50.8666666667,12.5072780444,12.6236961241,12.8776170858,13.0428154233,12.9925742475,12.5199889636,12.3069593481,11.811945598,11.3932046117,10.9909178487
50.9666666667,12.4770840184,12.5971882639,12.8560376158,13.0256727685,12.972637365,12.4986895263,12.2849910438,11.7884692555,11.5653316213,10.9674198405
51.0666666667,12.5840543282,12.7139334087,12.8345990224,13.0087030948,12.9529118373,12.6614763724,12.4552602461,11.9585493811,11.5410529621,10.9442212717
51.1666666667,12.5537933081,12.6873948987,12.9661429212,12.9917698849,12.9333961728,12.6403962806,12.4335471849,11.9353247869,11.5170690956,10.9213192004
51.2666666667,12.6600408302,12.6609831806,12.9447569173,13.1387591656,13.0913646203,12.6195534887,12.4120996947,11.9123787509,11.4933771943,10.8987107395
51.3666666667,12.6297153758,12.7769425624,12.9235115176,13.1211629162,13.0720549788,12.5989461736,12.3909156219,11.8897087851,11.469974481,10.8763930562
51.4666666667,12.5995178098,12.750503143,13.0545052675,13.1037394381,13.0529570465,12.5785725415,12.3686091454,11.8658286901,11.4468582285,11.0557252088
51.5666666667,12.7048608844,12.8658445758,13.0333173481,13.2503944633,13.0340693782,12.7408266838,12.3456390228,12.0332271865,11.6180558207,11.033681222
51.6666666667,12.6746012338,12.8393803437,13.0122697763,13.2331376632,13.1916349858,12.7206913469,12.5129314891,12.0092090946,11.5952208799,11.0119382219
51.7666666667,12.7792403269,12.8130421152,13.1427336733,13.2160546313,13.1729657537,12.7007926771,12.4902065514,11.9854645285,11.5718280979,10.9904934018
51.8666666667,12.7489210381,12.927626337,13.1217484389,13.1991443262,13.1545087616,12.6811289335,12.4677444851,11.9619910064,11.5481575469,10.9693440094
51.9666666667,12.8528640298,12.9012661556,13.1009033128,13.345496975,13.1362626119,12.8429328723,12.4455430937,11.9387860886,11.5247740961,10.9484873459
52.0666666667,12.8224874985,13.0152525128,13.2308547794,13.3287635042,13.2934284513,12.821902991,12.4236002171,12.1053558135,11.6937338529,11.1269538391
52.1666666667,12.7922375842,12.988873156,13.210076712,13.3118173715,13.2738187763,12.8007923907,12.5902352131,12.0824052978,11.6706300918,11.1064073826
52.2666666667,12.8953107285,12.962618999,13.189438532,13.4559484559,13.2542775517,12.7799178663,12.5678840443,12.0597290647,11.6478208462,11.086164222
52.3666666667,12.8650057397,13.0758742959,13.3188999519,13.4375513901,13.2343694406,12.7592776239,12.5447829113,12.0373247179,11.6253034174,11.0662216993
52.4666666667,12.967400682,13.0496037022,13.2983336324,13.4193311209,13.2146714158,12.9186674399,12.5219382325,12.0151899021,11.6030751565,11.0465772109
52.5666666667,12.9370429094,13.1622805985,13.2779069984,13.4011450409,13.3691951043,12.8982700322,12.4993478553,12.1810688168,11.5811334631,11.0272282066
52.6666666667,13.0387679193,13.1359962402,13.4068980572,13.5430632136,13.3497130777,12.8781098069,12.6636308619,12.1592109332,11.7493927592,11.2050986594
52.7666666667,13.0083596142,13.109836265,13.3862595072,13.5228324514,13.3296176045,12.856437618,12.641290377,12.1376284872,11.7277660819,11.1861005441
52.8666666667,13.1094213432,13.2218074362,13.3656889873,13.5027804159,13.3096416951,13.013412939,12.6192084046,12.1163191728,11.7064336682,11.1674089017
52.9666666667,13.0789647032,13.1956363217,13.4938586399,13.6437495816,13.4628534912,12.9917765729,12.5973828404,12.0952807254,11.6853929693,11.1490212386
53.0666666667,13.0486331661,13.307049576,13.4733669545,13.6238552211,13.4430950379,12.97037862,12.5758116152,12.2606148303,11.6646414853,11.1309351156
53.1666666667,13.1488683909,13.2808699357,13.6011484385,13.6037744767,13.4235496221,12.9492172554,12.7395062362,12.2376886387,11.8323743678,11.1131481463
53.2666666667,13.118490475,13.3917316553,13.580739552,13.5837804446,13.4042157986,12.9282906828,12.718204244,12.2141024595,11.8119650484,11.2906698647
53.3666666667,13.2180799984,13.3655460177,13.5604714301,13.7238917077,13.5570679589,13.0847834687,12.6971610158,12.1907920464,11.7918529645,11.2732749535
53.4666666667,13.1876578135,13.3394839262,13.6878217946,13.7040586984,13.5379631928,13.0641039915,12.6763745346,12.1677549613,11.7720356776,11.2561907041
53.5666666667,13.2866087026,13.4496765278,13.6676411362,13.6844043715,13.5190718737,13.0436621095,12.6558428176,12.1449888079,11.7525107978,11.2385151433
53.6666666667,13.2561443158,13.423610949,13.6476010715,13.8241559606,13.5003926035,13.0234560786,12.8190685422,12.3065699441,11.9198791537,11.2194260062
53.7666666667,13.354463539,13.5332701305,13.7741351137,13.8036601942,13.6529435698,13.0034841827,12.7986811033,12.2840894602,11.9007245929,11.2006271882
53.8666666667,13.3239589753,13.5072035016,13.7535143283,13.7833441621,13.6345051963,13.15959503,12.7772496889,12.2618854524,11.8818708317,11.3752618865
53.9666666667,13.4216534045,13.4812595747,13.7324864194,13.763206668,13.6162808621,13.1397125748,12.7560764419,12.2397129643,11.8633155521,11.3568245478
54.0666666667,13.3911106481,13.5902732342,13.8577457012,13.9015681563,13.5982692174,13.1193658852,12.7351593487,12.2155425787,11.845056485,11.3386886568
54.1666666667,13.3606911759,13.5643306701,13.8367754237,13.8811667493,13.7505725044,13.0992538823,12.8965044948,12.3728490677,11.8270914094,11.3208518649
54.2666666667,13.4576080546,13.6728301044,13.8159470782,13.8609442827,13.7328135052,13.2541299736,12.8749832114,12.3477940795,11.9943551849,11.3033118749
54.3666666667,13.4271521011,13.6468912954,13.9407834435,13.998388355,13.7148595832,13.2342829228,12.8533394502,12.3230133834,11.9767997084,11.2852501288
54.4666666667,13.5234605454,13.6210743394,13.9200462972,13.9770456218,13.6957964992,13.2143590498,12.8319542148,12.2985044754,11.9595470784,11.4579707474
54.5666666667,13.4929700178,13.7289496057,13.8994508482,13.9557027723,13.6757670701,13.194198577,12.8108254831,12.2742648926,11.942595158,11.4394581958
54.6666666667,13.588675836,13.7031386853,14.0238853628,13.9341171521,13.8249310679,13.1742711752,12.9703495146,12.4308277809,11.9259418584,11.4212465278
54.7666666667,13.5581525949,13.8105168152,14.00338563,14.068951564,13.8051377211,13.3280492946,12.9484490541,12.4068559804,12.0931966916,11.4014367674
54.8666666667,13.6532630157,13.7847142417,13.9830273821,14.0467996215,13.7855604084,13.3072181401,12.9268082527,12.3831585953,12.0769840702,11.3811118971
54.9666666667,13.6227088923,13.8916024636,14.107075725,14.0248306559,13.766197696,13.2858405951,12.9054250729,12.3597332055,12.0610794136,11.3610825018
55.0666666667,13.7172295489,13.8658105116,14.086817597,14.1589676343,13.9150734175,13.2641307342,12.8842975113,12.3365774314,12.0454807296,11.5307167955
55.1666666667,13.6866463299,13.8401395233,14.0667007657,14.137159215,13.8959578905,13.4141300162,13.0403593054,12.4919930562,12.0301860747,11.5110481719
55.2666666667,13.7805842727,13.9464368782,14.1903810282,14.115405158,13.8770587746,13.3912523565,13.0144679622,12.4668772853,12.1976027229,11.4916855094
55.3666666667,13.7499737168,13.9207787082,14.1703687195,14.0935324405,13.8583746845,13.3673217473,12.9888390045,12.4420335001,12.1827814869,11.472626309
55.4666666667,13.8433351661,14.0266026072,14.1504975438,14.2268299852,14.0070132646,13.3436238758,12.9634701135,12.4174592374,12.1676246881,11.4538681244
55.5666666667,13.8126989967,14.0009594557,14.2738276931,14.2051205954,13.9885873684,13.3201568784,12.9383590061,12.3931520739,12.1518023779,11.4354085612
55.6666666667,13.7821836713,13.9754364104,14.2540654456,14.1835934442,13.9703784513,13.4677717154,13.0907476873,12.5461915427,12.136285413,11.6047699451
55.7666666667,13.8748299949,14.080692522,14.377091725,14.3165236267,13.952385178,13.4445294582,13.0658800331,12.5221559134,12.1210718796,11.5867102022
55.8666666667,13.8442904804,14.0551866561,14.3574420818,14.295165921,14.1008479029,13.4215203295,13.0412735791,12.4983923654,12.2872650373,11.5689600382
55.9666666667,13.9363744203,14.1599853559,14.3379341694,14.2739907474,14.0824946101,13.3987425086,13.0169260868,12.4742878184,12.2725350148,11.5515171282
56.0666666667,13.9058123678,14.1344987998,14.460644099,14.2529968883,14.0629144266,13.5458616997,12.9928353527,12.4498394452,12.258118309,11.5324358945
56.1666666667,13.997339868,14.2388468537,14.4412533093,14.3855754934,14.0432903024,13.5233195605,13.1441036904,12.6010430011,12.244013116,11.5136540409
56.2666666667,13.9667568954,14.2133817057,14.4220041529,14.3647585806,14.023880291,13.4990732031,13.1182180828,12.5768677615,12.2302176812,11.680930826
56.3666666667,14.0577338208,14.1880357566,14.5444128762,14.3441233482,14.16983317,13.4750598369,13.0925921201,12.5529641355,12.3967680382,11.6600956234
56.4666666667,14.0271315141,14.2918457696,14.5252852636,14.476387242,14.1506777999,13.4512775945,13.0672235277,12.5293297448,12.3834894702,11.6389485793
56.5666666667,14.1175636514,14.2665232835,14.5062992153,14.4559349662,14.1317383365,13.5959483787,13.0421100656,12.5059622505,12.3705311694,11.6180996136
56.6666666667,14.0869435648,14.3698980899,14.6284243167,14.4351399273,14.1130134196,13.5723944139,13.1911558726,12.6566169742,12.3578915063,11.5975461679
56.7666666667,14.1768366245,14.3446011011,14.6095642499,14.4138405197,14.258018429,13.5490737147,13.1662887681,12.6335434262,12.3455689019,11.577285734
56.8666666667,14.1462002815,14.4475488293,14.5908457075,14.5445870602,14.2378308016,13.5259844565,13.1416801374,12.610741847,12.5110479653,11.741119047
56.9666666667,14.2355606549,14.422279385,14.7127046939,14.523468395,14.217525613,13.6701764394,13.1173277836,12.5882099439,12.4976719717,11.7212264131
57.0666666667,14.2049095568,14.3971282265,14.6941165914,14.5025324045,14.1971010674,13.6473258534,13.093229544,12.5659454631,12.4840370979,11.7016369763
57.1666666667,14.2937420614,14.4995649884,14.6751577326,14.6329730478,14.3402023913,13.6247089717,13.2416900199,12.7161640234,12.4683930183,11.6823482793
57.2666666667,14.2630776717,14.4744432912,14.7958760614,14.6122235929,14.3200182316,13.602324014,13.2171294234,12.6942140028,12.4530547797,11.6633579157
57.3666666667,14.3513885506,14.5764678636,14.7766141906,14.5916571777,14.3000469121,13.5790772184,13.192515695,12.6725366926,12.4380205379,11.6440071581
57.4666666667,14.3207123118,14.5513776164,14.7574942868,14.5702781305,14.2802870478,13.7210149542,13.1681569922,12.6511298907,12.6011455588,11.8053956985
57.5666666667,14.408506994,14.6529963136,14.8778863864,14.6993221622,14.4231392758,13.697271768,13.1440511712,12.6299914336,12.5866043727,11.7848821777
57.6666666667,14.3778203201,14.6279394784,14.858897773,14.6780168001,14.4036295843,13.6737612837,13.2909344178,12.7799024756,12.5705533937,11.7646739691
57.7666666667,14.46510341,14.6030000156,14.8400510743,14.6568945165,14.3843331068,13.6504816857,13.2670922781,12.7591005198,12.5530448464,11.7447685415
57.8666666667,14.434407679,14.7041354166,14.9601943497,14.7856479228,14.3652485032,13.7919671806,13.2435064871,12.7367462795,12.5335118092,11.7230698785
57.9666666667,14.5211852059,14.679231196,14.9414832671,14.7647156925,14.3463744535,13.7689297096,13.2201749463,12.7143093549,12.6908618253,11.6989928899
58.0666666667,14.4904817767,14.7799750826,15.0613974226,14.7439668722,14.489031057,13.7461253064,13.1970955901,12.8616926596,12.6717277354,11.8551894248
58.1666666667,14.5767589613,14.755108013,15.0428255129,14.8724500339,14.4692142225,13.7235521994,13.3435185817,12.8395685336,12.6528930011,11.8314228121
58.2666666667,14.5460491659,14.855466482,15.0243962917,14.851841887,14.4496077528,13.7012086432,13.3207192229,12.8177165443,12.6343554562,11.8079537847
58.3666666667,14.6318311619,14.8306384479,15.1440911878,14.8309223785,14.4302103152,13.8423179901,13.2981756908,12.7961345036,12.6161129796,11.7847795832
58.4666666667,14.6011163061,14.8059268773,15.1258055033,14.8101858371,14.5707387874,13.8202307446,13.2758859682,12.7748202611,12.598163495,11.7618974985
58.5666666667,14.686408201,14.9058303962,15.1076625363,14.9378788492,14.5500423791,13.7983753776,13.2538480702,12.921917785,12.7556053153,11.7393048706
58.6666666667,14.6556895647,14.8811596561,15.2271578099,14.9173405785,14.5295564714,13.7767501888,13.399911286,12.9009376752,12.7380894359,11.8949050937
58.7666666667,14.7404963808,14.98069167,15.2091628904,14.8969856596,14.508758493,13.9166156574,13.3781701965,12.8802308261,12.7195689727,11.8726531842
58.8666666667,14.7097752189,14.9560635964,15.1907386478,15.0240512183,14.6466892761,13.8925106237,13.3566847676,12.8597951431,12.7005853083,11.8506998308
58.9666666667,14.7941026667,15.0552299993,15.3092394594,15.00334412,14.6243295239,13.8685043215,13.3354530654,12.8396285692,12.6800815,11.8290424086
59.0666666667,14.7633802174,15.0306464062,15.2904056905,14.9828210862,14.6021807539,13.8447295998,13.3131594697,12.9864376796,12.659858647,11.8076783419
59.1666666667,14.8472324539,15.0061783767,15.271715603,14.9624809668,14.5802415054,13.8211846585,13.457280486,12.9653382054,12.8134799994,11.7866051041
59.2666666667,14.8165099228,15.1049157136,15.3896815819,15.0891676156,14.5585103377,13.9586966901,13.4349431589,12.9445117009,12.7931266864,11.941822391
59.3666666667,14.8998917815,15.0804938905,15.3711397548,15.0690336797,14.6953889452,13.9354009544,13.4128569073,12.9239560734,12.771856307,11.9211227112
59.4666666667,14.8691703507,15.1788790696,15.3527416071,15.0490830999,14.6738918431,13.9123370446,13.3910198027,12.903669268,12.7508708707,11.9007232825
59.5666666667,14.9520873557,15.1545052231,15.4705172869,15.1755670305,14.6526042068,13.8895032037,13.3694299475,13.0491783803,12.7301681374,11.8806216263
59.6666666667,14.9213681923,15.2525455858,15.4522716522,15.1558285041,14.6315246355,14.0266508029,13.5132446136,13.0292504037,12.8818587073,11.8608153129
59.7666666667,15.0038243175,15.2282215088,15.4341697287,15.1362738361,14.7680476284,14.0040761244,13.4919556409,13.0095968936,12.8615355422,12.0157639524
59.8666666667,14.9731085572,15.3259211133,15.5517715597,15.1169019322,14.746317431,13.9817336822,13.4709178324,12.9902158562,12.841503055,11.9963546404
59.9666666667,15.055109208,15.301648536,15.5338264401,15.2422309857,14.7247974287,13.959621764,13.4501293394,12.9711053351,12.8217590594,11.9772504718
